{
    "Instance": "Center486_G16",
    "Objective": 201,
    "Infeasibility": 0.00797458668522797,
    "Starting Time": 1711820506.4506655,
    "Time Taken": 120.01277947425842,
    "Initialization Time": 96.43643116950989,
    "nrEliteSolutions": 20,
    "i_max": 500,
    "nrDistricts": 10,
    "delta": 0.05,
    "llambda": 0.7,
    "rcl_parameter": 0.3,
    "Allocation": {
        "0": [
            "89",
            "90",
            "62",
            "35",
            "36",
            "8",
            "60",
            "34",
            "37",
            "59",
            "33",
            "87",
            "6",
            "38",
            "10",
            "58",
            "65",
            "31",
            "39",
            "114",
            "141",
            "30",
            "84",
            "56",
            "12",
            "115",
            "54",
            "194",
            "82",
            "111",
            "142",
            "13",
            "83",
            "163",
            "138",
            "15",
            "164",
            "1",
            "109",
            "108",
            "0",
            "14",
            "28",
            "2",
            "162",
            "332",
            "351"
        ],
        "1": [
            "717",
            "718",
            "691",
            "664",
            "665",
            "638",
            "639",
            "611",
            "693",
            "667",
            "612",
            "610",
            "668",
            "641",
            "613",
            "585",
            "720",
            "669",
            "642",
            "614",
            "670",
            "586",
            "671",
            "587",
            "698",
            "722",
            "560",
            "672",
            "644",
            "617",
            "645",
            "646",
            "699",
            "696",
            "616",
            "726",
            "721",
            "673",
            "619",
            "725",
            "724",
            "723",
            "480",
            "208",
            "262",
            "235"
        ],
        "2": [
            "70",
            "69",
            "68",
            "95",
            "94",
            "122",
            "121",
            "149",
            "120",
            "150",
            "152",
            "151",
            "125",
            "153",
            "98",
            "99",
            "180",
            "155",
            "45",
            "72",
            "128",
            "209",
            "182",
            "18",
            "129",
            "183",
            "210",
            "237",
            "46",
            "102",
            "130",
            "103",
            "104",
            "75",
            "76",
            "48",
            "22",
            "50",
            "74",
            "21",
            "20",
            "77",
            "201",
            "231",
            "202",
            "290",
            "253",
            "345"
        ],
        "3": [
            "712",
            "685",
            "683",
            "710",
            "656",
            "682",
            "655",
            "629",
            "628",
            "602",
            "653",
            "708",
            "601",
            "707",
            "575",
            "679",
            "574",
            "678",
            "652",
            "677",
            "704",
            "676",
            "705",
            "649",
            "651",
            "648",
            "650",
            "675",
            "624",
            "600",
            "621",
            "597",
            "594",
            "599",
            "567",
            "702",
            "623",
            "568",
            "572",
            "545",
            "573",
            "541",
            "514",
            "542",
            "595",
            "515",
            "569",
            "703",
            "681",
            "435"
        ],
        "4": [
            "283",
            "311",
            "338",
            "310",
            "366",
            "365",
            "367",
            "394",
            "395",
            "396",
            "397",
            "423",
            "450",
            "424",
            "398",
            "451",
            "370",
            "449",
            "399",
            "371",
            "477",
            "343",
            "426",
            "344",
            "372",
            "316",
            "401",
            "317",
            "346",
            "319",
            "478",
            "342",
            "318",
            "505",
            "504",
            "532",
            "533",
            "558",
            "154",
            "694",
            "615",
            "484",
            "233",
            "232",
            "296"
        ],
        "5": [
            "606",
            "579",
            "552",
            "525",
            "498",
            "471",
            "526",
            "499",
            "444",
            "470",
            "500",
            "445",
            "443",
            "501",
            "416",
            "418",
            "419",
            "389",
            "388",
            "386",
            "387",
            "413",
            "440",
            "359",
            "358",
            "357",
            "330",
            "331",
            "467",
            "466",
            "465",
            "494",
            "493",
            "520",
            "439",
            "521",
            "329",
            "438",
            "437",
            "411",
            "491",
            "490",
            "654",
            "244",
            "168",
            "680",
            "684",
            "626",
            "169",
            "280",
            "277"
        ],
        "6": [
            "24",
            "25",
            "52",
            "53",
            "80",
            "106",
            "79",
            "107",
            "133",
            "160",
            "187",
            "161",
            "132",
            "213",
            "159",
            "214",
            "212",
            "241",
            "240",
            "268",
            "242",
            "239",
            "269",
            "211",
            "295",
            "294",
            "184",
            "238",
            "157",
            "323",
            "266",
            "322",
            "265",
            "349",
            "320",
            "49",
            "509",
            "291",
            "566",
            "350",
            "539",
            "512",
            "255",
            "481",
            "236",
            "230",
            "228",
            "400"
        ],
        "7": [
            "229",
            "254",
            "279",
            "278",
            "251",
            "304",
            "276",
            "224",
            "303",
            "275",
            "249",
            "197",
            "196",
            "274",
            "248",
            "301",
            "170",
            "273",
            "247",
            "195",
            "171",
            "300",
            "246",
            "327",
            "219",
            "192",
            "193",
            "144",
            "271",
            "217",
            "113",
            "216",
            "166",
            "325",
            "221",
            "298",
            "167",
            "243",
            "140",
            "434",
            "136",
            "436",
            "406",
            "461",
            "353",
            "61",
            "625",
            "546",
            "598",
            "464"
        ],