{
    "Instance": "Center486_G24",
    "Objective": 232,
    "Infeasibility": 0.022534507601564814,
    "Starting Time": 1711820626.4882514,
    "Time Taken": 118.69177985191345,
    "Initialization Time": 94.2560408115387,
    "nrEliteSolutions": 20,
    "i_max": 500,
    "nrDistricts": 10,
    "delta": 0.05,
    "llambda": 0.7,
    "rcl_parameter": 0.3,
    "Allocation": {
        "0": [
            "342",
            "369",
            "316",
            "370",
            "340",
            "289",
            "344",
            "317",
            "290",
            "423",
            "345",
            "398",
            "262",
            "263",
            "372",
            "450",
            "373",
            "264",
            "346",
            "319",
            "425",
            "399",
            "292",
            "293",
            "400",
            "374",
            "267",
            "239",
            "240",
            "401",
            "347",
            "427",
            "426",
            "428",
            "294",
            "348",
            "365",
            "394",
            "364",
            "417",
            "416",
            "421",
            "393",
            "422",
            "320",
            "481",
            "482",
            "593",
            "619",
            "669"
        ],
        "1": [
            "717",
            "716",
            "715",
            "688",
            "661",
            "660",
            "633",
            "606",
            "632",
            "631",
            "607",
            "608",
            "603",
            "602",
            "635",
            "601",
            "575",
            "629",
            "656",
            "628",
            "548",
            "655",
            "600",
            "683",
            "572",
            "684",
            "521",
            "573",
            "681",
            "545",
            "626",
            "544",
            "680",
            "494",
            "520",
            "679",
            "519",
            "710",
            "652",
            "651",
            "677",
            "596",
            "676",
            "703",
            "407",
            "515",
            "358",
            "326"
        ],
        "2": [
            "0",
            "1",
            "27",
            "28",
            "29",
            "30",
            "3",
            "57",
            "31",
            "4",
            "32",
            "58",
            "84",
            "5",
            "33",
            "111",
            "6",
            "83",
            "34",
            "60",
            "82",
            "7",
            "110",
            "138",
            "109",
            "136",
            "163",
            "162",
            "189",
            "190",
            "8",
            "137",
            "108",
            "217",
            "244",
            "243",
            "379",
            "354",
            "518",
            "488",
            "410",
            "460",
            "627",
            "489",
            "272",
            "597",
            "598",
            "433",
            "194",
            "220"
        ],
        "3": [
            "309",
            "282",
            "281",
            "255",
            "280",
            "228",
            "201",
            "253",
            "307",
            "174",
            "173",
            "172",
            "145",
            "251",
            "277",
            "276",
            "250",
            "275",
            "302",
            "248",
            "329",
            "331",
            "273",
            "300",
            "383",
            "355",
            "299",
            "385",
            "384",
            "382",
            "412",
            "298",
            "381",
            "439",
            "409",
            "297",
            "352",
            "437",
            "274",
            "198",
            "120",
            "121",
            "119",
            "92",
            "65"
        ],
        "4": [
            "513",
            "486",
            "540",
            "514",
            "487",
            "459",
            "541",
            "567",
            "568",
            "432",
            "542",
            "516",
            "461",
            "569",
            "594",
            "462",
            "406",
            "517",
            "621",
            "622",
            "571",
            "463",
            "491",
            "492",
            "490",
            "438",
            "493",
            "648",
            "380",
            "325",
            "623",
            "649",
            "650",
            "351",
            "675",
            "408",
            "353",
            "466",
            "702",
            "413",
            "705",
            "356",
            "139",
            "678",
            "88",
            "330"
        ],
        "5": [
            "700",
            "727",
            "699",
            "673",
            "645",
            "698",
            "672",
            "697",
            "725",
            "670",
            "724",
            "620",
            "618",
            "644",
            "696",
            "565",
            "591",
            "668",
            "642",
            "695",
            "641",
            "723",
            "511",
            "722",
            "643",
            "484",
            "617",
            "510",
            "616",
            "590",
            "563",
            "456",
            "429",
            "483",
            "430",
            "402",
            "431",
            "418",
            "133",
            "350",
            "338",
            "213",
            "318",
            "397",
            "371",
            "396",
            "504",
            "343"
        ],
        "6": [
            "11",
            "13",
            "12",
            "14",
            "40",
            "15",
            "67",
            "94",
            "149",
            "122",
            "176",
            "118",
            "177",
            "204",
            "205",
            "232",
            "234",
            "207",
            "233",
            "180",
            "208",
            "235",
            "236",
            "181",
            "153",
            "182",
            "183",
            "126",
            "99",
            "210",
            "98",
            "72",
            "45",
            "73",
            "74",
            "18",
            "19",
            "158",
            "341",
            "266",
            "269",
            "50",
            "107",
            "321",
            "157",
            "261",
            "103",
            "452",
            "48"
        ],
        "7": [
            "525",
            "498",
            "471",
            "472",
            "473",
            "474",
            "501",
            "475",
            "528",
            "529",
            "530",
            "531",
            "558",
            "559",
            "585",
            "560",
            "505",
            "586",
            "612",
            "506",
            "478",
            "639",
            "613",
            "479",
            "666",
            "667",
            "451",
            "638",
            "693",
            "694",
            "507",
            "614",
            "640",
            "721",
            "615",
            "588",
            "534",
            "589",
            "562",
            "720",
            "453",
            "671",
            "156",
            "646",
            "241",
            "403",
            "259",
            "536",
            "674",
            "728",
            "538",
            "322",
            "349",
            "485"
        ],