{
    "Instance": "Center486_G26",
    "Objective": 195,
    "Infeasibility": 0.0015217893833565444,
    "Starting Time": 1711820751.835705,
    "Time Taken": 120.74037027359009,
    "Initialization Time": 97.16230010986328,
    "nrEliteSolutions": 20,
    "i_max": 500,
    "nrDistricts": 10,
    "delta": 0.05,
    "llambda": 0.7,
    "rcl_parameter": 0.3,
    "Allocation": {
        "0": [
            "538",
            "511",
            "537",
            "512",
            "510",
            "484",
            "564",
            "536",
            "563",
            "591",
            "457",
            "535",
            "430",
            "458",
            "590",
            "431",
            "592",
            "376",
            "402",
            "618",
            "375",
            "533",
            "589",
            "617",
            "644",
            "588",
            "616",
            "615",
            "374",
            "619",
            "643",
            "347",
            "593",
            "506",
            "620",
            "349",
            "647",
            "350",
            "322",
            "323",
            "296",
            "295",
            "268",
            "242",
            "78",
            "317",
            "106",
            "133",
            "267"
        ],
        "1": [
            "0",
            "54",
            "28",
            "27",
            "29",
            "55",
            "56",
            "82",
            "2",
            "57",
            "58",
            "83",
            "84",
            "31",
            "85",
            "111",
            "59",
            "4",
            "110",
            "32",
            "86",
            "137",
            "138",
            "33",
            "5",
            "113",
            "164",
            "34",
            "6",
            "114",
            "7",
            "61",
            "115",
            "60",
            "142",
            "35",
            "136",
            "62",
            "89",
            "8",
            "135",
            "162",
            "88",
            "141",
            "108",
            "9",
            "516"
        ],
        "2": [
            "578",
            "605",
            "606",
            "633",
            "660",
            "659",
            "658",
            "631",
            "630",
            "629",
            "656",
            "602",
            "601",
            "683",
            "655",
            "574",
            "575",
            "682",
            "710",
            "681",
            "548",
            "654",
            "709",
            "521",
            "520",
            "653",
            "708",
            "652",
            "599",
            "626",
            "679",
            "572",
            "678",
            "680",
            "546",
            "545",
            "707",
            "547",
            "711",
            "573",
            "705",
            "468",
            "359",
            "411",
            "384",
            "436",
            "438",
            "380",
            "597",
            "358"
        ],
        "3": [
            "524",
            "525",
            "552",
            "553",
            "554",
            "527",
            "555",
            "500",
            "473",
            "472",
            "418",
            "417",
            "445",
            "416",
            "415",
            "414",
            "386",
            "413",
            "387",
            "440",
            "385",
            "467",
            "439",
            "383",
            "466",
            "494",
            "493",
            "382",
            "355",
            "492",
            "409",
            "328",
            "381",
            "327",
            "407",
            "326",
            "250",
            "251",
            "490",
            "330",
            "435",
            "364",
            "248",
            "224",
            "491",
            "519"
        ],
        "4": [
            "311",
            "284",
            "282",
            "283",
            "255",
            "228",
            "309",
            "202",
            "227",
            "201",
            "175",
            "148",
            "176",
            "177",
            "121",
            "122",
            "178",
            "94",
            "204",
            "179",
            "95",
            "67",
            "206",
            "231",
            "180",
            "181",
            "154",
            "66",
            "207",
            "65",
            "38",
            "209",
            "236",
            "235",
            "234",
            "210",
            "183",
            "184",
            "157",
            "37",
            "130",
            "158",
            "49",
            "423",
            "269",
            "76",
            "16",
            "101",
            "188",
            "397"
        ],
        "5": [
            "18",
            "17",
            "19",
            "45",
            "46",
            "72",
            "99",
            "47",
            "74",
            "48",
            "75",
            "100",
            "126",
            "128",
            "102",
            "103",
            "22",
            "155",
            "129",
            "77",
            "50",
            "104",
            "131",
            "23",
            "132",
            "79",
            "80",
            "24",
            "160",
            "161",
            "25",
            "26",
            "134",
            "107",
            "51",
            "187",
            "53",
            "52",
            "214",
            "105",
            "213",
            "215",
            "346",
            "483",
            "426",
            "403",
            "399",
            "366",
            "367"
        ],
        "6": [
            "459",
            "513",
            "486",
            "487",
            "488",
            "540",
            "514",
            "515",
            "541",
            "567",
            "489",
            "568",
            "542",
            "569",
            "543",
            "596",
            "622",
            "462",
            "621",
            "649",
            "463",
            "624",
            "437",
            "598",
            "464",
            "410",
            "571",
            "676",
            "675",
            "703",
            "677",
            "702",
            "651",
            "434",
            "433",
            "704",
            "406",
            "379",
            "352",
            "325",
            "378",
            "324",
            "353",
            "244",
            "276",
            "190",
            "600"
        ],
        "7": [
            "716",
            "689",
            "690",
            "691",
            "719",
            "718",
            "720",
            "693",
            "721",
            "694",
            "695",
            "722",
            "666",
            "667",
            "723",
            "724",
            "668",
            "639",
            "697",
            "725",
            "670",
            "669",
            "612",
            "698",
            "726",
            "699",
            "672",
            "727",
            "645",
            "585",
            "613",
            "646",
            "642",
            "558",
            "586",
            "559",
            "532",
            "560",
            "505",
            "561",
            "531",
            "504",
            "477",
            "700",
            "503",
            "502",
            "701",
            "475",
            "539",
            "479"
        ],