{
    "Instance": "Center486_G18",
    "Objective": 204,
    "Infeasibility": 0.011611735667919062,
    "Starting Time": 1711820987.8274345,
    "Time Taken": 120.77210640907288,
    "Initialization Time": 97.38299369812012,
    "nrEliteSolutions": 20,
    "i_max": 500,
    "nrDistricts": 10,
    "delta": 0.05,
    "llambda": 0.7,
    "rcl_parameter": 0.3,
    "Allocation": {
        "0": [
            "564",
            "591",
            "566",
            "618",
            "590",
            "538",
            "593",
            "539",
            "619",
            "617",
            "645",
            "484",
            "672",
            "644",
            "620",
            "643",
            "510",
            "699",
            "642",
            "673",
            "670",
            "669",
            "700",
            "726",
            "456",
            "727",
            "667",
            "639",
            "728",
            "725",
            "697",
            "429",
            "668",
            "694",
            "721",
            "693",
            "722",
            "723",
            "720",
            "718",
            "695",
            "719",
            "724",
            "430",
            "263",
            "636",
            "289",
            "507",
            "674",
            "504"
        ],
        "1": [
            "0",
            "28",
            "27",
            "29",
            "55",
            "30",
            "57",
            "3",
            "58",
            "85",
            "4",
            "31",
            "59",
            "5",
            "32",
            "60",
            "6",
            "112",
            "33",
            "111",
            "7",
            "87",
            "34",
            "139",
            "138",
            "35",
            "137",
            "164",
            "110",
            "8",
            "163",
            "114",
            "162",
            "109",
            "191",
            "135",
            "218",
            "108",
            "245",
            "189",
            "244",
            "246",
            "81",
            "216",
            "136",
            "325"
        ],
        "2": [
            "686",
            "687",
            "660",
            "633",
            "605",
            "579",
            "606",
            "604",
            "631",
            "657",
            "656",
            "658",
            "629",
            "683",
            "655",
            "628",
            "710",
            "602",
            "709",
            "682",
            "575",
            "601",
            "654",
            "681",
            "574",
            "708",
            "547",
            "707",
            "546",
            "548",
            "653",
            "680",
            "521",
            "600",
            "599",
            "679",
            "706",
            "520",
            "522",
            "494",
            "467",
            "444",
            "497",
            "472",
            "649"
        ],
        "3": [
            "230",
            "204",
            "177",
            "203",
            "179",
            "178",
            "152",
            "154",
            "153",
            "126",
            "181",
            "127",
            "99",
            "100",
            "182",
            "72",
            "235",
            "73",
            "129",
            "209",
            "236",
            "71",
            "207",
            "74",
            "70",
            "101",
            "130",
            "157",
            "184",
            "46",
            "156",
            "47",
            "19",
            "291",
            "265",
            "18",
            "232",
            "284",
            "20",
            "285",
            "45",
            "258",
            "259",
            "241",
            "53",
            "160",
            "268",
            "105",
            "22",
            "376",
            "262",
            "395"
        ],
        "4": [
            "255",
            "254",
            "227",
            "281",
            "308",
            "335",
            "362",
            "364",
            "363",
            "365",
            "366",
            "394",
            "393",
            "396",
            "397",
            "423",
            "369",
            "450",
            "398",
            "342",
            "370",
            "399",
            "343",
            "341",
            "372",
            "315",
            "340",
            "344",
            "316",
            "313",
            "317",
            "481",
            "237",
            "534",
            "561",
            "455",
            "558",
            "211",
            "210",
            "509",
            "208",
            "234",
            "290",
            "260",
            "641",
            "458",
            "348",
            "261"
        ],
        "5": [
            "378",
            "405",
            "406",
            "433",
            "380",
            "434",
            "435",
            "409",
            "436",
            "381",
            "410",
            "354",
            "462",
            "411",
            "463",
            "383",
            "300",
            "490",
            "356",
            "385",
            "301",
            "491",
            "357",
            "358",
            "384",
            "274",
            "329",
            "247",
            "304",
            "332",
            "386",
            "359",
            "302",
            "333",
            "273",
            "272",
            "271",
            "270",
            "298",
            "324",
            "443",
            "328",
            "440",
            "441",
            "442",
            "675"
        ],
        "6": [
            "40",
            "66",
            "39",
            "93",
            "120",
            "147",
            "119",
            "173",
            "174",
            "172",
            "171",
            "170",
            "169",
            "197",
            "143",
            "196",
            "168",
            "167",
            "116",
            "223",
            "224",
            "195",
            "141",
            "115",
            "89",
            "90",
            "251",
            "222",
            "249",
            "88",
            "276",
            "221",
            "220",
            "194",
            "193",
            "248",
            "62",
            "278",
            "250",
            "303",
            "305",
            "219",
            "243",
            "331",
            "56",
            "407",
            "297",
            "355",
            "408",
            "327"
        ],
        "7": [
            "637",
            "609",
            "582",
            "583",
            "556",
            "557",
            "585",
            "531",
            "559",
            "532",
            "533",
            "503",
            "506",
            "535",
            "479",
            "508",
            "452",
            "536",
            "562",
            "588",
            "480",
            "425",
            "453",
            "454",
            "426",
            "587",
            "424",
            "614",
            "613",
            "427",
            "400",
            "373",
            "401",
            "374",
            "346",
            "345",
            "318",
            "319",
            "292",
            "646",
            "264",
            "640",
            "616",
            "403",
            "483",
            "238",
            "717",
            "482",
            "511"
        ],