{
    "Instance": "Center486_G5",
    "Objective": 181,
    "Infeasibility": 0.0,
    "Starting Time": 1692555791.1817808,
    "Time Taken": 132.8574628829956,
    "Initialization Time": 106.03611969947815,
    "nrEliteSolutions": 20,
    "i_max": 500,
    "nrDistricts": 10,
    "delta": 0.05,
    "llambda": 0.7,
    "rcl_parameter": 0.3,
    "Allocation": {
        "0": [
            "609",
            "636",
            "555",
            "635",
            "583",
            "663",
            "634",
            "584",
            "690",
            "661",
            "607",
            "717",
            "585",
            "660",
            "716",
            "580",
            "715",
            "586",
            "659",
            "531",
            "504",
            "526",
            "477",
            "505",
            "532",
            "450",
            "525",
            "478",
            "506",
            "639",
            "613",
            "524",
            "666",
            "658",
            "587",
            "499",
            "559",
            "560",
            "588",
            "471",
            "423",
            "422",
            "396",
            "420",
            "421",
            "480",
            "497",
            "479",
            "669",
            "472",
            "646"
        ],
        "1": [
            "226",
            "227",
            "200",
            "201",
            "174",
            "147",
            "175",
            "119",
            "148",
            "120",
            "65",
            "92",
            "91",
            "38",
            "64",
            "66",
            "11",
            "63",
            "67",
            "35",
            "62",
            "40",
            "61",
            "89",
            "60",
            "88",
            "116",
            "8",
            "34",
            "33",
            "7",
            "59",
            "143",
            "32",
            "6",
            "170",
            "142",
            "5",
            "31",
            "144",
            "85",
            "30",
            "4",
            "145",
            "3",
            "2",
            "86",
            "139"
        ],
        "2": [
            "15",
            "18",
            "16",
            "17",
            "19",
            "45",
            "20",
            "47",
            "46",
            "72",
            "74",
            "73",
            "48",
            "99",
            "101",
            "126",
            "75",
            "102",
            "128",
            "153",
            "76",
            "127",
            "125",
            "180",
            "124",
            "130",
            "181",
            "179",
            "131",
            "123",
            "77",
            "78",
            "182",
            "122",
            "104",
            "51",
            "209",
            "24",
            "25",
            "50",
            "23",
            "22",
            "26",
            "214",
            "290",
            "292",
            "401"
        ],
        "3": [
            "702",
            "675",
            "648",
            "676",
            "678",
            "677",
            "649",
            "650",
            "704",
            "595",
            "679",
            "623",
            "651",
            "652",
            "624",
            "706",
            "568",
            "653",
            "541",
            "707",
            "567",
            "597",
            "681",
            "625",
            "570",
            "682",
            "709",
            "571",
            "683",
            "542",
            "514",
            "544",
            "598",
            "543",
            "517",
            "487",
            "460",
            "488",
            "486",
            "459",
            "489",
            "516",
            "654",
            "655",
            "710",
            "297",
            "305",
            "493",
            "628",
            "551"
        ],
        "4": [
            "338",
            "337",
            "363",
            "336",
            "390",
            "391",
            "389",
            "416",
            "414",
            "386",
            "413",
            "440",
            "412",
            "439",
            "467",
            "466",
            "438",
            "494",
            "410",
            "465",
            "521",
            "520",
            "437",
            "492",
            "464",
            "463",
            "495",
            "436",
            "435",
            "548",
            "575",
            "519",
            "496",
            "546",
            "518",
            "469",
            "491",
            "545",
            "573",
            "602",
            "600",
            "576",
            "627",
            "599",
            "629",
            "574",
            "271",
            "378",
            "351"
        ],
        "5": [
            "109",
            "108",
            "136",
            "163",
            "135",
            "162",
            "189",
            "164",
            "216",
            "243",
            "270",
            "217",
            "244",
            "218",
            "165",
            "138",
            "245",
            "192",
            "166",
            "111",
            "272",
            "193",
            "325",
            "352",
            "273",
            "246",
            "167",
            "324",
            "168",
            "140",
            "169",
            "220",
            "194",
            "196",
            "112",
            "113",
            "114",
            "84",
            "83",
            "56",
            "54",
            "55",
            "0",
            "28",
            "27",
            "490",
            "298",
            "221"
        ],
        "6": [
            "269",
            "241",
            "268",
            "267",
            "295",
            "240",
            "266",
            "187",
            "322",
            "265",
            "213",
            "323",
            "239",
            "215",
            "212",
            "293",
            "160",
            "188",
            "349",
            "159",
            "238",
            "320",
            "211",
            "377",
            "376",
            "404",
            "133",
            "375",
            "431",
            "347",
            "403",
            "348",
            "458",
            "134",
            "106",
            "457",
            "79",
            "52",
            "80",
            "456",
            "484",
            "483",
            "511",
            "512",
            "312"
        ],
        "7": [
            "333",
            "331",
            "332",
            "304",
            "330",
            "278",
            "251",
            "357",
            "329",
            "303",
            "277",
            "224",
            "356",
            "384",
            "302",
            "250",
            "328",
            "276",
            "301",
            "355",
            "275",
            "327",
            "249",
            "326",
            "353",
            "299",
            "382",
            "381",
            "408",
            "409",
            "197",
            "222",
            "407",
            "434",
            "406",
            "433",
            "405",
            "379",
            "461",
            "248",
            "432",
            "195",
            "462",
            "515",
            "572",
            "596",
            "411",
            "219",
            "415",
            "680",
            "622"
        ],