{
    "Instance": "Center486_G15",
    "Objective": 166,
    "Infeasibility": 0.0,
    "Starting Time": 1711820869.9778628,
    "Time Taken": 117.84565043449402,
    "Initialization Time": 94.74952149391174,
    "nrEliteSolutions": 20,
    "i_max": 500,
    "nrDistricts": 10,
    "delta": 0.05,
    "llambda": 0.7,
    "rcl_parameter": 0.3,
    "Allocation": {
        "0": [
            "299",
            "300",
            "272",
            "271",
            "273",
            "297",
            "244",
            "270",
            "243",
            "245",
            "246",
            "216",
            "190",
            "274",
            "219",
            "324",
            "247",
            "189",
            "327",
            "163",
            "351",
            "354",
            "378",
            "381",
            "379",
            "382",
            "108",
            "409",
            "329",
            "405",
            "406",
            "436",
            "432",
            "408",
            "459",
            "433",
            "515",
            "384",
            "227",
            "330",
            "170",
            "110",
            "383",
            "195",
            "461"
        ],
        "1": [
            "686",
            "714",
            "687",
            "715",
            "716",
            "717",
            "690",
            "636",
            "663",
            "664",
            "582",
            "665",
            "609",
            "666",
            "692",
            "581",
            "639",
            "640",
            "554",
            "694",
            "668",
            "613",
            "641",
            "642",
            "721",
            "722",
            "585",
            "720",
            "723",
            "724",
            "696",
            "697",
            "725",
            "698",
            "671",
            "644",
            "645",
            "646",
            "699",
            "619",
            "726",
            "647",
            "673",
            "674",
            "700",
            "727",
            "701",
            "728",
            "561",
            "590"
        ],
        "2": [
            "269",
            "242",
            "241",
            "215",
            "214",
            "188",
            "187",
            "161",
            "213",
            "212",
            "160",
            "134",
            "186",
            "159",
            "106",
            "133",
            "239",
            "158",
            "105",
            "266",
            "107",
            "79",
            "80",
            "157",
            "267",
            "51",
            "53",
            "156",
            "77",
            "24",
            "103",
            "50",
            "293",
            "102",
            "26",
            "184",
            "48",
            "104",
            "294",
            "52",
            "295",
            "265",
            "25",
            "151",
            "100",
            "264",
            "346",
            "321"
        ],
        "3": [
            "11",
            "38",
            "39",
            "66",
            "120",
            "93",
            "94",
            "119",
            "95",
            "96",
            "122",
            "69",
            "97",
            "124",
            "42",
            "70",
            "14",
            "41",
            "178",
            "152",
            "126",
            "153",
            "13",
            "204",
            "154",
            "180",
            "127",
            "181",
            "128",
            "207",
            "182",
            "101",
            "183",
            "73",
            "74",
            "72",
            "47",
            "46",
            "20",
            "45",
            "19",
            "22",
            "49",
            "76",
            "18",
            "75",
            "130",
            "78",
            "131",
            "21"
        ],
        "4": [
            "420",
            "447",
            "474",
            "473",
            "472",
            "471",
            "470",
            "497",
            "496",
            "524",
            "525",
            "551",
            "495",
            "493",
            "578",
            "494",
            "605",
            "467",
            "521",
            "520",
            "548",
            "547",
            "492",
            "465",
            "546",
            "438",
            "574",
            "519",
            "439",
            "464",
            "491",
            "490",
            "437",
            "518",
            "463",
            "411",
            "462",
            "517",
            "516",
            "544",
            "543",
            "571",
            "386",
            "434",
            "328",
            "407",
            "629"
        ],
        "5": [
            "482",
            "481",
            "508",
            "507",
            "535",
            "536",
            "534",
            "533",
            "562",
            "563",
            "589",
            "564",
            "616",
            "532",
            "588",
            "565",
            "587",
            "559",
            "615",
            "643",
            "531",
            "566",
            "530",
            "539",
            "504",
            "592",
            "670",
            "512",
            "511",
            "484",
            "478",
            "477",
            "479",
            "593",
            "510",
            "451",
            "485",
            "529",
            "458",
            "620",
            "431",
            "452",
            "457",
            "404",
            "430",
            "456",
            "618",
            "370",
            "586",
            "423"
        ],
        "6": [
            "710",
            "683",
            "682",
            "656",
            "681",
            "680",
            "628",
            "602",
            "654",
            "679",
            "653",
            "708",
            "707",
            "627",
            "678",
            "705",
            "652",
            "626",
            "677",
            "704",
            "601",
            "651",
            "599",
            "650",
            "649",
            "648",
            "622",
            "572",
            "595",
            "568",
            "541",
            "596",
            "569",
            "567",
            "703",
            "625",
            "594",
            "545",
            "675",
            "540",
            "702",
            "621",
            "624",
            "597",
            "676",
            "514",
            "513",
            "487",
            "488",
            "460",
            "486",
            "706"
        ],
        "7": [
            "312",
            "340",
            "341",
            "313",
            "343",
            "342",
            "315",
            "316",
            "288",
            "371",
            "344",
            "289",
            "317",
            "345",
            "397",
            "372",
            "290",
            "261",
            "262",
            "318",
            "399",
            "373",
            "235",
            "396",
            "395",
            "374",
            "400",
            "450",
            "426",
            "401",
            "375",
            "319",
            "402",
            "428",
            "292",
            "348",
            "425",
            "320",
            "403",
            "349",
            "376",
            "236",
            "237",
            "322",
            "350",
            "323",
            "560",
            "505",
            "667"
        ],