{
    "Instance": "Center486_G2",
    "Objective": 240,
    "Infeasibility": 0.06619376111502742,
    "Starting Time": 1692555257.5873935,
    "Time Taken": 142.0934338569641,
    "Initialization Time": 113.90440082550049,
    "nrEliteSolutions": 20,
    "i_max": 500,
    "nrDistricts": 10,
    "delta": 0.05,
    "llambda": 0.7,
    "rcl_parameter": 0.3,
    "Allocation": {
        "0": [
            "412",
            "413",
            "439",
            "411",
            "414",
            "438",
            "382",
            "440",
            "493",
            "465",
            "437",
            "494",
            "462",
            "435",
            "407",
            "352",
            "408",
            "522",
            "351",
            "461",
            "489",
            "495",
            "459",
            "548",
            "299",
            "433",
            "297",
            "460",
            "272",
            "432",
            "513",
            "405",
            "519",
            "514",
            "490",
            "486",
            "434",
            "300",
            "575",
            "325",
            "627",
            "28",
            "568",
            "571",
            "574",
            "572",
            "29",
            "410",
            "55",
            "436"
        ],
        "1": [
            "53",
            "24",
            "52",
            "51",
            "79",
            "50",
            "23",
            "78",
            "106",
            "22",
            "77",
            "105",
            "49",
            "76",
            "21",
            "132",
            "107",
            "103",
            "48",
            "131",
            "101",
            "128",
            "129",
            "134",
            "158",
            "74",
            "47",
            "156",
            "186",
            "157",
            "20",
            "73",
            "19",
            "183",
            "185",
            "153",
            "46",
            "126",
            "187",
            "99",
            "71",
            "72",
            "619",
            "700",
            "588",
            "505",
            "425"
        ],
        "2": [
            "634",
            "662",
            "661",
            "663",
            "690",
            "636",
            "717",
            "718",
            "716",
            "719",
            "714",
            "720",
            "715",
            "693",
            "721",
            "666",
            "694",
            "722",
            "667",
            "695",
            "696",
            "723",
            "724",
            "697",
            "669",
            "698",
            "589",
            "483",
            "458",
            "344",
            "313",
            "559",
            "319",
            "512",
            "562",
            "593",
            "373",
            "536",
            "539",
            "376",
            "285",
            "474",
            "314",
            "152",
            "426",
            "284",
            "584"
        ],
        "3": [
            "200",
            "119",
            "173",
            "146",
            "118",
            "120",
            "93",
            "66",
            "39",
            "67",
            "68",
            "12",
            "11",
            "95",
            "10",
            "9",
            "35",
            "8",
            "7",
            "6",
            "62",
            "34",
            "33",
            "61",
            "89",
            "88",
            "115",
            "116",
            "114",
            "143",
            "60",
            "59",
            "87",
            "170",
            "58",
            "141",
            "168",
            "169",
            "197",
            "196",
            "224",
            "251",
            "225",
            "112",
            "278",
            "191",
            "216",
            "326",
            "327",
            "135",
            "165",
            "243"
        ],
        "4": [
            "726",
            "728",
            "727",
            "701",
            "674",
            "646",
            "647",
            "672",
            "620",
            "645",
            "618",
            "592",
            "644",
            "591",
            "590",
            "537",
            "510",
            "563",
            "509",
            "484",
            "485",
            "457",
            "431",
            "404",
            "430",
            "377",
            "350",
            "323",
            "403",
            "402",
            "322",
            "560",
            "154",
            "179",
            "553",
            "180",
            "127",
            "212",
            "130",
            "369",
            "159",
            "639",
            "317",
            "531",
            "451"
        ],
        "5": [
            "367",
            "366",
            "339",
            "312",
            "315",
            "342",
            "316",
            "261",
            "343",
            "260",
            "370",
            "234",
            "262",
            "318",
            "290",
            "207",
            "291",
            "292",
            "235",
            "293",
            "236",
            "263",
            "209",
            "266",
            "265",
            "182",
            "294",
            "210",
            "181",
            "267",
            "268",
            "211",
            "178",
            "241",
            "242",
            "215",
            "238",
            "177",
            "188",
            "204",
            "269",
            "231",
            "208",
            "481",
            "213",
            "321",
            "26",
            "25",
            "473",
            "240"
        ],
        "6": [
            "0",
            "2",
            "1",
            "3",
            "56",
            "30",
            "54",
            "82",
            "81",
            "83",
            "84",
            "108",
            "109",
            "111",
            "110",
            "136",
            "162",
            "189",
            "138",
            "163",
            "190",
            "139",
            "244",
            "218",
            "164",
            "217",
            "219",
            "220",
            "166",
            "247",
            "194",
            "222",
            "193",
            "303",
            "380",
            "516",
            "521",
            "406",
            "517",
            "381",
            "463",
            "466",
            "549",
            "467",
            "520",
            "545",
            "491",
            "492",
            "487",
            "353"
        ],
        "7": [
            "581",
            "554",
            "582",
            "583",
            "585",
            "612",
            "586",
            "613",
            "587",
            "640",
            "641",
            "615",
            "532",
            "533",
            "616",
            "535",
            "508",
            "507",
            "482",
            "455",
            "428",
            "456",
            "427",
            "400",
            "399",
            "372",
            "345",
            "374",
            "375",
            "347",
            "320",
            "160",
            "239",
            "564",
            "673",
            "565",
            "102",
            "237",
            "155",
            "264",
            "472",
            "471",
            "444",
            "288",
            "453",
            "478",
            "501"
        ],