{
    "Instance": "Center486_G13",
    "Objective": 209,
    "Infeasibility": 0.01623580917753685,
    "Starting Time": 1711820744.4627151,
    "Time Taken": 120.79048180580139,
    "Initialization Time": 96.98236536979675,
    "nrEliteSolutions": 20,
    "i_max": 500,
    "nrDistricts": 10,
    "delta": 0.05,
    "llambda": 0.7,
    "rcl_parameter": 0.3,
    "Allocation": {
        "0": [
            "316",
            "343",
            "317",
            "289",
            "342",
            "288",
            "344",
            "262",
            "370",
            "290",
            "341",
            "345",
            "235",
            "397",
            "319",
            "340",
            "372",
            "346",
            "234",
            "398",
            "259",
            "425",
            "424",
            "292",
            "320",
            "394",
            "374",
            "293",
            "347",
            "401",
            "428",
            "455",
            "427",
            "482",
            "429",
            "402",
            "430",
            "348",
            "403",
            "431",
            "454",
            "668",
            "534",
            "695",
            "725",
            "593",
            "693",
            "510",
            "727",
            "484"
        ],
        "1": [
            "12",
            "40",
            "39",
            "67",
            "94",
            "93",
            "120",
            "146",
            "147",
            "145",
            "118",
            "117",
            "116",
            "143",
            "89",
            "88",
            "170",
            "87",
            "61",
            "114",
            "197",
            "169",
            "196",
            "224",
            "251",
            "223",
            "112",
            "140",
            "168",
            "195",
            "222",
            "139",
            "167",
            "166",
            "193",
            "220",
            "247",
            "219",
            "357",
            "5",
            "413",
            "3",
            "35",
            "359",
            "111",
            "57",
            "303",
            "412"
        ],
        "2": [
            "461",
            "460",
            "487",
            "432",
            "514",
            "486",
            "513",
            "515",
            "541",
            "405",
            "542",
            "540",
            "567",
            "568",
            "569",
            "621",
            "595",
            "489",
            "570",
            "378",
            "597",
            "623",
            "648",
            "649",
            "379",
            "677",
            "380",
            "703",
            "702",
            "324",
            "408",
            "381",
            "624",
            "352",
            "325",
            "625",
            "435",
            "651",
            "704",
            "650",
            "577",
            "526",
            "248",
            "491",
            "410",
            "384",
            "272"
        ],
        "3": [
            "312",
            "311",
            "284",
            "257",
            "255",
            "229",
            "254",
            "228",
            "202",
            "308",
            "281",
            "175",
            "306",
            "307",
            "335",
            "305",
            "389",
            "332",
            "304",
            "278",
            "331",
            "390",
            "386",
            "277",
            "276",
            "387",
            "249",
            "330",
            "329",
            "417",
            "275",
            "274",
            "328",
            "355",
            "273",
            "302",
            "354",
            "353",
            "516",
            "216",
            "547",
            "628",
            "467",
            "407",
            "572",
            "113"
        ],
        "4": [
            "686",
            "660",
            "659",
            "661",
            "662",
            "635",
            "608",
            "553",
            "580",
            "551",
            "578",
            "499",
            "527",
            "501",
            "502",
            "503",
            "504",
            "477",
            "505",
            "600",
            "506",
            "531",
            "478",
            "532",
            "450",
            "451",
            "479",
            "558",
            "626",
            "507",
            "480",
            "559",
            "585",
            "653",
            "453",
            "508",
            "612",
            "535",
            "481",
            "561",
            "536",
            "588",
            "396",
            "640",
            "509",
            "452",
            "399"
        ],
        "5": [
            "4",
            "2",
            "29",
            "1",
            "31",
            "28",
            "0",
            "32",
            "6",
            "56",
            "27",
            "59",
            "33",
            "55",
            "34",
            "60",
            "84",
            "82",
            "36",
            "109",
            "108",
            "136",
            "85",
            "8",
            "163",
            "137",
            "190",
            "162",
            "191",
            "189",
            "217",
            "218",
            "243",
            "270",
            "297",
            "271",
            "298",
            "299",
            "326",
            "362",
            "406",
            "256",
            "383",
            "351",
            "521",
            "493",
            "490",
            "356",
            "301"
        ],
        "6": [
            "728",
            "701",
            "700",
            "726",
            "699",
            "671",
            "698",
            "697",
            "644",
            "645",
            "696",
            "646",
            "619",
            "647",
            "617",
            "590",
            "591",
            "564",
            "723",
            "563",
            "565",
            "538",
            "694",
            "566",
            "537",
            "511",
            "720",
            "667",
            "719",
            "483",
            "722",
            "485",
            "639",
            "562",
            "457",
            "539",
            "458",
            "641",
            "664",
            "666",
            "614",
            "716",
            "717",
            "691",
            "718",
            "642",
            "318",
            "373",
            "295",
            "375",
            "456",
            "371",
            "533"
        ],
        "7": [
            "42",
            "15",
            "16",
            "17",
            "45",
            "18",
            "19",
            "20",
            "46",
            "72",
            "71",
            "73",
            "47",
            "99",
            "21",
            "100",
            "74",
            "70",
            "101",
            "22",
            "48",
            "75",
            "127",
            "128",
            "49",
            "129",
            "23",
            "156",
            "154",
            "155",
            "181",
            "208",
            "180",
            "207",
            "183",
            "210",
            "179",
            "206",
            "237",
            "236",
            "264",
            "238",
            "178",
            "367",
            "25",
            "134",
            "53",
            "214",
            "161"
        ],