{
    "Instance": "Center486_G14",
    "Objective": 216,
    "Infeasibility": 0.06461176416324402,
    "Starting Time": 1711821729.5604868,
    "Time Taken": 119.85715222358704,
    "Initialization Time": 96.17995429039001,
    "nrEliteSolutions": 20,
    "i_max": 500,
    "nrDistricts": 10,
    "delta": 0.05,
    "llambda": 0.7,
    "rcl_parameter": 0.3,
    "Allocation": {
        "0": [
            "342",
            "369",
            "315",
            "316",
            "288",
            "317",
            "344",
            "371",
            "345",
            "290",
            "346",
            "319",
            "398",
            "263",
            "347",
            "399",
            "291",
            "320",
            "292",
            "425",
            "452",
            "261",
            "453",
            "293",
            "348",
            "374",
            "234",
            "266",
            "427",
            "375",
            "402",
            "455",
            "403",
            "295",
            "429",
            "350",
            "296",
            "323",
            "322",
            "349",
            "646",
            "645",
            "537",
            "507",
            "178",
            "22",
            "536",
            "213"
        ],
        "1": [
            "702",
            "703",
            "676",
            "675",
            "704",
            "648",
            "677",
            "650",
            "649",
            "705",
            "623",
            "651",
            "679",
            "624",
            "680",
            "652",
            "625",
            "596",
            "707",
            "621",
            "681",
            "708",
            "595",
            "682",
            "568",
            "541",
            "542",
            "515",
            "543",
            "570",
            "567",
            "571",
            "328",
            "330",
            "407",
            "246",
            "384",
            "306",
            "247",
            "270",
            "243",
            "492",
            "460",
            "361",
            "602",
            "441",
            "408",
            "445"
        ],
        "2": [
            "4",
            "31",
            "3",
            "30",
            "32",
            "2",
            "57",
            "56",
            "29",
            "84",
            "28",
            "83",
            "1",
            "82",
            "33",
            "109",
            "60",
            "110",
            "0",
            "86",
            "81",
            "137",
            "164",
            "87",
            "88",
            "136",
            "138",
            "165",
            "191",
            "190",
            "108",
            "219",
            "189",
            "141",
            "194",
            "35",
            "6",
            "245",
            "116",
            "117",
            "162",
            "168",
            "115",
            "167",
            "89",
            "199",
            "251",
            "379",
            "223"
        ],
        "3": [
            "713",
            "686",
            "659",
            "660",
            "633",
            "661",
            "662",
            "607",
            "606",
            "689",
            "690",
            "579",
            "608",
            "581",
            "609",
            "610",
            "585",
            "583",
            "584",
            "612",
            "639",
            "587",
            "559",
            "531",
            "588",
            "532",
            "560",
            "614",
            "504",
            "561",
            "505",
            "641",
            "533",
            "477",
            "503",
            "478",
            "506",
            "642",
            "502",
            "508",
            "479",
            "451",
            "509",
            "482",
            "563",
            "723",
            "565",
            "589",
            "539",
            "643"
        ],
        "4": [
            "472",
            "470",
            "469",
            "442",
            "440",
            "439",
            "413",
            "467",
            "466",
            "494",
            "465",
            "437",
            "493",
            "520",
            "359",
            "464",
            "383",
            "332",
            "305",
            "362",
            "277",
            "363",
            "224",
            "197",
            "337",
            "340",
            "200",
            "143",
            "366",
            "367",
            "393",
            "144",
            "365",
            "420",
            "169",
            "193",
            "221",
            "381",
            "423",
            "62",
            "356",
            "421",
            "422",
            "424"
        ],
        "5": [
            "726",
            "700",
            "727",
            "728",
            "701",
            "673",
            "672",
            "647",
            "674",
            "671",
            "619",
            "670",
            "698",
            "618",
            "592",
            "644",
            "617",
            "669",
            "593",
            "696",
            "590",
            "668",
            "566",
            "564",
            "538",
            "562",
            "511",
            "535",
            "512",
            "534",
            "484",
            "724",
            "457",
            "458",
            "510",
            "722",
            "721",
            "483",
            "694",
            "720",
            "456",
            "431",
            "370",
            "558",
            "294",
            "428",
            "372",
            "321",
            "586"
        ],
        "6": [
            "13",
            "67",
            "40",
            "94",
            "121",
            "122",
            "120",
            "149",
            "176",
            "175",
            "204",
            "177",
            "202",
            "229",
            "231",
            "151",
            "256",
            "124",
            "152",
            "255",
            "97",
            "153",
            "96",
            "180",
            "181",
            "207",
            "154",
            "155",
            "208",
            "182",
            "209",
            "206",
            "156",
            "183",
            "157",
            "210",
            "184",
            "237",
            "238",
            "211",
            "185",
            "265",
            "239",
            "240",
            "267",
            "268",
            "343",
            "397"
        ],
        "7": [
            "43",
            "16",
            "17",
            "18",
            "46",
            "45",
            "47",
            "48",
            "73",
            "20",
            "21",
            "74",
            "75",
            "100",
            "49",
            "101",
            "76",
            "50",
            "127",
            "23",
            "77",
            "99",
            "103",
            "52",
            "104",
            "105",
            "128",
            "132",
            "24",
            "79",
            "25",
            "159",
            "78",
            "131",
            "160",
            "158",
            "187",
            "26",
            "130",
            "106",
            "186",
            "107",
            "134",
            "188",
            "214",
            "215",
            "242",
            "212",
            "129",
            "236",
            "264",
            "454",
            "51"
        ],