{
    "Instance": "Center486_G7",
    "Objective": 240,
    "Infeasibility": 0.12128277963593906,
    "Starting Time": 1692555116.0740254,
    "Time Taken": 135.5881884098053,
    "Initialization Time": 106.6795117855072,
    "nrEliteSolutions": 20,
    "i_max": 500,
    "nrDistricts": 10,
    "delta": 0.05,
    "llambda": 0.7,
    "rcl_parameter": 0.3,
    "Allocation": {
        "0": [
            "16",
            "17",
            "43",
            "42",
            "41",
            "45",
            "20",
            "47",
            "40",
            "73",
            "21",
            "48",
            "100",
            "75",
            "127",
            "49",
            "101",
            "22",
            "99",
            "76",
            "103",
            "23",
            "50",
            "24",
            "104",
            "208",
            "207",
            "156",
            "25",
            "129",
            "52",
            "78",
            "26",
            "126",
            "206",
            "179",
            "205",
            "204",
            "259",
            "258",
            "232",
            "229",
            "257",
            "230",
            "79",
            "336"
        ],
        "1": [
            "176",
            "122",
            "149",
            "121",
            "120",
            "147",
            "174",
            "145",
            "146",
            "118",
            "116",
            "115",
            "114",
            "89",
            "143",
            "62",
            "170",
            "142",
            "169",
            "113",
            "87",
            "197",
            "35",
            "61",
            "8",
            "224",
            "86",
            "7",
            "251",
            "36",
            "37",
            "250",
            "249",
            "276",
            "140",
            "198",
            "222",
            "168",
            "248",
            "196",
            "34",
            "223",
            "278",
            "277",
            "304",
            "139",
            "573",
            "299",
            "385",
            "409"
        ],
        "2": [
            "659",
            "661",
            "660",
            "687",
            "662",
            "714",
            "715",
            "713",
            "716",
            "635",
            "712",
            "711",
            "710",
            "709",
            "682",
            "683",
            "656",
            "681",
            "654",
            "680",
            "679",
            "652",
            "625",
            "706",
            "678",
            "705",
            "598",
            "677",
            "676",
            "704",
            "703",
            "623",
            "649",
            "675",
            "621",
            "702",
            "622",
            "648",
            "629",
            "545",
            "603",
            "572",
            "515",
            "596",
            "439",
            "487",
            "275",
            "357",
            "332",
            "547",
            "381"
        ],
        "3": [
            "444",
            "390",
            "417",
            "363",
            "416",
            "362",
            "337",
            "338",
            "339",
            "340",
            "366",
            "313",
            "342",
            "341",
            "315",
            "261",
            "288",
            "289",
            "290",
            "291",
            "317",
            "318",
            "264",
            "237",
            "345",
            "238",
            "236",
            "210",
            "372",
            "183",
            "184",
            "185",
            "235",
            "157",
            "182",
            "158",
            "130",
            "560",
            "536",
            "589",
            "483",
            "105",
            "450",
            "584",
            "74",
            "18",
            "19",
            "46",
            "620",
            "295",
            "587"
        ],
        "4": [
            "448",
            "421",
            "422",
            "423",
            "477",
            "478",
            "505",
            "504",
            "479",
            "506",
            "531",
            "532",
            "533",
            "480",
            "452",
            "558",
            "453",
            "507",
            "425",
            "559",
            "454",
            "481",
            "534",
            "585",
            "535",
            "612",
            "426",
            "398",
            "397",
            "399",
            "370",
            "400",
            "586",
            "508",
            "482",
            "456",
            "510",
            "429",
            "51",
            "723",
            "159",
            "323",
            "403",
            "155",
            "590",
            "722",
            "154"
        ],
        "5": [
            "382",
            "383",
            "380",
            "408",
            "407",
            "384",
            "353",
            "411",
            "379",
            "352",
            "434",
            "330",
            "412",
            "438",
            "462",
            "386",
            "351",
            "413",
            "359",
            "298",
            "331",
            "440",
            "433",
            "437",
            "271",
            "300",
            "297",
            "489",
            "305",
            "272",
            "490",
            "270",
            "459",
            "432",
            "486",
            "301",
            "461",
            "327",
            "655",
            "650",
            "626",
            "460",
            "624",
            "163",
            "543",
            "358",
            "708",
            "189"
        ],
        "6": [
            "497",
            "498",
            "499",
            "500",
            "501",
            "554",
            "527",
            "580",
            "581",
            "579",
            "606",
            "552",
            "605",
            "551",
            "604",
            "602",
            "574",
            "575",
            "548",
            "600",
            "520",
            "519",
            "493",
            "492",
            "465",
            "571",
            "464",
            "570",
            "518",
            "595",
            "597",
            "546",
            "516",
            "542",
            "491",
            "521",
            "494",
            "541",
            "514",
            "568",
            "488",
            "513",
            "567",
            "194",
            "466",
            "540",
            "463",
            "324",
            "435",
            "246"
        ],
        "7": [
            "728",
            "701",
            "727",
            "700",
            "726",
            "699",
            "725",
            "698",
            "670",
            "644",
            "617",
            "643",
            "642",
            "616",
            "641",
            "563",
            "640",
            "615",
            "588",
            "668",
            "562",
            "614",
            "667",
            "639",
            "666",
            "695",
            "696",
            "613",
            "564",
            "565",
            "566",
            "592",
            "619",
            "539",
            "538",
            "511",
            "647",
            "375",
            "693",
            "719",
            "691",
            "718",
            "664",
            "663"
        ],