{
    "Instance": "Center486_G17",
    "Objective": 234,
    "Infeasibility": 0.0006360511675702749,
    "Starting Time": 1711821731.670073,
    "Time Taken": 117.99672436714172,
    "Initialization Time": 94.05485892295837,
    "nrEliteSolutions": 20,
    "i_max": 500,
    "nrDistricts": 10,
    "delta": 0.05,
    "llambda": 0.7,
    "rcl_parameter": 0.3,
    "Allocation": {
        "0": [
            "728",
            "700",
            "701",
            "674",
            "699",
            "673",
            "647",
            "672",
            "726",
            "620",
            "698",
            "619",
            "671",
            "618",
            "697",
            "643",
            "591",
            "616",
            "696",
            "564",
            "589",
            "695",
            "641",
            "588",
            "614",
            "694",
            "693",
            "692",
            "723",
            "691",
            "669",
            "690",
            "720",
            "689",
            "716",
            "721",
            "715",
            "713",
            "482",
            "681",
            "684",
            "602",
            "629",
            "708",
            "710",
            "709",
            "654",
            "712",
            "656"
        ],
        "1": [
            "176",
            "149",
            "148",
            "147",
            "174",
            "120",
            "66",
            "93",
            "65",
            "38",
            "37",
            "36",
            "34",
            "35",
            "61",
            "7",
            "33",
            "60",
            "88",
            "59",
            "32",
            "5",
            "89",
            "90",
            "87",
            "4",
            "3",
            "142",
            "2",
            "169",
            "1",
            "170",
            "141",
            "0",
            "140",
            "27",
            "28",
            "54",
            "55",
            "110",
            "113",
            "137",
            "112",
            "84",
            "81",
            "136",
            "29",
            "109",
            "135",
            "85",
            "304"
        ],
        "2": [
            "472",
            "473",
            "446",
            "419",
            "418",
            "392",
            "417",
            "393",
            "366",
            "367",
            "339",
            "338",
            "363",
            "336",
            "362",
            "359",
            "360",
            "361",
            "386",
            "358",
            "413",
            "384",
            "383",
            "382",
            "409",
            "355",
            "381",
            "408",
            "328",
            "436",
            "407",
            "435",
            "353",
            "380",
            "352",
            "434",
            "379",
            "378",
            "325",
            "298",
            "351",
            "297",
            "270",
            "405",
            "243",
            "517",
            "138"
        ],
        "3": [
            "16",
            "18",
            "17",
            "19",
            "73",
            "46",
            "20",
            "100",
            "74",
            "21",
            "72",
            "101",
            "75",
            "22",
            "99",
            "48",
            "128",
            "76",
            "102",
            "49",
            "98",
            "23",
            "103",
            "129",
            "50",
            "104",
            "24",
            "105",
            "106",
            "79",
            "78",
            "80",
            "107",
            "131",
            "25",
            "52",
            "133",
            "134",
            "53",
            "161",
            "188",
            "132",
            "159",
            "160",
            "295",
            "430",
            "401",
            "565"
        ],
        "4": [
            "702",
            "675",
            "703",
            "704",
            "677",
            "705",
            "706",
            "650",
            "679",
            "707",
            "623",
            "680",
            "652",
            "624",
            "622",
            "596",
            "625",
            "597",
            "570",
            "595",
            "621",
            "569",
            "571",
            "568",
            "655",
            "544",
            "683",
            "594",
            "541",
            "540",
            "598",
            "567",
            "514",
            "685",
            "513",
            "658",
            "354",
            "464",
            "246",
            "82",
            "108",
            "278",
            "271",
            "281",
            "139",
            "276",
            "224",
            "470",
            "651"
        ],
        "5": [
            "607",
            "634",
            "633",
            "632",
            "605",
            "551",
            "578",
            "525",
            "524",
            "526",
            "527",
            "554",
            "555",
            "557",
            "556",
            "558",
            "585",
            "559",
            "531",
            "532",
            "612",
            "560",
            "613",
            "533",
            "639",
            "534",
            "666",
            "561",
            "640",
            "535",
            "536",
            "562",
            "508",
            "481",
            "509",
            "537",
            "538",
            "539",
            "566",
            "511",
            "512",
            "484",
            "457",
            "458",
            "485",
            "563",
            "501",
            "644"
        ],
        "6": [
            "253",
            "280",
            "226",
            "307",
            "306",
            "305",
            "331",
            "251",
            "303",
            "277",
            "302",
            "330",
            "275",
            "248",
            "357",
            "301",
            "249",
            "197",
            "196",
            "300",
            "273",
            "327",
            "222",
            "195",
            "194",
            "168",
            "245",
            "272",
            "193",
            "219",
            "299",
            "221",
            "167",
            "166",
            "192",
            "191",
            "244",
            "217",
            "165",
            "189",
            "190",
            "164",
            "216",
            "218",
            "111",
            "8",
            "143",
            "201",
            "6",
            "163"
        ],
        "7": [
            "316",
            "315",
            "369",
            "342",
            "370",
            "423",
            "396",
            "450",
            "397",
            "371",
            "344",
            "372",
            "477",
            "504",
            "478",
            "476",
            "399",
            "373",
            "346",
            "505",
            "400",
            "479",
            "475",
            "426",
            "506",
            "507",
            "502",
            "427",
            "480",
            "428",
            "455",
            "429",
            "402",
            "375",
            "452",
            "403",
            "404",
            "456",
            "377",
            "431",
            "350",
            "323",
            "349",
            "645",
            "714",
            "590",
            "724"
        ],