{
    "Instance": "Center486_G0",
    "Objective": 210,
    "Infeasibility": 0.0013194043859562363,
    "Starting Time": 1692555385.444448,
    "Time Taken": 132.65271401405334,
    "Initialization Time": 106.26711702346802,
    "nrEliteSolutions": 20,
    "i_max": 500,
    "nrDistricts": 10,
    "delta": 0.05,
    "llambda": 0.7,
    "rcl_parameter": 0.3,
    "Allocation": {
        "0": [
            "527",
            "528",
            "554",
            "529",
            "552",
            "553",
            "583",
            "502",
            "475",
            "551",
            "579",
            "525",
            "448",
            "584",
            "550",
            "606",
            "549",
            "607",
            "576",
            "548",
            "634",
            "575",
            "521",
            "574",
            "635",
            "547",
            "493",
            "466",
            "439",
            "573",
            "546",
            "601",
            "628",
            "545",
            "627",
            "654",
            "662",
            "629",
            "689",
            "656",
            "688",
            "687",
            "660",
            "464",
            "590",
            "413",
            "681",
            "653",
            "616",
            "642",
            "643"
        ],
        "1": [
            "13",
            "14",
            "15",
            "16",
            "17",
            "18",
            "19",
            "45",
            "46",
            "20",
            "47",
            "73",
            "22",
            "74",
            "23",
            "100",
            "49",
            "50",
            "24",
            "127",
            "75",
            "76",
            "101",
            "77",
            "78",
            "104",
            "131",
            "102",
            "103",
            "128",
            "51",
            "79",
            "80",
            "132",
            "133",
            "160",
            "107",
            "187",
            "159",
            "106",
            "53",
            "26",
            "52",
            "105",
            "122",
            "264",
            "453",
            "214",
            "176"
        ],
        "2": [
            "231",
            "229",
            "228",
            "230",
            "200",
            "201",
            "173",
            "172",
            "171",
            "170",
            "169",
            "197",
            "142",
            "223",
            "141",
            "196",
            "115",
            "195",
            "88",
            "114",
            "116",
            "140",
            "194",
            "61",
            "89",
            "34",
            "90",
            "167",
            "139",
            "193",
            "7",
            "6",
            "35",
            "8",
            "5",
            "4",
            "192",
            "191",
            "218",
            "494",
            "56",
            "328",
            "440",
            "383",
            "297",
            "189",
            "327",
            "81"
        ],
        "3": [
            "175",
            "148",
            "121",
            "123",
            "150",
            "96",
            "151",
            "178",
            "69",
            "68",
            "179",
            "207",
            "181",
            "180",
            "208",
            "234",
            "154",
            "209",
            "236",
            "235",
            "155",
            "262",
            "237",
            "210",
            "289",
            "156",
            "290",
            "129",
            "238",
            "157",
            "316",
            "288",
            "315",
            "291",
            "211",
            "212",
            "185",
            "186",
            "263",
            "21",
            "343",
            "72",
            "375",
            "373",
            "509",
            "348",
            "480"
        ],
        "4": [
            "0",
            "27",
            "54",
            "28",
            "55",
            "108",
            "135",
            "83",
            "57",
            "58",
            "84",
            "30",
            "110",
            "85",
            "31",
            "3",
            "111",
            "137",
            "59",
            "112",
            "162",
            "2",
            "138",
            "190",
            "60",
            "216",
            "113",
            "243",
            "244",
            "245",
            "33",
            "270",
            "163",
            "272",
            "273",
            "165",
            "324",
            "298",
            "351",
            "352",
            "379",
            "406",
            "433",
            "432",
            "459",
            "486",
            "487"
        ],
        "5": [
            "350",
            "322",
            "323",
            "296",
            "295",
            "321",
            "269",
            "242",
            "268",
            "294",
            "320",
            "319",
            "241",
            "293",
            "347",
            "346",
            "318",
            "240",
            "402",
            "345",
            "215",
            "188",
            "344",
            "400",
            "161",
            "266",
            "370",
            "397",
            "342",
            "213",
            "371",
            "134",
            "429",
            "430",
            "401",
            "424",
            "451",
            "431",
            "396",
            "425",
            "423",
            "458",
            "426",
            "485",
            "404",
            "539",
            "620",
            "562"
        ],
        "6": [
            "252",
            "251",
            "278",
            "305",
            "277",
            "304",
            "332",
            "331",
            "276",
            "303",
            "359",
            "249",
            "302",
            "222",
            "330",
            "275",
            "248",
            "301",
            "358",
            "357",
            "221",
            "300",
            "247",
            "384",
            "411",
            "410",
            "438",
            "412",
            "386",
            "220",
            "382",
            "246",
            "299",
            "219",
            "355",
            "381",
            "437",
            "380",
            "353",
            "408",
            "435",
            "436",
            "354",
            "356",
            "711",
            "600",
            "597"
        ],
        "7": [
            "702",
            "703",
            "675",
            "648",
            "676",
            "704",
            "621",
            "677",
            "650",
            "623",
            "624",
            "651",
            "705",
            "594",
            "622",
            "706",
            "567",
            "652",
            "568",
            "707",
            "570",
            "598",
            "569",
            "708",
            "541",
            "571",
            "572",
            "542",
            "544",
            "682",
            "543",
            "515",
            "517",
            "518",
            "488",
            "626",
            "655",
            "461",
            "490",
            "519",
            "489",
            "709",
            "680",
            "710",
            "683",
            "516",
            "712",
            "513",
            "465",
            "405"
        ],