{
    "Instance": "Center486_G20",
    "Objective": 178,
    "Infeasibility": 0.0,
    "Starting Time": 1711820259.3922694,
    "Time Taken": 124.10417938232422,
    "Initialization Time": 100.84885597229004,
    "nrEliteSolutions": 20,
    "i_max": 500,
    "nrDistricts": 10,
    "delta": 0.05,
    "llambda": 0.7,
    "rcl_parameter": 0.3,
    "Allocation": {
        "0": [
            "618",
            "619",
            "591",
            "620",
            "617",
            "564",
            "590",
            "646",
            "647",
            "673",
            "589",
            "672",
            "643",
            "671",
            "700",
            "538",
            "562",
            "588",
            "642",
            "511",
            "615",
            "728",
            "726",
            "587",
            "535",
            "508",
            "507",
            "506",
            "512",
            "481",
            "484",
            "725",
            "479",
            "454",
            "455",
            "539",
            "509",
            "456",
            "429",
            "404",
            "431",
            "458",
            "348",
            "426",
            "399",
            "372",
            "374",
            "584",
            "344",
            "559"
        ],
        "1": [
            "37",
            "64",
            "65",
            "66",
            "93",
            "67",
            "40",
            "41",
            "120",
            "13",
            "147",
            "146",
            "145",
            "144",
            "143",
            "116",
            "142",
            "170",
            "115",
            "169",
            "197",
            "196",
            "88",
            "141",
            "168",
            "87",
            "140",
            "114",
            "61",
            "195",
            "167",
            "113",
            "194",
            "86",
            "139",
            "34",
            "60",
            "62",
            "166",
            "247",
            "219",
            "328",
            "220",
            "413",
            "276",
            "279",
            "218",
            "304",
            "358",
            "357"
        ],
        "2": [
            "702",
            "676",
            "675",
            "703",
            "677",
            "704",
            "649",
            "650",
            "622",
            "623",
            "651",
            "705",
            "595",
            "596",
            "624",
            "652",
            "597",
            "706",
            "625",
            "679",
            "569",
            "598",
            "568",
            "542",
            "570",
            "541",
            "680",
            "571",
            "514",
            "599",
            "515",
            "600",
            "516",
            "544",
            "460",
            "573",
            "486",
            "547",
            "567",
            "435",
            "408",
            "602",
            "629",
            "710",
            "654",
            "707",
            "572",
            "683",
            "432",
            "656",
            "709",
            "655",
            "469"
        ],
        "3": [
            "26",
            "25",
            "53",
            "52",
            "51",
            "80",
            "79",
            "106",
            "50",
            "107",
            "133",
            "105",
            "160",
            "132",
            "104",
            "159",
            "187",
            "23",
            "49",
            "131",
            "103",
            "214",
            "130",
            "186",
            "241",
            "213",
            "242",
            "48",
            "75",
            "212",
            "102",
            "188",
            "239",
            "269",
            "267",
            "296",
            "295",
            "322",
            "266",
            "294",
            "321",
            "240",
            "323",
            "350",
            "292",
            "235",
            "99"
        ],
        "4": [
            "577",
            "578",
            "579",
            "552",
            "553",
            "525",
            "498",
            "471",
            "554",
            "417",
            "390",
            "442",
            "364",
            "414",
            "496",
            "467",
            "393",
            "466",
            "465",
            "520",
            "464",
            "492",
            "437",
            "410",
            "383",
            "409",
            "436",
            "519",
            "491",
            "521",
            "546",
            "518",
            "543",
            "489",
            "221",
            "601",
            "545",
            "329",
            "273",
            "488",
            "517",
            "574",
            "433",
            "385",
            "627",
            "330",
            "387",
            "415",
            "331"
        ],
        "5": [
            "256",
            "257",
            "258",
            "259",
            "287",
            "288",
            "286",
            "315",
            "289",
            "316",
            "262",
            "290",
            "263",
            "291",
            "343",
            "236",
            "370",
            "234",
            "264",
            "318",
            "369",
            "400",
            "371",
            "425",
            "265",
            "345",
            "452",
            "396",
            "293",
            "346",
            "395",
            "320",
            "401",
            "375",
            "376",
            "268",
            "430",
            "443",
            "586",
            "444",
            "419",
            "366",
            "363",
            "365",
            "389",
            "420"
        ],
        "6": [
            "27",
            "55",
            "28",
            "54",
            "81",
            "82",
            "1",
            "109",
            "56",
            "83",
            "29",
            "57",
            "2",
            "136",
            "30",
            "110",
            "84",
            "108",
            "3",
            "137",
            "58",
            "111",
            "135",
            "85",
            "31",
            "138",
            "32",
            "112",
            "33",
            "6",
            "59",
            "5",
            "162",
            "165",
            "189",
            "216",
            "217",
            "7",
            "192",
            "163",
            "191",
            "190",
            "434",
            "493",
            "463",
            "353",
            "461",
            "407",
            "248"
        ],
        "7": [
            "253",
            "280",
            "278",
            "251",
            "305",
            "277",
            "332",
            "224",
            "359",
            "303",
            "333",
            "275",
            "223",
            "360",
            "249",
            "386",
            "222",
            "412",
            "439",
            "274",
            "438",
            "384",
            "411",
            "193",
            "355",
            "354",
            "272",
            "299",
            "327",
            "271",
            "380",
            "379",
            "378",
            "352",
            "300",
            "298",
            "326",
            "381",
            "324",
            "351",
            "270",
            "405",
            "513",
            "628",
            "487",
            "462",
            "459",
            "440"
        ],