{
    "Instance": "Corners486_G2",
    "Objective": 208,
    "Infeasibility": 0.0020274980283713257,
    "Starting Time": 1692555399.6848068,
    "Time Taken": 134.9715576171875,
    "Initialization Time": 109.36684918403625,
    "nrEliteSolutions": 20,
    "i_max": 500,
    "nrDistricts": 10,
    "delta": 0.05,
    "llambda": 0.7,
    "rcl_parameter": 0.3,
    "Allocation": {
        "0": [
            "36",
            "9",
            "37",
            "8",
            "10",
            "63",
            "64",
            "62",
            "38",
            "39",
            "40",
            "12",
            "61",
            "41",
            "34",
            "88",
            "14",
            "60",
            "33",
            "15",
            "114",
            "87",
            "16",
            "6",
            "5",
            "4",
            "112",
            "111",
            "3",
            "2",
            "30",
            "166",
            "57",
            "109",
            "58",
            "193",
            "83",
            "165",
            "56",
            "164",
            "55",
            "163",
            "54",
            "28",
            "190",
            "189",
            "135",
            "277",
            "250"
        ],
        "1": [
            "80",
            "53",
            "26",
            "25",
            "24",
            "51",
            "50",
            "49",
            "77",
            "48",
            "21",
            "104",
            "103",
            "131",
            "75",
            "47",
            "132",
            "74",
            "20",
            "102",
            "133",
            "19",
            "73",
            "46",
            "101",
            "129",
            "128",
            "159",
            "134",
            "161",
            "185",
            "212",
            "184",
            "213",
            "240",
            "241",
            "242",
            "211",
            "215",
            "210",
            "237",
            "182",
            "209",
            "264",
            "317",
            "208"
        ],
        "2": [
            "674",
            "701",
            "700",
            "728",
            "727",
            "699",
            "726",
            "725",
            "724",
            "697",
            "670",
            "723",
            "696",
            "671",
            "669",
            "643",
            "642",
            "668",
            "641",
            "694",
            "644",
            "667",
            "640",
            "666",
            "665",
            "613",
            "692",
            "719",
            "718",
            "638",
            "720",
            "717",
            "584",
            "690",
            "583",
            "716",
            "556",
            "529",
            "530",
            "503",
            "531",
            "532",
            "558",
            "559",
            "446",
            "420",
            "560",
            "582",
            "635"
        ],
        "3": [
            "702",
            "703",
            "677",
            "704",
            "678",
            "651",
            "652",
            "624",
            "597",
            "623",
            "598",
            "570",
            "622",
            "569",
            "571",
            "543",
            "621",
            "544",
            "568",
            "573",
            "600",
            "516",
            "545",
            "627",
            "574",
            "517",
            "515",
            "547",
            "601",
            "541",
            "548",
            "628",
            "567",
            "488",
            "575",
            "461",
            "434",
            "629",
            "602",
            "460",
            "487",
            "540",
            "486",
            "656",
            "681",
            "300",
            "553",
            "383"
        ],
        "4": [
            "619",
            "591",
            "590",
            "592",
            "620",
            "646",
            "564",
            "563",
            "538",
            "539",
            "566",
            "484",
            "511",
            "510",
            "509",
            "485",
            "457",
            "482",
            "456",
            "481",
            "480",
            "429",
            "428",
            "401",
            "454",
            "431",
            "427",
            "507",
            "374",
            "402",
            "506",
            "400",
            "347",
            "403",
            "561",
            "588",
            "348",
            "399",
            "321",
            "322",
            "377",
            "295",
            "323",
            "350",
            "502",
            "340",
            "526",
            "372",
            "291"
        ],
        "5": [
            "169",
            "142",
            "143",
            "144",
            "116",
            "145",
            "117",
            "171",
            "118",
            "146",
            "119",
            "92",
            "120",
            "93",
            "121",
            "94",
            "148",
            "95",
            "96",
            "175",
            "149",
            "150",
            "202",
            "176",
            "123",
            "151",
            "174",
            "205",
            "201",
            "124",
            "97",
            "125",
            "200",
            "98",
            "203",
            "152",
            "230",
            "126",
            "257",
            "232",
            "207",
            "177",
            "258",
            "180",
            "181",
            "154",
            "269",
            "157",
            "183",
            "370"
        ],
        "6": [
            "709",
            "710",
            "684",
            "711",
            "713",
            "712",
            "686",
            "714",
            "659",
            "660",
            "633",
            "661",
            "606",
            "634",
            "662",
            "605",
            "688",
            "607",
            "579",
            "636",
            "604",
            "578",
            "609",
            "552",
            "551",
            "524",
            "610",
            "581",
            "577",
            "497",
            "496",
            "550",
            "499",
            "527",
            "500",
            "472",
            "473",
            "611",
            "572",
            "498",
            "599",
            "521",
            "654",
            "467",
            "368",
            "534",
            "463"
        ],
        "7": [
            "219",
            "273",
            "246",
            "245",
            "244",
            "272",
            "299",
            "271",
            "301",
            "328",
            "326",
            "302",
            "329",
            "270",
            "355",
            "353",
            "325",
            "275",
            "382",
            "354",
            "248",
            "381",
            "351",
            "409",
            "249",
            "436",
            "378",
            "222",
            "223",
            "195",
            "324",
            "379",
            "194",
            "224",
            "406",
            "405",
            "407",
            "384",
            "437",
            "438",
            "197",
            "433",
            "432",
            "304",
            "331",
            "358",
            "216",
            "113",
            "110",
            "162",
            "139",
            "276"
        ],