{
    "Instance": "Corners486_G4",
    "Objective": 226,
    "Infeasibility": 0.0,
    "Starting Time": 1692554977.0260158,
    "Time Taken": 140.9578354358673,
    "Initialization Time": 114.21780371665955,
    "nrEliteSolutions": 20,
    "i_max": 500,
    "nrDistricts": 10,
    "delta": 0.05,
    "llambda": 0.7,
    "rcl_parameter": 0.3,
    "Allocation": {
        "0": [
            "153",
            "180",
            "207",
            "151",
            "208",
            "234",
            "150",
            "71",
            "178",
            "235",
            "261",
            "72",
            "149",
            "209",
            "205",
            "44",
            "182",
            "122",
            "73",
            "288",
            "289",
            "74",
            "95",
            "262",
            "287",
            "94",
            "67",
            "314",
            "17",
            "16",
            "341",
            "176",
            "18",
            "260",
            "313",
            "19",
            "232",
            "15",
            "231",
            "259",
            "230",
            "258",
            "255",
            "256",
            "342",
            "41",
            "14",
            "125",
            "197",
            "75",
            "293"
        ],
        "1": [
            "377",
            "376",
            "404",
            "350",
            "431",
            "349",
            "375",
            "348",
            "458",
            "402",
            "485",
            "430",
            "321",
            "484",
            "347",
            "456",
            "346",
            "373",
            "372",
            "400",
            "455",
            "427",
            "371",
            "428",
            "398",
            "482",
            "425",
            "397",
            "396",
            "452",
            "453",
            "480",
            "370",
            "507",
            "506",
            "534",
            "505",
            "533",
            "532",
            "561",
            "559",
            "531",
            "530",
            "586",
            "529",
            "476",
            "475",
            "614",
            "588",
            "716",
            "579"
        ],
        "2": [
            "675",
            "702",
            "703",
            "704",
            "678",
            "705",
            "679",
            "680",
            "652",
            "653",
            "626",
            "654",
            "624",
            "598",
            "627",
            "655",
            "623",
            "622",
            "571",
            "544",
            "682",
            "656",
            "621",
            "709",
            "657",
            "684",
            "545",
            "546",
            "595",
            "568",
            "547",
            "572",
            "543",
            "541",
            "594",
            "542",
            "514",
            "487",
            "540",
            "574",
            "460",
            "516",
            "486",
            "575",
            "488",
            "601",
            "665",
            "664",
            "441",
            "690"
        ],
        "3": [
            "309",
            "308",
            "307",
            "333",
            "306",
            "361",
            "332",
            "387",
            "359",
            "414",
            "388",
            "358",
            "362",
            "413",
            "412",
            "415",
            "468",
            "357",
            "440",
            "442",
            "416",
            "384",
            "363",
            "467",
            "443",
            "438",
            "444",
            "445",
            "494",
            "446",
            "419",
            "392",
            "420",
            "364",
            "418",
            "464",
            "493",
            "436",
            "365",
            "338",
            "366",
            "462",
            "422",
            "491",
            "448",
            "449",
            "435",
            "450",
            "273",
            "411"
        ],
        "4": [
            "0",
            "1",
            "2",
            "28",
            "55",
            "54",
            "82",
            "109",
            "83",
            "84",
            "112",
            "111",
            "138",
            "139",
            "137",
            "165",
            "140",
            "141",
            "166",
            "142",
            "192",
            "168",
            "191",
            "114",
            "190",
            "218",
            "163",
            "217",
            "189",
            "216",
            "162",
            "244",
            "135",
            "243",
            "380",
            "251",
            "152",
            "297",
            "96",
            "465",
            "278",
            "250",
            "439",
            "277",
            "331",
            "360",
            "175"
        ],
        "5": [
            "6",
            "59",
            "5",
            "32",
            "60",
            "61",
            "58",
            "88",
            "34",
            "35",
            "89",
            "36",
            "8",
            "37",
            "9",
            "63",
            "65",
            "64",
            "38",
            "92",
            "91",
            "11",
            "117",
            "144",
            "118",
            "171",
            "170",
            "172",
            "199",
            "173",
            "226",
            "146",
            "200",
            "174",
            "147",
            "253",
            "201",
            "202",
            "120",
            "179",
            "206",
            "126",
            "98",
            "224",
            "195",
            "196",
            "271"
        ],
        "6": [
            "728",
            "700",
            "699",
            "727",
            "673",
            "698",
            "674",
            "697",
            "646",
            "671",
            "670",
            "644",
            "696",
            "695",
            "724",
            "643",
            "723",
            "617",
            "694",
            "616",
            "590",
            "693",
            "642",
            "619",
            "666",
            "639",
            "563",
            "562",
            "591",
            "589",
            "564",
            "592",
            "612",
            "535",
            "613",
            "641",
            "585",
            "565",
            "620",
            "587",
            "583",
            "611",
            "389",
            "631"
        ],
        "7": [
            "295",
            "242",
            "269",
            "296",
            "188",
            "215",
            "161",
            "160",
            "187",
            "134",
            "186",
            "185",
            "133",
            "159",
            "107",
            "213",
            "240",
            "184",
            "212",
            "211",
            "267",
            "239",
            "157",
            "238",
            "265",
            "292",
            "237",
            "156",
            "291",
            "129",
            "102",
            "318",
            "290",
            "263",
            "76",
            "48",
            "49",
            "77",
            "22",
            "50",
            "78",
            "104",
            "23",
            "51",
            "105",
            "52",
            "25",
            "26",
            "257"
        ],