{
    "Instance": "Corners486_G25",
    "Objective": 237,
    "Infeasibility": 0.016775354400889866,
    "Starting Time": 1711820872.580002,
    "Time Taken": 124.30230951309204,
    "Initialization Time": 100.75816106796265,
    "nrEliteSolutions": 20,
    "i_max": 500,
    "nrDistricts": 10,
    "delta": 0.05,
    "llambda": 0.7,
    "rcl_parameter": 0.3,
    "Allocation": {
        "0": [
            "451",
            "424",
            "425",
            "505",
            "423",
            "396",
            "370",
            "476",
            "398",
            "427",
            "371",
            "343",
            "449",
            "453",
            "448",
            "372",
            "342",
            "400",
            "341",
            "401",
            "455",
            "456",
            "454",
            "340",
            "429",
            "313",
            "286",
            "368",
            "367",
            "315",
            "339",
            "287",
            "365",
            "345",
            "233",
            "318",
            "260",
            "208",
            "214",
            "179",
            "186",
            "280",
            "249",
            "160",
            "93",
            "224",
            "358",
            "117",
            "90",
            "441"
        ],
        "1": [
            "648",
            "702",
            "675",
            "676",
            "704",
            "703",
            "705",
            "678",
            "651",
            "624",
            "650",
            "652",
            "625",
            "653",
            "626",
            "680",
            "681",
            "627",
            "707",
            "628",
            "600",
            "708",
            "629",
            "573",
            "601",
            "656",
            "546",
            "683",
            "572",
            "710",
            "571",
            "519",
            "657",
            "518",
            "547",
            "520",
            "521",
            "408",
            "328",
            "490",
            "435",
            "379",
            "516",
            "353",
            "570",
            "567",
            "463",
            "304"
        ],
        "2": [
            "220",
            "193",
            "194",
            "166",
            "164",
            "165",
            "137",
            "191",
            "112",
            "136",
            "190",
            "110",
            "217",
            "109",
            "113",
            "244",
            "108",
            "81",
            "243",
            "272",
            "87",
            "88",
            "270",
            "298",
            "89",
            "297",
            "60",
            "273",
            "326",
            "329",
            "59",
            "355",
            "58",
            "31",
            "33",
            "6",
            "30",
            "8",
            "55",
            "4",
            "3",
            "5",
            "28",
            "2",
            "36",
            "63",
            "37",
            "0",
            "35",
            "56",
            "1",
            "29",
            "337"
        ],
        "3": [
            "722",
            "694",
            "721",
            "693",
            "692",
            "691",
            "665",
            "690",
            "718",
            "664",
            "638",
            "637",
            "717",
            "611",
            "663",
            "610",
            "716",
            "662",
            "612",
            "584",
            "583",
            "635",
            "585",
            "715",
            "661",
            "556",
            "586",
            "582",
            "559",
            "560",
            "660",
            "688",
            "659",
            "687",
            "686",
            "533",
            "685",
            "580",
            "442",
            "496",
            "361",
            "603",
            "338",
            "394",
            "366",
            "312",
            "417",
            "555"
        ],
        "4": [
            "128",
            "101",
            "74",
            "100",
            "48",
            "99",
            "47",
            "20",
            "49",
            "21",
            "19",
            "22",
            "76",
            "72",
            "50",
            "97",
            "23",
            "103",
            "45",
            "51",
            "24",
            "124",
            "96",
            "78",
            "104",
            "95",
            "44",
            "43",
            "42",
            "17",
            "94",
            "122",
            "16",
            "15",
            "123",
            "150",
            "25",
            "14",
            "7",
            "199",
            "114",
            "64",
            "196",
            "106",
            "235",
            "211",
            "197",
            "264",
            "255",
            "225"
        ],
        "5": [
            "647",
            "674",
            "673",
            "700",
            "727",
            "699",
            "698",
            "697",
            "671",
            "670",
            "643",
            "669",
            "668",
            "615",
            "642",
            "588",
            "590",
            "591",
            "589",
            "617",
            "563",
            "564",
            "618",
            "536",
            "592",
            "537",
            "509",
            "645",
            "508",
            "482",
            "566",
            "481",
            "507",
            "511",
            "512",
            "484",
            "485",
            "458",
            "431",
            "404",
            "346",
            "426",
            "477",
            "478",
            "289",
            "428",
            "291",
            "265",
            "395",
            "503"
        ],
        "6": [
            "622",
            "595",
            "568",
            "540",
            "513",
            "486",
            "459",
            "487",
            "488",
            "432",
            "489",
            "405",
            "433",
            "461",
            "406",
            "378",
            "462",
            "407",
            "543",
            "351",
            "464",
            "542",
            "544",
            "465",
            "352",
            "491",
            "438",
            "324",
            "409",
            "411",
            "410",
            "380",
            "381",
            "412",
            "357",
            "330",
            "356",
            "331",
            "305",
            "306",
            "278",
            "138",
            "189",
            "327",
            "274",
            "354",
            "163"
        ],
        "7": [
            "631",
            "604",
            "605",
            "576",
            "577",
            "575",
            "550",
            "549",
            "523",
            "524",
            "525",
            "526",
            "552",
            "499",
            "579",
            "500",
            "607",
            "472",
            "501",
            "473",
            "474",
            "634",
            "446",
            "608",
            "528",
            "419",
            "554",
            "418",
            "390",
            "444",
            "389",
            "443",
            "470",
            "440",
            "468",
            "467",
            "285",
            "308",
            "387",
            "226",
            "284",
            "258",
            "200",
            "385",
            "201",
            "335",
            "391",
            "281"
        ],