{
    "Instance": "Corners486_G23",
    "Objective": 233,
    "Infeasibility": 0.02653982481510094,
    "Starting Time": 1711821490.3905022,
    "Time Taken": 120.94193243980408,
    "Initialization Time": 96.95505118370056,
    "nrEliteSolutions": 20,
    "i_max": 500,
    "nrDistricts": 10,
    "delta": 0.05,
    "llambda": 0.7,
    "rcl_parameter": 0.3,
    "Allocation": {
        "0": [
            "151",
            "178",
            "148",
            "175",
            "97",
            "179",
            "126",
            "120",
            "206",
            "181",
            "99",
            "233",
            "207",
            "260",
            "66",
            "234",
            "172",
            "65",
            "182",
            "235",
            "200",
            "64",
            "155",
            "156",
            "262",
            "263",
            "92",
            "41",
            "197",
            "40",
            "264",
            "42",
            "12",
            "15",
            "198",
            "44",
            "170",
            "17",
            "13",
            "16",
            "69",
            "14",
            "39",
            "315",
            "369",
            "316",
            "146",
            "402",
            "250",
            "375",
            "454",
            "293"
        ],
        "1": [
            "547",
            "520",
            "521",
            "522",
            "495",
            "523",
            "549",
            "576",
            "496",
            "524",
            "497",
            "577",
            "550",
            "603",
            "551",
            "469",
            "630",
            "578",
            "498",
            "579",
            "552",
            "631",
            "605",
            "632",
            "633",
            "660",
            "687",
            "688",
            "689",
            "661",
            "662",
            "714",
            "690",
            "717",
            "663",
            "686",
            "636",
            "715",
            "685",
            "713",
            "684",
            "712",
            "718",
            "637",
            "683",
            "656",
            "625",
            "623",
            "626"
        ],
        "2": [
            "594",
            "567",
            "541",
            "488",
            "515",
            "542",
            "487",
            "516",
            "461",
            "517",
            "460",
            "486",
            "490",
            "433",
            "544",
            "513",
            "463",
            "598",
            "570",
            "572",
            "597",
            "600",
            "627",
            "654",
            "652",
            "681",
            "651",
            "650",
            "677",
            "678",
            "649",
            "648",
            "676",
            "682",
            "680",
            "675",
            "705",
            "708",
            "706",
            "709",
            "622",
            "703",
            "702",
            "384",
            "380",
            "405",
            "201"
        ],
        "3": [
            "392",
            "418",
            "391",
            "417",
            "445",
            "444",
            "416",
            "472",
            "446",
            "473",
            "500",
            "527",
            "501",
            "554",
            "555",
            "502",
            "581",
            "529",
            "530",
            "557",
            "583",
            "531",
            "558",
            "532",
            "533",
            "505",
            "506",
            "534",
            "507",
            "478",
            "480",
            "535",
            "451",
            "450",
            "508",
            "481",
            "477",
            "453",
            "476",
            "423",
            "449",
            "448",
            "421",
            "420",
            "639",
            "399",
            "349",
            "401",
            "261",
            "727",
            "322"
        ],
        "4": [
            "692",
            "693",
            "665",
            "666",
            "667",
            "720",
            "668",
            "694",
            "612",
            "695",
            "721",
            "613",
            "611",
            "696",
            "722",
            "697",
            "614",
            "723",
            "587",
            "724",
            "615",
            "670",
            "616",
            "698",
            "725",
            "589",
            "590",
            "562",
            "726",
            "700",
            "728",
            "591",
            "673",
            "646",
            "619",
            "620",
            "593",
            "618",
            "643",
            "644",
            "566",
            "592",
            "539",
            "537",
            "538",
            "236",
            "556",
            "230"
        ],
        "5": [
            "267",
            "240",
            "239",
            "238",
            "212",
            "211",
            "185",
            "160",
            "159",
            "186",
            "134",
            "161",
            "133",
            "106",
            "188",
            "215",
            "79",
            "214",
            "80",
            "52",
            "78",
            "51",
            "25",
            "26",
            "24",
            "50",
            "49",
            "48",
            "76",
            "103",
            "102",
            "130",
            "104",
            "101",
            "131",
            "74",
            "73",
            "46",
            "19",
            "72",
            "100",
            "150",
            "149",
            "125",
            "124",
            "98",
            "180",
            "232",
            "205"
        ],
        "6": [
            "297",
            "271",
            "270",
            "243",
            "272",
            "217",
            "216",
            "273",
            "218",
            "245",
            "246",
            "299",
            "300",
            "274",
            "326",
            "219",
            "247",
            "275",
            "192",
            "193",
            "190",
            "302",
            "303",
            "166",
            "194",
            "304",
            "163",
            "331",
            "305",
            "195",
            "168",
            "221",
            "330",
            "141",
            "278",
            "251",
            "253",
            "254",
            "226",
            "228",
            "229",
            "8",
            "334",
            "136",
            "173",
            "93",
            "111",
            "115"
        ],
        "7": [
            "81",
            "54",
            "27",
            "28",
            "0",
            "29",
            "56",
            "58",
            "57",
            "31",
            "32",
            "85",
            "86",
            "87",
            "112",
            "110",
            "5",
            "113",
            "138",
            "88",
            "6",
            "60",
            "114",
            "7",
            "137",
            "164",
            "35",
            "61",
            "135",
            "140",
            "109",
            "89",
            "90",
            "63",
            "117",
            "116",
            "36",
            "9",
            "62",
            "91",
            "10",
            "38",
            "255",
            "43",
            "147",
            "171"
        ],