{
    "Instance": "Corners486_G7",
    "Objective": 195,
    "Infeasibility": 0.04943254591496919,
    "Starting Time": 1692555393.9787915,
    "Time Taken": 133.41719269752502,
    "Initialization Time": 107.58861231803894,
    "nrEliteSolutions": 20,
    "i_max": 500,
    "nrDistricts": 10,
    "delta": 0.05,
    "llambda": 0.7,
    "rcl_parameter": 0.3,
    "Allocation": {
        "0": [
            "19",
            "45",
            "46",
            "18",
            "44",
            "72",
            "43",
            "70",
            "99",
            "98",
            "126",
            "127",
            "125",
            "97",
            "124",
            "152",
            "179",
            "96",
            "95",
            "178",
            "151",
            "180",
            "150",
            "94",
            "177",
            "149",
            "204",
            "67",
            "176",
            "205",
            "175",
            "174",
            "148",
            "232",
            "259",
            "260",
            "147",
            "202",
            "201",
            "287",
            "229",
            "228",
            "288",
            "230",
            "256",
            "255",
            "289",
            "282",
            "281",
            "315",
            "477"
        ],
        "1": [
            "355",
            "356",
            "383",
            "410",
            "411",
            "437",
            "438",
            "436",
            "439",
            "465",
            "435",
            "408",
            "434",
            "462",
            "407",
            "381",
            "380",
            "406",
            "405",
            "379",
            "432",
            "353",
            "378",
            "352",
            "326",
            "299",
            "459",
            "327",
            "460",
            "325",
            "486",
            "300",
            "487",
            "272",
            "513",
            "271",
            "245",
            "244",
            "270",
            "243",
            "297",
            "166",
            "250",
            "223",
            "279",
            "196",
            "253",
            "197",
            "171",
            "332",
            "198"
        ],
        "2": [
            "702",
            "675",
            "648",
            "676",
            "677",
            "621",
            "650",
            "622",
            "623",
            "651",
            "624",
            "652",
            "595",
            "597",
            "625",
            "653",
            "680",
            "654",
            "707",
            "568",
            "627",
            "567",
            "541",
            "706",
            "708",
            "569",
            "600",
            "628",
            "705",
            "573",
            "629",
            "601",
            "546",
            "602",
            "656",
            "574",
            "545",
            "603",
            "518",
            "543",
            "571",
            "517",
            "491",
            "516",
            "490",
            "712",
            "494",
            "660"
        ],
        "3": [
            "26",
            "25",
            "52",
            "51",
            "77",
            "78",
            "76",
            "104",
            "49",
            "75",
            "103",
            "22",
            "131",
            "130",
            "48",
            "74",
            "23",
            "21",
            "158",
            "132",
            "157",
            "129",
            "133",
            "106",
            "184",
            "211",
            "107",
            "80",
            "212",
            "183",
            "182",
            "134",
            "161",
            "209",
            "213",
            "208",
            "235",
            "186",
            "214",
            "215",
            "242",
            "269",
            "268",
            "296",
            "265",
            "321",
            "349",
            "344",
            "376"
        ],
        "4": [
            "693",
            "720",
            "694",
            "721",
            "722",
            "723",
            "697",
            "699",
            "725",
            "671",
            "616",
            "673",
            "642",
            "700",
            "589",
            "615",
            "562",
            "645",
            "727",
            "561",
            "640",
            "728",
            "563",
            "536",
            "674",
            "564",
            "590",
            "612",
            "619",
            "565",
            "534",
            "537",
            "509",
            "587",
            "538",
            "566",
            "476",
            "450",
            "507",
            "479",
            "481",
            "510",
            "506",
            "664",
            "451",
            "580",
            "683"
        ],
        "5": [
            "41",
            "12",
            "14",
            "39",
            "38",
            "37",
            "10",
            "65",
            "92",
            "9",
            "91",
            "8",
            "119",
            "7",
            "89",
            "117",
            "116",
            "88",
            "144",
            "145",
            "115",
            "172",
            "170",
            "61",
            "60",
            "87",
            "225",
            "169",
            "33",
            "168",
            "141",
            "278",
            "305",
            "306",
            "361",
            "333",
            "415",
            "331",
            "386",
            "307",
            "469",
            "442",
            "360",
            "416",
            "336"
        ],
        "6": [
            "529",
            "501",
            "502",
            "500",
            "499",
            "473",
            "474",
            "472",
            "526",
            "447",
            "498",
            "497",
            "470",
            "443",
            "468",
            "444",
            "467",
            "417",
            "418",
            "390",
            "414",
            "521",
            "493",
            "388",
            "413",
            "520",
            "419",
            "362",
            "519",
            "392",
            "393",
            "385",
            "366",
            "337",
            "364",
            "310",
            "550",
            "313",
            "579",
            "284",
            "548",
            "342",
            "340",
            "522",
            "341",
            "368",
            "605",
            "607",
            "544",
            "339"
        ],
        "7": [
            "512",
            "485",
            "458",
            "457",
            "430",
            "404",
            "431",
            "456",
            "403",
            "377",
            "350",
            "348",
            "347",
            "346",
            "294",
            "320",
            "345",
            "293",
            "266",
            "400",
            "372",
            "427",
            "371",
            "239",
            "318",
            "317",
            "428",
            "343",
            "426",
            "240",
            "241",
            "425",
            "369",
            "396",
            "423",
            "312",
            "421",
            "311",
            "397",
            "422",
            "532",
            "480",
            "314",
            "478",
            "258",
            "373",
            "335"
        ],