{
    "Instance": "Corners486_G20",
    "Objective": 243,
    "Infeasibility": 0.0006437768240343347,
    "Starting Time": 1711821232.8745728,
    "Time Taken": 127.00451612472534,
    "Initialization Time": 102.60939598083496,
    "nrEliteSolutions": 20,
    "i_max": 500,
    "nrDistricts": 10,
    "delta": 0.05,
    "llambda": 0.7,
    "rcl_parameter": 0.3,
    "Allocation": {
        "0": [
            "90",
            "91",
            "171",
            "36",
            "172",
            "142",
            "169",
            "146",
            "115",
            "37",
            "9",
            "38",
            "114",
            "224",
            "168",
            "65",
            "66",
            "87",
            "93",
            "120",
            "8",
            "39",
            "278",
            "12",
            "254",
            "113",
            "59",
            "167",
            "32",
            "11",
            "61",
            "5",
            "194",
            "33",
            "166",
            "227",
            "165",
            "149",
            "96",
            "57",
            "71",
            "44",
            "72",
            "228",
            "252",
            "163",
            "334",
            "22",
            "153",
            "125"
        ],
        "1": [
            "701",
            "726",
            "728",
            "727",
            "699",
            "725",
            "698",
            "697",
            "670",
            "669",
            "642",
            "695",
            "641",
            "615",
            "694",
            "588",
            "614",
            "587",
            "589",
            "617",
            "613",
            "534",
            "507",
            "508",
            "590",
            "535",
            "644",
            "506",
            "505",
            "504",
            "645",
            "591",
            "586",
            "618",
            "478",
            "647",
            "673",
            "558",
            "374",
            "453",
            "721",
            "341",
            "551",
            "264",
            "592"
        ],
        "2": [
            "705",
            "707",
            "706",
            "679",
            "651",
            "652",
            "650",
            "677",
            "623",
            "676",
            "622",
            "703",
            "675",
            "702",
            "621",
            "595",
            "568",
            "594",
            "541",
            "514",
            "599",
            "573",
            "600",
            "626",
            "324",
            "243",
            "329",
            "270",
            "248",
            "271",
            "386",
            "274",
            "326",
            "219",
            "327",
            "249",
            "275",
            "220",
            "489",
            "356",
            "516",
            "517",
            "246",
            "435",
            "383",
            "437",
            "378"
        ],
        "3": [
            "709",
            "710",
            "682",
            "683",
            "656",
            "629",
            "602",
            "657",
            "603",
            "576",
            "550",
            "578",
            "524",
            "525",
            "526",
            "499",
            "496",
            "500",
            "527",
            "501",
            "502",
            "529",
            "475",
            "472",
            "471",
            "445",
            "474",
            "418",
            "417",
            "447",
            "420",
            "443",
            "415",
            "530",
            "442",
            "421",
            "391",
            "364",
            "365",
            "363",
            "422",
            "367",
            "389",
            "336",
            "315",
            "260",
            "229",
            "371",
            "397",
            "373"
        ],
        "4": [
            "161",
            "133",
            "107",
            "134",
            "80",
            "106",
            "79",
            "104",
            "53",
            "105",
            "132",
            "131",
            "26",
            "25",
            "77",
            "103",
            "102",
            "76",
            "50",
            "51",
            "75",
            "23",
            "24",
            "21",
            "20",
            "19",
            "18",
            "17",
            "43",
            "42",
            "70",
            "15",
            "14",
            "97",
            "99",
            "123",
            "73",
            "69",
            "47",
            "13",
            "126",
            "94",
            "122",
            "175",
            "128",
            "151",
            "150",
            "174",
            "148",
            "154",
            "127"
        ],
        "5": [
            "210",
            "184",
            "183",
            "156",
            "185",
            "157",
            "213",
            "239",
            "240",
            "241",
            "214",
            "267",
            "187",
            "215",
            "263",
            "295",
            "269",
            "262",
            "261",
            "290",
            "235",
            "288",
            "342",
            "233",
            "317",
            "286",
            "396",
            "370",
            "344",
            "179",
            "285",
            "230",
            "232",
            "203",
            "366",
            "284",
            "231",
            "204",
            "207",
            "312",
            "416",
            "197",
            "350",
            "206",
            "117",
            "427",
            "497",
            "581",
            "401"
        ],
        "6": [
            "405",
            "351",
            "432",
            "406",
            "407",
            "434",
            "380",
            "461",
            "462",
            "490",
            "542",
            "515",
            "491",
            "544",
            "464",
            "545",
            "465",
            "438",
            "410",
            "409",
            "411",
            "439",
            "440",
            "467",
            "494",
            "521",
            "468",
            "493",
            "520",
            "548",
            "519",
            "280",
            "486",
            "331",
            "279",
            "226",
            "253",
            "196",
            "308",
            "225",
            "256",
            "283",
            "137",
            "198",
            "487",
            "301",
            "360",
            "598",
            "359",
            "572"
        ],
        "7": [
            "715",
            "716",
            "689",
            "717",
            "690",
            "662",
            "718",
            "661",
            "719",
            "691",
            "634",
            "660",
            "692",
            "633",
            "665",
            "659",
            "607",
            "686",
            "632",
            "608",
            "666",
            "580",
            "631",
            "639",
            "612",
            "554",
            "555",
            "611",
            "584",
            "528",
            "610",
            "637",
            "583",
            "636",
            "556",
            "646",
            "616",
            "533",
            "577",
            "403",
            "668",
            "446",
            "628",
            "348",
            "339",
            "340",
            "424",
            "483",
            "536",
            "561"
        ],