{
    "Instance": "Corners486_G28",
    "Objective": 226,
    "Infeasibility": 1.909125620460144e-05,
    "Starting Time": 1711821109.7891192,
    "Time Taken": 119.59933352470398,
    "Initialization Time": 96.02986717224121,
    "nrEliteSolutions": 20,
    "i_max": 500,
    "nrDistricts": 10,
    "delta": 0.05,
    "llambda": 0.7,
    "rcl_parameter": 0.3,
    "Allocation": {
        "0": [
            "527",
            "555",
            "556",
            "500",
            "582",
            "473",
            "583",
            "553",
            "609",
            "581",
            "525",
            "446",
            "472",
            "474",
            "584",
            "580",
            "608",
            "445",
            "447",
            "636",
            "419",
            "471",
            "498",
            "444",
            "443",
            "637",
            "420",
            "448",
            "416",
            "638",
            "418",
            "639",
            "415",
            "612",
            "613",
            "497",
            "586",
            "559",
            "560",
            "561",
            "588",
            "558",
            "389",
            "390",
            "615",
            "237",
            "157",
            "155",
            "129",
            "664",
            "510"
        ],
        "1": [
            "303",
            "304",
            "330",
            "331",
            "277",
            "305",
            "332",
            "358",
            "333",
            "359",
            "360",
            "334",
            "250",
            "361",
            "387",
            "307",
            "308",
            "335",
            "249",
            "280",
            "336",
            "281",
            "248",
            "279",
            "253",
            "254",
            "226",
            "247",
            "199",
            "225",
            "172",
            "224",
            "220",
            "198",
            "171",
            "219",
            "144",
            "143",
            "116",
            "170",
            "299",
            "62",
            "297",
            "326",
            "83",
            "93",
            "272",
            "10",
            "165",
            "194",
            "3"
        ],
        "2": [
            "598",
            "625",
            "624",
            "652",
            "679",
            "653",
            "678",
            "677",
            "706",
            "707",
            "676",
            "650",
            "705",
            "649",
            "675",
            "703",
            "595",
            "622",
            "621",
            "594",
            "596",
            "567",
            "513",
            "541",
            "540",
            "514",
            "487",
            "460",
            "488",
            "542",
            "543",
            "486",
            "570",
            "461",
            "434",
            "407",
            "408",
            "380",
            "353",
            "354",
            "606",
            "464",
            "657",
            "327",
            "381",
            "549",
            "573"
        ],
        "3": [
            "53",
            "25",
            "26",
            "24",
            "77",
            "78",
            "51",
            "75",
            "104",
            "76",
            "49",
            "103",
            "132",
            "102",
            "158",
            "74",
            "22",
            "185",
            "133",
            "21",
            "156",
            "73",
            "72",
            "45",
            "71",
            "106",
            "183",
            "182",
            "98",
            "46",
            "127",
            "210",
            "70",
            "134",
            "18",
            "69",
            "96",
            "99",
            "42",
            "43",
            "16",
            "68",
            "161",
            "188",
            "211",
            "178",
            "128"
        ],
        "4": [
            "566",
            "539",
            "538",
            "511",
            "483",
            "484",
            "482",
            "509",
            "457",
            "456",
            "508",
            "481",
            "535",
            "507",
            "398",
            "344",
            "370",
            "452",
            "453",
            "316",
            "318",
            "289",
            "450",
            "319",
            "288",
            "320",
            "449",
            "262",
            "292",
            "261",
            "287",
            "265",
            "264",
            "238",
            "212",
            "236",
            "213",
            "186",
            "214",
            "241",
            "242",
            "269",
            "268",
            "296",
            "295",
            "323",
            "505",
            "231",
            "131",
            "228",
            "394",
            "528"
        ],
        "5": [
            "441",
            "440",
            "468",
            "413",
            "494",
            "467",
            "466",
            "521",
            "465",
            "412",
            "411",
            "522",
            "520",
            "410",
            "491",
            "523",
            "437",
            "463",
            "490",
            "576",
            "518",
            "550",
            "545",
            "575",
            "544",
            "436",
            "356",
            "489",
            "546",
            "572",
            "574",
            "409",
            "577",
            "355",
            "602",
            "603",
            "604",
            "578",
            "630",
            "656",
            "709",
            "628",
            "655",
            "710",
            "682",
            "627",
            "298",
            "243"
        ],
        "6": [
            "14",
            "13",
            "12",
            "39",
            "66",
            "11",
            "37",
            "9",
            "36",
            "92",
            "64",
            "94",
            "8",
            "63",
            "119",
            "121",
            "89",
            "7",
            "118",
            "34",
            "148",
            "6",
            "88",
            "115",
            "175",
            "149",
            "87",
            "150",
            "123",
            "177",
            "202",
            "204",
            "229",
            "230",
            "256",
            "86",
            "283",
            "310",
            "284",
            "151",
            "203",
            "179",
            "258",
            "232",
            "233",
            "180",
            "206",
            "153",
            "259",
            "138",
            "168"
        ],
        "7": [
            "647",
            "674",
            "673",
            "700",
            "727",
            "699",
            "726",
            "697",
            "698",
            "671",
            "724",
            "670",
            "644",
            "643",
            "669",
            "617",
            "591",
            "618",
            "668",
            "667",
            "619",
            "564",
            "641",
            "592",
            "694",
            "721",
            "722",
            "720",
            "693",
            "692",
            "691",
            "690",
            "689",
            "717",
            "662",
            "688",
            "687",
            "686",
            "714",
            "659",
            "685",
            "632",
            "631",
            "605",
            "504",
            "526"
        ],