{
    "Instance": "Corners486_G10",
    "Objective": 263,
    "Infeasibility": 0.0,
    "Starting Time": 1711821849.4216397,
    "Time Taken": 125.79650449752808,
    "Initialization Time": 100.50538873672485,
    "nrEliteSolutions": 20,
    "i_max": 500,
    "nrDistricts": 10,
    "delta": 0.05,
    "llambda": 0.7,
    "rcl_parameter": 0.3,
    "Allocation": {
        "0": [
            "281",
            "255",
            "308",
            "305",
            "332",
            "304",
            "361",
            "359",
            "251",
            "358",
            "386",
            "388",
            "224",
            "330",
            "252",
            "225",
            "389",
            "442",
            "226",
            "390",
            "417",
            "198",
            "171",
            "199",
            "392",
            "363",
            "364",
            "172",
            "418",
            "365",
            "200",
            "393",
            "366",
            "338",
            "284",
            "285",
            "421",
            "422",
            "286",
            "283",
            "259",
            "370",
            "375",
            "404",
            "504",
            "402",
            "489"
        ],
        "1": [
            "21",
            "48",
            "23",
            "22",
            "49",
            "76",
            "75",
            "77",
            "103",
            "74",
            "78",
            "104",
            "131",
            "79",
            "51",
            "52",
            "107",
            "53",
            "80",
            "25",
            "134",
            "133",
            "160",
            "159",
            "187",
            "186",
            "188",
            "213",
            "185",
            "212",
            "215",
            "211",
            "210",
            "183",
            "238",
            "156",
            "209",
            "129",
            "208",
            "236",
            "235",
            "263",
            "234",
            "290",
            "233",
            "264",
            "289",
            "261",
            "154"
        ],
        "2": [
            "647",
            "620",
            "593",
            "619",
            "566",
            "592",
            "591",
            "539",
            "565",
            "512",
            "538",
            "564",
            "511",
            "510",
            "590",
            "589",
            "562",
            "509",
            "483",
            "535",
            "588",
            "615",
            "587",
            "536",
            "482",
            "614",
            "586",
            "642",
            "669",
            "670",
            "671",
            "696",
            "560",
            "644",
            "723",
            "724",
            "698",
            "645",
            "699",
            "700",
            "726",
            "673",
            "701",
            "728",
            "556"
        ],
        "3": [
            "241",
            "269",
            "295",
            "268",
            "322",
            "296",
            "323",
            "294",
            "293",
            "376",
            "350",
            "348",
            "403",
            "320",
            "374",
            "319",
            "431",
            "373",
            "458",
            "346",
            "429",
            "345",
            "400",
            "318",
            "344",
            "399",
            "398",
            "426",
            "428",
            "397",
            "341",
            "314",
            "369",
            "424",
            "427",
            "451",
            "478",
            "507",
            "479",
            "452",
            "477",
            "480",
            "506",
            "502",
            "313",
            "476",
            "548",
            "420",
            "311"
        ],
        "4": [
            "606",
            "604",
            "632",
            "605",
            "631",
            "659",
            "603",
            "658",
            "657",
            "686",
            "685",
            "713",
            "714",
            "656",
            "683",
            "629",
            "655",
            "654",
            "628",
            "653",
            "711",
            "710",
            "627",
            "626",
            "652",
            "679",
            "625",
            "680",
            "624",
            "599",
            "651",
            "706",
            "705",
            "704",
            "707",
            "650",
            "678",
            "597",
            "649",
            "648",
            "596",
            "708",
            "676",
            "622",
            "621",
            "675",
            "471",
            "356",
            "450",
            "547"
        ],
        "5": [
            "19",
            "18",
            "44",
            "43",
            "71",
            "72",
            "98",
            "42",
            "69",
            "99",
            "124",
            "97",
            "41",
            "96",
            "126",
            "100",
            "151",
            "123",
            "40",
            "150",
            "122",
            "153",
            "178",
            "121",
            "67",
            "38",
            "66",
            "205",
            "179",
            "120",
            "149",
            "176",
            "203",
            "119",
            "147",
            "230",
            "174",
            "11",
            "201",
            "175",
            "63",
            "9",
            "37",
            "93",
            "36",
            "231",
            "64",
            "62",
            "10",
            "148",
            "182",
            "247",
            "184"
        ],
        "6": [
            "354",
            "381",
            "380",
            "379",
            "406",
            "352",
            "351",
            "325",
            "433",
            "324",
            "298",
            "271",
            "299",
            "270",
            "272",
            "244",
            "245",
            "300",
            "273",
            "246",
            "301",
            "328",
            "219",
            "248",
            "249",
            "221",
            "276",
            "222",
            "223",
            "196",
            "331",
            "333",
            "494",
            "416",
            "409",
            "94",
            "444",
            "16",
            "202",
            "440",
            "177",
            "413",
            "521",
            "95",
            "446",
            "522",
            "307",
            "493",
            "139"
        ],
        "7": [
            "0",
            "2",
            "28",
            "1",
            "3",
            "55",
            "54",
            "56",
            "30",
            "57",
            "31",
            "58",
            "83",
            "84",
            "138",
            "111",
            "137",
            "165",
            "166",
            "164",
            "192",
            "163",
            "167",
            "193",
            "162",
            "189",
            "135",
            "190",
            "168",
            "169",
            "141",
            "170",
            "114",
            "142",
            "143",
            "113",
            "87",
            "116",
            "88",
            "117",
            "60",
            "33",
            "34",
            "6",
            "5",
            "39",
            "12",
            "15",
            "17",
            "466",
            "181"
        ],