{
    "Instance": "Diagonal486_G9",
    "Objective": 235,
    "Infeasibility": 0.007767826386496908,
    "Starting Time": 1692555518.1011136,
    "Time Taken": 138.07357263565063,
    "Initialization Time": 111.12053227424622,
    "nrEliteSolutions": 20,
    "i_max": 500,
    "nrDistricts": 10,
    "delta": 0.05,
    "llambda": 0.7,
    "rcl_parameter": 0.3,
    "Allocation": {
        "0": [
            "604",
            "578",
            "605",
            "603",
            "550",
            "632",
            "579",
            "606",
            "630",
            "576",
            "551",
            "552",
            "607",
            "580",
            "524",
            "523",
            "549",
            "686",
            "634",
            "660",
            "661",
            "713",
            "609",
            "714",
            "712",
            "522",
            "496",
            "685",
            "662",
            "636",
            "521",
            "494",
            "687",
            "635",
            "495",
            "711",
            "689",
            "277",
            "199",
            "226",
            "491",
            "527",
            "526",
            "334",
            "228",
            "438",
            "278",
            "611",
            "253",
            "200"
        ],
        "1": [
            "510",
            "483",
            "457",
            "484",
            "458",
            "431",
            "404",
            "402",
            "403",
            "429",
            "375",
            "348",
            "374",
            "347",
            "321",
            "320",
            "322",
            "294",
            "293",
            "346",
            "323",
            "345",
            "292",
            "266",
            "350",
            "295",
            "268",
            "296",
            "267",
            "265",
            "372",
            "399",
            "264",
            "239",
            "240",
            "238",
            "400",
            "214",
            "242",
            "427",
            "215",
            "186",
            "160",
            "188",
            "159",
            "161",
            "133",
            "132",
            "134",
            "150",
            "23"
        ],
        "2": [
            "0",
            "1",
            "28",
            "55",
            "54",
            "56",
            "57",
            "84",
            "85",
            "112",
            "87",
            "113",
            "59",
            "88",
            "32",
            "5",
            "31",
            "116",
            "33",
            "4",
            "143",
            "144",
            "145",
            "118",
            "146",
            "173",
            "198",
            "119",
            "91",
            "174",
            "92",
            "90",
            "197",
            "201",
            "120",
            "93",
            "63",
            "175",
            "196",
            "202",
            "223",
            "20",
            "42",
            "98",
            "125"
        ],
        "3": [
            "109",
            "108",
            "135",
            "162",
            "163",
            "189",
            "190",
            "216",
            "191",
            "217",
            "271",
            "244",
            "272",
            "299",
            "273",
            "274",
            "276",
            "275",
            "248",
            "221",
            "251",
            "194",
            "279",
            "167",
            "252",
            "305",
            "168",
            "166",
            "225",
            "307",
            "165",
            "227",
            "336",
            "255",
            "363",
            "229",
            "256",
            "230",
            "283",
            "284",
            "311",
            "115",
            "286",
            "235",
            "207",
            "262",
            "260",
            "10"
        ],
        "4": [
            "100",
            "73",
            "47",
            "48",
            "18",
            "17",
            "16",
            "22",
            "14",
            "13",
            "41",
            "69",
            "40",
            "68",
            "50",
            "12",
            "67",
            "51",
            "11",
            "123",
            "122",
            "95",
            "66",
            "149",
            "94",
            "151",
            "148",
            "152",
            "124",
            "78",
            "37",
            "52",
            "25",
            "36",
            "178",
            "35",
            "38",
            "26",
            "105",
            "106",
            "53",
            "107",
            "71",
            "370",
            "259",
            "288",
            "232",
            "319",
            "86",
            "241",
            "171",
            "187",
            "64"
        ],
        "5": [
            "701",
            "728",
            "727",
            "726",
            "699",
            "725",
            "672",
            "645",
            "646",
            "619",
            "620",
            "592",
            "593",
            "565",
            "591",
            "538",
            "539",
            "590",
            "617",
            "589",
            "512",
            "616",
            "642",
            "669",
            "615",
            "668",
            "670",
            "696",
            "667",
            "694",
            "666",
            "693",
            "721",
            "665",
            "692",
            "664",
            "722",
            "720",
            "719",
            "691",
            "718",
            "663",
            "690",
            "717",
            "716",
            "610",
            "531",
            "710",
            "503",
            "608"
        ],
        "6": [
            "359",
            "357",
            "358",
            "356",
            "354",
            "355",
            "382",
            "327",
            "380",
            "408",
            "407",
            "435",
            "379",
            "378",
            "405",
            "406",
            "433",
            "459",
            "432",
            "516",
            "489",
            "461",
            "517",
            "490",
            "463",
            "519",
            "464",
            "492",
            "520",
            "465",
            "547",
            "493",
            "437",
            "466",
            "574",
            "411",
            "439",
            "410",
            "440",
            "441",
            "388",
            "414",
            "501",
            "413",
            "529",
            "581"
        ],
        "7": [
            "365",
            "366",
            "367",
            "368",
            "369",
            "396",
            "342",
            "315",
            "343",
            "316",
            "314",
            "261",
            "317",
            "289",
            "234",
            "290",
            "233",
            "291",
            "206",
            "180",
            "181",
            "182",
            "236",
            "237",
            "154",
            "208",
            "231",
            "204",
            "183",
            "155",
            "184",
            "203",
            "156",
            "128",
            "157",
            "158",
            "129",
            "131",
            "130",
            "104",
            "76",
            "103",
            "43",
            "74",
            "19",
            "21",
            "46",
            "15",
            "96"
        ],