{
    "Instance": "Diagonal486_G22",
    "Objective": 216,
    "Infeasibility": 0.008392628898662394,
    "Starting Time": 1711820626.4673662,
    "Time Taken": 119.84297442436218,
    "Initialization Time": 96.28664565086365,
    "nrEliteSolutions": 20,
    "i_max": 500,
    "nrDistricts": 10,
    "delta": 0.05,
    "llambda": 0.7,
    "rcl_parameter": 0.3,
    "Allocation": {
        "0": [
            "299",
            "272",
            "245",
            "354",
            "303",
            "246",
            "353",
            "218",
            "329",
            "381",
            "330",
            "219",
            "191",
            "356",
            "408",
            "352",
            "220",
            "384",
            "407",
            "434",
            "385",
            "164",
            "461",
            "221",
            "435",
            "436",
            "193",
            "163",
            "460",
            "380",
            "165",
            "433",
            "378",
            "405",
            "411",
            "139",
            "110",
            "138",
            "111",
            "136",
            "140",
            "386",
            "109",
            "112",
            "167",
            "387",
            "168",
            "108",
            "489"
        ],
        "1": [
            "592",
            "591",
            "590",
            "617",
            "563",
            "589",
            "616",
            "536",
            "562",
            "643",
            "669",
            "671",
            "670",
            "672",
            "696",
            "673",
            "674",
            "723",
            "695",
            "724",
            "646",
            "647",
            "701",
            "694",
            "693",
            "692",
            "719",
            "691",
            "718",
            "690",
            "664",
            "663",
            "689",
            "662",
            "716",
            "715",
            "533",
            "665",
            "612",
            "506",
            "641",
            "478",
            "531",
            "503",
            "583",
            "584",
            "610",
            "528",
            "480",
            "505"
        ],
        "2": [
            "3",
            "2",
            "29",
            "28",
            "57",
            "56",
            "55",
            "59",
            "58",
            "32",
            "34",
            "33",
            "6",
            "61",
            "35",
            "9",
            "88",
            "36",
            "115",
            "63",
            "37",
            "90",
            "64",
            "38",
            "39",
            "114",
            "65",
            "117",
            "91",
            "118",
            "40",
            "92",
            "66",
            "12",
            "13",
            "93",
            "41",
            "14",
            "68",
            "15",
            "95",
            "16",
            "69",
            "43",
            "71",
            "44",
            "72",
            "179"
        ],
        "3": [
            "24",
            "25",
            "26",
            "52",
            "79",
            "53",
            "106",
            "78",
            "107",
            "134",
            "132",
            "160",
            "161",
            "131",
            "159",
            "158",
            "104",
            "130",
            "185",
            "186",
            "103",
            "129",
            "157",
            "184",
            "128",
            "156",
            "101",
            "100",
            "213",
            "76",
            "182",
            "181",
            "154",
            "49",
            "209",
            "48",
            "50",
            "47",
            "22",
            "20",
            "46",
            "153",
            "45",
            "126",
            "18",
            "229",
            "196",
            "202",
            "289",
            "290"
        ],
        "4": [
            "481",
            "507",
            "477",
            "560",
            "587",
            "559",
            "558",
            "557",
            "585",
            "556",
            "530",
            "611",
            "639",
            "638",
            "502",
            "501",
            "582",
            "640",
            "637",
            "474",
            "527",
            "526",
            "554",
            "499",
            "553",
            "498",
            "497",
            "471",
            "470",
            "443",
            "444",
            "469",
            "580",
            "605",
            "550",
            "658",
            "440",
            "494",
            "520",
            "628",
            "493",
            "684",
            "687",
            "441",
            "464",
            "518"
        ],
        "5": [
            "427",
            "426",
            "425",
            "424",
            "397",
            "370",
            "452",
            "343",
            "317",
            "344",
            "318",
            "345",
            "346",
            "262",
            "340",
            "372",
            "261",
            "314",
            "319",
            "234",
            "292",
            "235",
            "313",
            "207",
            "180",
            "367",
            "236",
            "339",
            "395",
            "422",
            "449",
            "312",
            "338",
            "311",
            "448",
            "364",
            "391",
            "363",
            "307",
            "335",
            "361",
            "334",
            "360",
            "388",
            "358",
            "304",
            "410"
        ],
        "6": [
            "283",
            "282",
            "281",
            "254",
            "227",
            "200",
            "173",
            "199",
            "228",
            "172",
            "174",
            "198",
            "146",
            "171",
            "225",
            "197",
            "175",
            "148",
            "230",
            "144",
            "252",
            "203",
            "143",
            "121",
            "204",
            "177",
            "223",
            "178",
            "205",
            "206",
            "232",
            "259",
            "150",
            "94",
            "151",
            "124",
            "149",
            "97",
            "96",
            "125",
            "98",
            "70",
            "8",
            "11",
            "291",
            "418",
            "394",
            "362",
            "368"
        ],
        "7": [
            "660",
            "686",
            "659",
            "713",
            "632",
            "631",
            "630",
            "578",
            "657",
            "629",
            "551",
            "656",
            "577",
            "552",
            "579",
            "602",
            "576",
            "525",
            "607",
            "523",
            "522",
            "608",
            "601",
            "634",
            "521",
            "683",
            "682",
            "708",
            "709",
            "496",
            "467",
            "575",
            "549",
            "466",
            "495",
            "548",
            "710",
            "413",
            "439",
            "382",
            "355",
            "300",
            "432",
            "327",
            "359",
            "357",
            "383",
            "301",
            "302"
        ],