{
    "Instance": "Diagonal486_G29",
    "Objective": 212,
    "Infeasibility": 0.021317614897224193,
    "Starting Time": 1711821108.6036587,
    "Time Taken": 124.26705241203308,
    "Initialization Time": 100.27287125587463,
    "nrEliteSolutions": 20,
    "i_max": 500,
    "nrDistricts": 10,
    "delta": 0.05,
    "llambda": 0.7,
    "rcl_parameter": 0.3,
    "Allocation": {
        "0": [
            "557",
            "530",
            "556",
            "529",
            "502",
            "503",
            "583",
            "610",
            "582",
            "637",
            "611",
            "500",
            "449",
            "581",
            "636",
            "638",
            "527",
            "639",
            "635",
            "607",
            "526",
            "640",
            "423",
            "633",
            "606",
            "665",
            "394",
            "397",
            "396",
            "553",
            "663",
            "662",
            "690",
            "717",
            "716",
            "605",
            "689",
            "718",
            "719",
            "398",
            "525",
            "658",
            "317",
            "290",
            "346",
            "561",
            "371",
            "315"
        ],
        "1": [
            "5",
            "4",
            "31",
            "3",
            "29",
            "2",
            "1",
            "83",
            "56",
            "55",
            "54",
            "84",
            "110",
            "136",
            "109",
            "108",
            "135",
            "163",
            "162",
            "191",
            "190",
            "217",
            "192",
            "218",
            "193",
            "216",
            "245",
            "220",
            "243",
            "272",
            "299",
            "300",
            "380",
            "433",
            "382",
            "355",
            "356",
            "486",
            "326",
            "488",
            "351",
            "384",
            "407",
            "354",
            "329"
        ],
        "2": [
            "138",
            "139",
            "140",
            "167",
            "141",
            "113",
            "114",
            "168",
            "87",
            "195",
            "170",
            "222",
            "169",
            "197",
            "223",
            "171",
            "224",
            "198",
            "172",
            "251",
            "144",
            "225",
            "145",
            "173",
            "90",
            "89",
            "200",
            "92",
            "65",
            "63",
            "36",
            "202",
            "64",
            "9",
            "38",
            "228",
            "175",
            "229",
            "62",
            "61",
            "230",
            "281",
            "203",
            "204",
            "177",
            "279",
            "306",
            "231",
            "280",
            "255",
            "307",
            "187"
        ],
        "3": [
            "21",
            "23",
            "78",
            "51",
            "52",
            "77",
            "105",
            "79",
            "53",
            "132",
            "104",
            "76",
            "80",
            "26",
            "159",
            "133",
            "75",
            "107",
            "103",
            "158",
            "134",
            "74",
            "185",
            "161",
            "186",
            "212",
            "130",
            "101",
            "128",
            "211",
            "184",
            "102",
            "129",
            "210",
            "209",
            "236",
            "182",
            "208",
            "183",
            "235",
            "181",
            "14",
            "241",
            "40",
            "127",
            "97",
            "201",
            "71",
            "42",
            "238",
            "316"
        ],
        "4": [
            "324",
            "378",
            "405",
            "460",
            "353",
            "461",
            "487",
            "459",
            "489",
            "513",
            "514",
            "515",
            "541",
            "540",
            "568",
            "357",
            "542",
            "567",
            "490",
            "543",
            "463",
            "544",
            "517",
            "383",
            "464",
            "302",
            "275",
            "303",
            "276",
            "444",
            "465",
            "629",
            "389",
            "594",
            "621",
            "678",
            "653",
            "704",
            "682",
            "687",
            "661",
            "572",
            "604",
            "702",
            "501",
            "311",
            "474",
            "546",
            "358",
            "550"
        ],
        "5": [
            "310",
            "309",
            "336",
            "362",
            "390",
            "363",
            "364",
            "391",
            "365",
            "388",
            "415",
            "414",
            "442",
            "441",
            "413",
            "440",
            "468",
            "386",
            "470",
            "412",
            "495",
            "467",
            "439",
            "494",
            "359",
            "496",
            "522",
            "523",
            "493",
            "438",
            "549",
            "437",
            "524",
            "332",
            "411",
            "436",
            "520",
            "576",
            "521",
            "435",
            "552",
            "580",
            "623",
            "634",
            "608",
            "447",
            "393",
            "651"
        ],
        "6": [
            "512",
            "539",
            "538",
            "565",
            "592",
            "619",
            "618",
            "620",
            "645",
            "647",
            "643",
            "644",
            "674",
            "698",
            "671",
            "616",
            "697",
            "615",
            "725",
            "588",
            "724",
            "726",
            "614",
            "723",
            "560",
            "696",
            "533",
            "727",
            "506",
            "562",
            "532",
            "563",
            "728",
            "535",
            "536",
            "700",
            "505",
            "509",
            "478",
            "482",
            "483",
            "456",
            "477",
            "422",
            "476",
            "425",
            "424",
            "420",
            "452"
        ],
        "7": [
            "12",
            "13",
            "15",
            "16",
            "17",
            "70",
            "68",
            "96",
            "18",
            "44",
            "19",
            "123",
            "98",
            "122",
            "99",
            "121",
            "46",
            "149",
            "94",
            "93",
            "126",
            "153",
            "66",
            "100",
            "125",
            "73",
            "47",
            "180",
            "120",
            "119",
            "207",
            "206",
            "233",
            "234",
            "154",
            "151",
            "205",
            "117",
            "34",
            "227",
            "287",
            "10",
            "266",
            "254",
            "37",
            "199",
            "292",
            "7"
        ],