{
    "Instance": "Diagonal486_G5",
    "Objective": 221,
    "Infeasibility": 0.005275374234235836,
    "Starting Time": 1692555389.4517229,
    "Time Taken": 135.43566250801086,
    "Initialization Time": 108.95944166183472,
    "nrEliteSolutions": 20,
    "i_max": 500,
    "nrDistricts": 10,
    "delta": 0.05,
    "llambda": 0.7,
    "rcl_parameter": 0.3,
    "Allocation": {
        "0": [
            "400",
            "427",
            "398",
            "345",
            "454",
            "371",
            "374",
            "346",
            "318",
            "481",
            "319",
            "347",
            "375",
            "292",
            "482",
            "508",
            "320",
            "290",
            "376",
            "506",
            "533",
            "479",
            "293",
            "265",
            "403",
            "322",
            "560",
            "452",
            "483",
            "456",
            "323",
            "484",
            "457",
            "458",
            "511",
            "431",
            "512",
            "510",
            "539",
            "102",
            "317",
            "80",
            "184",
            "156",
            "74",
            "106"
        ],
        "1": [
            "562",
            "589",
            "590",
            "617",
            "591",
            "618",
            "645",
            "619",
            "672",
            "620",
            "698",
            "700",
            "699",
            "725",
            "593",
            "727",
            "701",
            "697",
            "728",
            "724",
            "674",
            "723",
            "722",
            "721",
            "720",
            "719",
            "718",
            "691",
            "717",
            "716",
            "609",
            "631",
            "582",
            "629",
            "501",
            "641",
            "611",
            "601",
            "530",
            "576",
            "557",
            "583",
            "662",
            "634",
            "500",
            "660",
            "636",
            "602",
            "584",
            "659"
        ],
        "2": [
            "250",
            "249",
            "222",
            "223",
            "220",
            "221",
            "247",
            "246",
            "273",
            "245",
            "272",
            "300",
            "327",
            "326",
            "218",
            "217",
            "190",
            "353",
            "216",
            "380",
            "407",
            "381",
            "408",
            "406",
            "435",
            "434",
            "433",
            "460",
            "459",
            "405",
            "378",
            "351",
            "324",
            "486",
            "297",
            "513",
            "270",
            "514",
            "515",
            "488",
            "516",
            "543",
            "541",
            "598",
            "362",
            "357",
            "572",
            "547",
            "410"
        ],
        "3": [
            "2",
            "31",
            "4",
            "3",
            "58",
            "85",
            "112",
            "113",
            "111",
            "114",
            "140",
            "138",
            "110",
            "109",
            "83",
            "165",
            "108",
            "142",
            "143",
            "81",
            "135",
            "162",
            "170",
            "54",
            "171",
            "172",
            "173",
            "197",
            "55",
            "90",
            "145",
            "119",
            "118",
            "120",
            "147",
            "92",
            "36",
            "9",
            "37",
            "62",
            "61",
            "38",
            "10",
            "65",
            "8",
            "6",
            "7",
            "175"
        ],
        "4": [
            "710",
            "709",
            "708",
            "655",
            "681",
            "707",
            "628",
            "654",
            "656",
            "680",
            "706",
            "679",
            "627",
            "600",
            "626",
            "599",
            "652",
            "657",
            "678",
            "658",
            "574",
            "630",
            "684",
            "493",
            "705",
            "571",
            "632",
            "605",
            "597",
            "704",
            "703",
            "676",
            "677",
            "594",
            "569",
            "624",
            "549",
            "650",
            "621",
            "651",
            "702",
            "550",
            "622",
            "649",
            "604",
            "595",
            "713",
            "226",
            "281"
        ],
        "5": [
            "310",
            "311",
            "284",
            "257",
            "258",
            "256",
            "230",
            "259",
            "229",
            "260",
            "232",
            "202",
            "201",
            "176",
            "205",
            "174",
            "150",
            "200",
            "178",
            "151",
            "206",
            "122",
            "199",
            "179",
            "227",
            "152",
            "95",
            "94",
            "96",
            "67",
            "69",
            "42",
            "43",
            "39",
            "15",
            "16",
            "13",
            "40",
            "282",
            "308",
            "335",
            "11",
            "467",
            "437",
            "359",
            "465",
            "225",
            "466",
            "66",
            "360"
        ],
        "6": [
            "642",
            "640",
            "613",
            "612",
            "638",
            "556",
            "665",
            "529",
            "666",
            "555",
            "528",
            "664",
            "502",
            "581",
            "503",
            "693",
            "527",
            "663",
            "526",
            "499",
            "553",
            "635",
            "607",
            "606",
            "552",
            "475",
            "661",
            "448",
            "687",
            "633",
            "686",
            "685",
            "446",
            "714",
            "447",
            "712",
            "525",
            "492",
            "570",
            "623",
            "575",
            "520",
            "580",
            "496",
            "682"
        ],
        "7": [
            "306",
            "305",
            "304",
            "303",
            "356",
            "330",
            "383",
            "355",
            "384",
            "411",
            "385",
            "412",
            "438",
            "382",
            "386",
            "409",
            "439",
            "436",
            "464",
            "440",
            "463",
            "462",
            "490",
            "494",
            "461",
            "517",
            "518",
            "491",
            "495",
            "519",
            "489",
            "441",
            "361",
            "544",
            "497",
            "523",
            "545",
            "203",
            "146",
            "93",
            "141",
            "63",
            "177",
            "198",
            "117",
            "603"
        ],