{
    "Instance": "Diagonal486_G3",
    "Objective": 242,
    "Infeasibility": 0.010865363809447515,
    "Starting Time": 1692555527.399713,
    "Time Taken": 139.94654440879822,
    "Initialization Time": 112.92596197128296,
    "nrEliteSolutions": 20,
    "i_max": 500,
    "nrDistricts": 10,
    "delta": 0.05,
    "llambda": 0.7,
    "rcl_parameter": 0.3,
    "Allocation": {
        "0": [
            "619",
            "647",
            "646",
            "645",
            "644",
            "674",
            "672",
            "701",
            "617",
            "699",
            "698",
            "616",
            "728",
            "697",
            "727",
            "589",
            "725",
            "696",
            "724",
            "670",
            "588",
            "723",
            "561",
            "669",
            "587",
            "534",
            "507",
            "533",
            "668",
            "641",
            "508",
            "506",
            "480",
            "532",
            "481",
            "509",
            "510",
            "559",
            "511",
            "483",
            "537",
            "512",
            "456",
            "564",
            "565",
            "591",
            "427",
            "319",
            "344"
        ],
        "1": [
            "3",
            "2",
            "1",
            "28",
            "82",
            "55",
            "83",
            "84",
            "85",
            "111",
            "86",
            "58",
            "138",
            "165",
            "139",
            "137",
            "87",
            "166",
            "140",
            "60",
            "193",
            "136",
            "135",
            "163",
            "194",
            "141",
            "33",
            "190",
            "34",
            "217",
            "196",
            "222",
            "216",
            "169",
            "218",
            "197",
            "224",
            "219",
            "225",
            "226",
            "116",
            "171",
            "92",
            "146",
            "89",
            "9",
            "69",
            "38",
            "125"
        ],
        "2": [
            "248",
            "275",
            "274",
            "273",
            "272",
            "299",
            "271",
            "270",
            "297",
            "298",
            "325",
            "352",
            "353",
            "407",
            "381",
            "380",
            "408",
            "434",
            "406",
            "433",
            "435",
            "461",
            "405",
            "432",
            "460",
            "487",
            "459",
            "577",
            "524",
            "517",
            "328",
            "712",
            "686",
            "465",
            "679",
            "655",
            "581",
            "413",
            "551",
            "515",
            "608",
            "569",
            "662",
            "703",
            "356",
            "635",
            "628",
            "658",
            "473",
            "704",
            "707"
        ],
        "3": [
            "26",
            "25",
            "52",
            "24",
            "80",
            "79",
            "78",
            "106",
            "77",
            "107",
            "133",
            "49",
            "76",
            "104",
            "48",
            "22",
            "160",
            "158",
            "21",
            "184",
            "157",
            "186",
            "73",
            "45",
            "18",
            "17",
            "240",
            "239",
            "268",
            "269",
            "242",
            "266",
            "215",
            "74",
            "188",
            "102",
            "101",
            "129",
            "265",
            "262",
            "290",
            "323",
            "296",
            "90",
            "258",
            "16"
        ],
        "4": [
            "694",
            "693",
            "666",
            "638",
            "611",
            "637",
            "610",
            "612",
            "636",
            "609",
            "663",
            "634",
            "583",
            "661",
            "556",
            "607",
            "690",
            "633",
            "660",
            "606",
            "691",
            "605",
            "555",
            "687",
            "632",
            "557",
            "528",
            "550",
            "718",
            "501",
            "552",
            "713",
            "554",
            "525",
            "578",
            "527",
            "716",
            "474",
            "714",
            "715",
            "659",
            "688",
            "412",
            "503",
            "657",
            "267",
            "294",
            "467"
        ],
        "5": [
            "419",
            "418",
            "391",
            "390",
            "336",
            "363",
            "362",
            "309",
            "282",
            "308",
            "255",
            "281",
            "283",
            "228",
            "284",
            "254",
            "229",
            "311",
            "202",
            "230",
            "338",
            "203",
            "175",
            "231",
            "204",
            "148",
            "232",
            "259",
            "121",
            "176",
            "149",
            "94",
            "233",
            "122",
            "205",
            "150",
            "95",
            "67",
            "123",
            "234",
            "124",
            "96",
            "97",
            "195",
            "395",
            "342",
            "23",
            "19",
            "50",
            "179"
        ],
        "6": [
            "513",
            "540",
            "567",
            "541",
            "568",
            "594",
            "595",
            "596",
            "621",
            "622",
            "597",
            "570",
            "624",
            "598",
            "649",
            "650",
            "651",
            "625",
            "676",
            "572",
            "677",
            "516",
            "652",
            "675",
            "573",
            "546",
            "544",
            "627",
            "706",
            "702",
            "600",
            "656",
            "682",
            "681",
            "708",
            "683",
            "709",
            "630",
            "602",
            "684",
            "680",
            "710",
            "626",
            "526",
            "711",
            "519",
            "543"
        ],
        "7": [
            "424",
            "425",
            "426",
            "398",
            "371",
            "399",
            "345",
            "372",
            "318",
            "343",
            "428",
            "291",
            "346",
            "347",
            "320",
            "264",
            "292",
            "316",
            "321",
            "289",
            "322",
            "349",
            "369",
            "293",
            "350",
            "295",
            "348",
            "288",
            "422",
            "396",
            "377",
            "404",
            "375",
            "237",
            "403",
            "287",
            "367",
            "236",
            "449",
            "431",
            "476",
            "366",
            "475",
            "530",
            "340",
            "502",
            "495",
            "159",
            "185",
            "261"
        ],