{
    "Instance": "Center486_G3",
    "Objective": 436.0,
    "Infeasibility": 0.0,
    "Starting Time": 1709293276.6918395,
    "Time Taken": 3643.7665951251984,
    "Initialization Time": 43.075206995010376,
    "nrDistricts": 10,
    "delta": 0.05,
    "llambda": 0.7,
    "rcl_parameter": 0.3,
    "Allocation": {
        "0": [
            "0",
            "3",
            "4",
            "6",
            "24",
            "31",
            "33",
            "34",
            "54",
            "55",
            "58",
            "59",
            "60",
            "61",
            "76",
            "80",
            "82",
            "85",
            "88",
            "89",
            "90",
            "108",
            "109",
            "110",
            "112",
            "114",
            "115",
            "135",
            "136",
            "137",
            "140",
            "141",
            "143",
            "163",
            "164",
            "166",
            "167",
            "170",
            "190",
            "191",
            "192",
            "193",
            "194",
            "218",
            "266",
            "271",
            "352",
            "378",
            "593",
            "616",
            "641"
        ],
        "1": [
            "2",
            "5",
            "28",
            "29",
            "32",
            "56",
            "74",
            "84",
            "99",
            "105",
            "149",
            "161",
            "169",
            "197",
            "299",
            "300",
            "353",
            "363",
            "366",
            "382",
            "405",
            "408",
            "411",
            "434",
            "469",
            "489",
            "506",
            "515",
            "519",
            "523",
            "540",
            "543",
            "544",
            "545",
            "549",
            "594",
            "595",
            "602",
            "621",
            "626",
            "627",
            "628",
            "652",
            "654",
            "680",
            "683",
            "702",
            "704",
            "705",
            "706",
            "708",
            "711"
        ],
        "2": [
            "39",
            "42",
            "66",
            "70",
            "79",
            "102",
            "104",
            "121",
            "127",
            "175",
            "180",
            "210",
            "234",
            "238",
            "239",
            "252",
            "254",
            "262",
            "286",
            "294",
            "304",
            "346",
            "373",
            "396",
            "430",
            "475",
            "481",
            "508",
            "510",
            "588",
            "619",
            "636",
            "646",
            "647",
            "660",
            "663",
            "664",
            "668",
            "669",
            "687",
            "695",
            "714",
            "716",
            "717",
            "720",
            "725",
            "726",
            "727"
        ],
        "3": [
            "26",
            "48",
            "57",
            "67",
            "72",
            "83",
            "96",
            "106",
            "139",
            "142",
            "151",
            "185",
            "195",
            "202",
            "228",
            "229",
            "253",
            "259",
            "279",
            "291",
            "297",
            "301",
            "314",
            "329",
            "337",
            "351",
            "354",
            "355",
            "359",
            "365",
            "412",
            "413",
            "417",
            "427",
            "437",
            "447",
            "453",
            "479",
            "488",
            "494",
            "516",
            "569",
            "575",
            "601",
            "649",
            "682"
        ],
        "4": [
            "8",
            "38",
            "45",
            "52",
            "91",
            "97",
            "128",
            "203",
            "207",
            "215",
            "222",
            "247",
            "296",
            "302",
            "330",
            "344",
            "399",
            "407",
            "410",
            "431",
            "455",
            "457",
            "483",
            "509",
            "511",
            "531",
            "532",
            "534",
            "538",
            "539",
            "548",
            "555",
            "557",
            "559",
            "564",
            "580",
            "581",
            "587",
            "590",
            "613",
            "667",
            "671",
            "673",
            "674",
            "693",
            "697",
            "699",
            "701"
        ],
        "5": [
            "19",
            "20",
            "23",
            "25",
            "43",
            "77",
            "129",
            "131",
            "236",
            "269",
            "278",
            "313",
            "320",
            "377",
            "426",
            "451",
            "458",
            "476",
            "482",
            "512",
            "528",
            "535",
            "536",
            "556",
            "560",
            "563",
            "566",
            "579",
            "592",
            "607",
            "612",
            "614",
            "615",
            "617",
            "618",
            "620",
            "634",
            "639",
            "640",
            "642",
            "644",
            "670",
            "696",
            "715"
        ],
        "6": [
            "12",
            "13",
            "27",
            "30",
            "47",
            "73",
            "101",
            "153",
            "156",
            "176",
            "189",
            "196",
            "209",
            "212",
            "246",
            "248",
            "265",
            "272",
            "274",
            "277",
            "289",
            "305",
            "321",
            "343",
            "357",
            "358",
            "370",
            "371",
            "384",
            "387",
            "389",
            "398",
            "432",
            "433",
            "436",
            "439",
            "440",
            "466",
            "490",
            "514",
            "518",
            "521",
            "573",
            "624",
            "625",
            "653",
            "675",
            "703",
            "707",
            "710"
        ],
        "7": [
            "21",
            "22",
            "35",
            "50",
            "53",
            "78",
            "86",
            "94",
            "103",
            "162",
            "174",
            "186",
            "230",
            "235",
            "240",
            "270",
            "276",
            "290",
            "327",
            "364",
            "369",
            "383",
            "388",
            "390",
            "400",
            "409",
            "424",
            "438",
            "444",
            "452",
            "454",
            "456",
            "459",
            "461",
            "487",
            "496",
            "504",
            "542",
            "550",
            "568",
            "571",
            "572",
            "591",
            "597",
            "600",
            "650",
            "651",
            "655",
            "681"
        ],