{
    "Instance": "Corners486_G1",
    "Objective": 308.0,
    "Infeasibility": 0.0,
    "Starting Time": 1709253186.3638752,
    "Time Taken": 3644.867922782898,
    "Initialization Time": 44.24713897705078,
    "nrDistricts": 10,
    "delta": 0.05,
    "llambda": 0.7,
    "rcl_parameter": 0.3,
    "Allocation": {
        "0": [
            "0",
            "1",
            "3",
            "14",
            "34",
            "39",
            "54",
            "65",
            "86",
            "89",
            "92",
            "111",
            "113",
            "114",
            "115",
            "118",
            "119",
            "135",
            "138",
            "144",
            "145",
            "163",
            "167",
            "170",
            "171",
            "174",
            "197",
            "219",
            "224",
            "226",
            "228",
            "237",
            "245",
            "248",
            "272",
            "273",
            "291",
            "297",
            "298",
            "304",
            "325",
            "332",
            "358",
            "363",
            "384",
            "410",
            "439",
            "442",
            "465",
            "599"
        ],
        "1": [
            "2",
            "4",
            "7",
            "13",
            "20",
            "21",
            "28",
            "29",
            "49",
            "56",
            "58",
            "75",
            "87",
            "88",
            "91",
            "112",
            "116",
            "117",
            "136",
            "139",
            "162",
            "164",
            "165",
            "166",
            "183",
            "189",
            "190",
            "198",
            "208",
            "209",
            "218",
            "225",
            "244",
            "252",
            "264",
            "302",
            "322",
            "337",
            "351",
            "359",
            "360",
            "385",
            "419",
            "421",
            "517",
            "525",
            "552",
            "581"
        ],
        "2": [
            "8",
            "11",
            "15",
            "16",
            "17",
            "18",
            "33",
            "36",
            "40",
            "43",
            "46",
            "61",
            "108",
            "110",
            "147",
            "152",
            "154",
            "155",
            "156",
            "157",
            "178",
            "181",
            "212",
            "216",
            "221",
            "229",
            "243",
            "258",
            "275",
            "283",
            "287",
            "288",
            "303",
            "320",
            "328",
            "339",
            "355",
            "413",
            "420",
            "427",
            "433",
            "436",
            "454",
            "464",
            "474",
            "515",
            "521",
            "574",
            "576",
            "603"
        ],
        "3": [
            "79",
            "98",
            "120",
            "125",
            "129",
            "149",
            "173",
            "177",
            "201",
            "222",
            "233",
            "242",
            "277",
            "279",
            "289",
            "295",
            "309",
            "312",
            "318",
            "321",
            "333",
            "357",
            "377",
            "386",
            "389",
            "422",
            "430",
            "458",
            "472",
            "477",
            "481",
            "498",
            "508",
            "509",
            "527",
            "535",
            "549",
            "556",
            "579",
            "609",
            "619",
            "664",
            "670",
            "673",
            "696",
            "721"
        ],
        "4": [
            "24",
            "25",
            "26",
            "51",
            "71",
            "78",
            "99",
            "100",
            "106",
            "122",
            "131",
            "134",
            "151",
            "158",
            "160",
            "176",
            "182",
            "187",
            "188",
            "205",
            "236",
            "238",
            "262",
            "293",
            "315",
            "319",
            "341",
            "343",
            "370",
            "372",
            "373",
            "388",
            "396",
            "400",
            "403",
            "415",
            "456",
            "478",
            "505",
            "512",
            "531",
            "564",
            "582",
            "612",
            "671",
            "674",
            "693",
            "724"
        ],
        "5": [
            "19",
            "30",
            "32",
            "45",
            "48",
            "55",
            "57",
            "59",
            "60",
            "64",
            "66",
            "74",
            "76",
            "84",
            "93",
            "137",
            "168",
            "172",
            "191",
            "192",
            "196",
            "207",
            "217",
            "251",
            "255",
            "274",
            "278",
            "280",
            "299",
            "301",
            "305",
            "329",
            "344",
            "352",
            "364",
            "374",
            "375",
            "401",
            "438",
            "440",
            "495",
            "500",
            "501",
            "502",
            "528",
            "583"
        ],
        "6": [
            "63",
            "96",
            "104",
            "128",
            "133",
            "184",
            "211",
            "235",
            "240",
            "250",
            "254",
            "259",
            "282",
            "285",
            "307",
            "311",
            "314",
            "317",
            "338",
            "340",
            "346",
            "348",
            "368",
            "371",
            "387",
            "390",
            "397",
            "418",
            "443",
            "444",
            "446",
            "448",
            "455",
            "473",
            "475",
            "497",
            "524",
            "584",
            "585",
            "601",
            "602",
            "608",
            "631",
            "657",
            "665",
            "684",
            "687",
            "689"
        ],
        "7": [
            "308",
            "335",
            "381",
            "392",
            "407",
            "434",
            "435",
            "437",
            "445",
            "447",
            "459",
            "460",
            "462",
            "491",
            "492",
            "516",
            "544",
            "546",
            "571",
            "600",
            "604",
            "607",
            "622",
            "623",
            "628",
            "634",
            "638",
            "650",
            "651",
            "652",
            "653",
            "675",
            "676",
            "677",
            "679",
            "680",
            "681",
            "688",
            "691",
            "692",
            "695",
            "697",
            "702",
            "703",
            "704",
            "706",
            "708",
            "710",
            "712",
            "713"
        ],