{
    "Instance": "Diagonal486_G6",
    "Objective": 204.0,
    "Infeasibility": 0.004023805121117996,
    "Starting Time": 1709247541.8712046,
    "Time Taken": 1999.156310558319,
    "Initialization Time": 43.34982204437256,
    "nrDistricts": 10,
    "delta": 0.05,
    "llambda": 0.7,
    "rcl_parameter": 0.3,
    "Allocation": {
        "0": [
            "2",
            "3",
            "4",
            "7",
            "8",
            "29",
            "30",
            "31",
            "32",
            "35",
            "54",
            "55",
            "56",
            "65",
            "81",
            "82",
            "86",
            "90",
            "91",
            "93",
            "109",
            "110",
            "115",
            "116",
            "120",
            "137",
            "140",
            "141",
            "142",
            "145",
            "162",
            "163",
            "164",
            "165",
            "167",
            "169",
            "170",
            "172",
            "190",
            "194",
            "196",
            "197",
            "198",
            "199",
            "218",
            "219",
            "220",
            "221",
            "225",
            "246",
            "248",
            "249"
        ],
        "1": [
            "450",
            "477",
            "478",
            "479",
            "480",
            "502",
            "503",
            "504",
            "507",
            "508",
            "529",
            "530",
            "531",
            "534",
            "535",
            "536",
            "556",
            "557",
            "558",
            "559",
            "563",
            "565",
            "566",
            "584",
            "585",
            "590",
            "591",
            "592",
            "616",
            "617",
            "618",
            "620",
            "643",
            "644",
            "645",
            "647",
            "670",
            "671",
            "673",
            "674",
            "697",
            "698",
            "699",
            "700",
            "726",
            "727"
        ],
        "2": [
            "310",
            "332",
            "351",
            "379",
            "381",
            "385",
            "390",
            "393",
            "410",
            "433",
            "437",
            "440",
            "444",
            "460",
            "464",
            "465",
            "468",
            "491",
            "492",
            "499",
            "513",
            "517",
            "518",
            "543",
            "544",
            "550",
            "578",
            "594",
            "597",
            "598",
            "600",
            "606",
            "607",
            "611",
            "622",
            "623",
            "636",
            "653",
            "679",
            "682",
            "683",
            "706",
            "709"
        ],
        "3": [
            "442",
            "467",
            "469",
            "497",
            "523",
            "524",
            "525",
            "527",
            "551",
            "552",
            "553",
            "574",
            "576",
            "577",
            "579",
            "581",
            "587",
            "588",
            "601",
            "602",
            "605",
            "610",
            "613",
            "614",
            "628",
            "629",
            "630",
            "632",
            "633",
            "641",
            "656",
            "657",
            "658",
            "659",
            "662",
            "663",
            "668",
            "684",
            "686",
            "688",
            "690",
            "691",
            "692",
            "693",
            "694",
            "695",
            "713",
            "715",
            "716",
            "717",
            "718"
        ],
        "4": [
            "18",
            "47",
            "70",
            "74",
            "75",
            "79",
            "102",
            "103",
            "129",
            "130",
            "154",
            "183",
            "185",
            "188",
            "206",
            "209",
            "210",
            "214",
            "215",
            "237",
            "242",
            "264",
            "265",
            "266",
            "268",
            "287",
            "289",
            "293",
            "295",
            "296",
            "314",
            "321",
            "322",
            "340",
            "341",
            "342",
            "343",
            "344",
            "345",
            "348",
            "349",
            "350",
            "371",
            "402",
            "404",
            "429",
            "456",
            "457",
            "484",
            "511"
        ],
        "5": [
            "10",
            "12",
            "14",
            "15",
            "17",
            "22",
            "24",
            "40",
            "41",
            "49",
            "52",
            "73",
            "80",
            "97",
            "104",
            "121",
            "122",
            "123",
            "131",
            "132",
            "133",
            "146",
            "147",
            "148",
            "150",
            "151",
            "153",
            "156",
            "159",
            "175",
            "176",
            "177",
            "203",
            "205",
            "213",
            "230",
            "236",
            "238",
            "239",
            "263",
            "267",
            "317",
            "319",
            "320",
            "346",
            "376"
        ],
        "6": [
            "302",
            "303",
            "304",
            "325",
            "331",
            "335",
            "354",
            "355",
            "356",
            "358",
            "362",
            "382",
            "386",
            "389",
            "391",
            "392",
            "394",
            "395",
            "396",
            "408",
            "421",
            "422",
            "438",
            "443",
            "447",
            "448",
            "462",
            "463",
            "466",
            "471",
            "487",
            "490",
            "495",
            "515",
            "516",
            "526",
            "554",
            "555",
            "569",
            "571",
            "575",
            "583",
            "596",
            "604",
            "608",
            "625",
            "626",
            "627",
            "635",
            "638",
            "661",
            "712"
        ],
        "7": [
            "11",
            "16",
            "19",
            "20",
            "23",
            "25",
            "26",
            "38",
            "43",
            "44",
            "46",
            "48",
            "50",
            "51",
            "53",
            "69",
            "72",
            "76",
            "78",
            "92",
            "95",
            "96",
            "100",
            "105",
            "106",
            "107",
            "124",
            "125",
            "127",
            "134",
            "152",
            "155",
            "157",
            "161",
            "173",
            "180",
            "184",
            "186",
            "201",
            "204",
            "208",
            "211",
            "229",
            "233",
            "255",
            "261",
            "290",
            "291",
            "292",
            "403"
        ],