{
    "Instance": "Diagonal486_G4",
    "Objective": 319.0,
    "Infeasibility": 0.0,
    "Starting Time": 1709236608.1361334,
    "Time Taken": 3643.5890712738037,
    "Initialization Time": 42.95327091217041,
    "nrDistricts": 10,
    "delta": 0.05,
    "llambda": 0.7,
    "rcl_parameter": 0.3,
    "Allocation": {
        "0": [
            "1",
            "4",
            "7",
            "9",
            "11",
            "12",
            "28",
            "31",
            "54",
            "55",
            "63",
            "65",
            "82",
            "83",
            "84",
            "90",
            "111",
            "120",
            "138",
            "139",
            "140",
            "142",
            "143",
            "147",
            "167",
            "168",
            "175",
            "189",
            "193",
            "194",
            "198",
            "199",
            "201",
            "216",
            "228",
            "243",
            "253",
            "306",
            "309",
            "332",
            "383",
            "397",
            "417",
            "451",
            "463",
            "515",
            "524",
            "526",
            "546",
            "574",
            "601",
            "631"
        ],
        "1": [
            "6",
            "15",
            "19",
            "22",
            "36",
            "41",
            "52",
            "53",
            "68",
            "70",
            "76",
            "80",
            "96",
            "117",
            "129",
            "133",
            "134",
            "173",
            "177",
            "180",
            "204",
            "215",
            "234",
            "237",
            "242",
            "258",
            "265",
            "266",
            "287",
            "290",
            "292",
            "296",
            "312",
            "315",
            "319",
            "321",
            "323",
            "343",
            "346",
            "349",
            "371",
            "400",
            "404",
            "480",
            "485",
            "537",
            "564"
        ],
        "2": [
            "249",
            "271",
            "275",
            "278",
            "308",
            "351",
            "380",
            "382",
            "387",
            "394",
            "433",
            "462",
            "499",
            "500",
            "502",
            "517",
            "529",
            "530",
            "541",
            "556",
            "557",
            "575",
            "586",
            "599",
            "602",
            "606",
            "609",
            "614",
            "622",
            "630",
            "637",
            "638",
            "641",
            "643",
            "648",
            "652",
            "659",
            "668",
            "676",
            "679",
            "681",
            "684",
            "691",
            "692",
            "693",
            "704",
            "712",
            "719"
        ],
        "3": [
            "2",
            "20",
            "29",
            "46",
            "69",
            "81",
            "86",
            "88",
            "99",
            "103",
            "104",
            "105",
            "106",
            "130",
            "132",
            "135",
            "144",
            "145",
            "151",
            "157",
            "164",
            "165",
            "166",
            "178",
            "179",
            "207",
            "222",
            "223",
            "226",
            "227",
            "233",
            "280",
            "333",
            "336",
            "352",
            "353",
            "359",
            "363",
            "385",
            "390",
            "391",
            "392",
            "408",
            "411",
            "438",
            "439",
            "440",
            "442",
            "493",
            "495",
            "496"
        ],
        "4": [
            "250",
            "279",
            "307",
            "326",
            "355",
            "356",
            "379",
            "405",
            "461",
            "494",
            "525",
            "527",
            "547",
            "555",
            "558",
            "568",
            "577",
            "579",
            "581",
            "598",
            "605",
            "608",
            "610",
            "623",
            "628",
            "629",
            "632",
            "633",
            "642",
            "653",
            "658",
            "665",
            "670",
            "675",
            "682",
            "688",
            "690",
            "695",
            "697",
            "698",
            "699",
            "700",
            "705",
            "707",
            "709",
            "721",
            "722",
            "723"
        ],
        "5": [
            "92",
            "218",
            "245",
            "298",
            "378",
            "384",
            "396",
            "423",
            "424",
            "435",
            "469",
            "486",
            "487",
            "497",
            "501",
            "504",
            "518",
            "523",
            "531",
            "543",
            "544",
            "545",
            "548",
            "549",
            "550",
            "551",
            "570",
            "572",
            "576",
            "578",
            "596",
            "597",
            "627",
            "635",
            "639",
            "650",
            "651",
            "655",
            "656",
            "661",
            "678",
            "680",
            "685",
            "686",
            "706",
            "711",
            "715"
        ],
        "6": [
            "10",
            "23",
            "27",
            "32",
            "45",
            "48",
            "50",
            "56",
            "58",
            "72",
            "85",
            "87",
            "100",
            "109",
            "119",
            "136",
            "141",
            "146",
            "154",
            "161",
            "172",
            "183",
            "185",
            "186",
            "187",
            "205",
            "206",
            "229",
            "232",
            "236",
            "239",
            "248",
            "257",
            "277",
            "281",
            "302",
            "330",
            "354",
            "357",
            "381",
            "386",
            "410",
            "412",
            "415",
            "441",
            "466"
        ],
        "7": [
            "14",
            "18",
            "21",
            "37",
            "38",
            "43",
            "44",
            "64",
            "66",
            "67",
            "91",
            "94",
            "95",
            "101",
            "102",
            "122",
            "124",
            "125",
            "126",
            "127",
            "128",
            "149",
            "156",
            "171",
            "174",
            "181",
            "182",
            "203",
            "208",
            "209",
            "210",
            "214",
            "225",
            "261",
            "262",
            "284",
            "338",
            "339",
            "340",
            "341",
            "342",
            "376",
            "401",
            "427",
            "430",
            "457",
            "482",
            "484",
            "510"
        ],