{
    "Instance": "Diagonal486_G1",
    "Objective": 448.0,
    "Infeasibility": 0.0,
    "Starting Time": 1709282343.3898065,
    "Time Taken": 3643.6201190948486,
    "Initialization Time": 42.93351888656616,
    "nrDistricts": 10,
    "delta": 0.05,
    "llambda": 0.7,
    "rcl_parameter": 0.3,
    "Allocation": {
        "0": [
            "11",
            "12",
            "25",
            "51",
            "53",
            "78",
            "79",
            "116",
            "119",
            "128",
            "129",
            "132",
            "144",
            "149",
            "161",
            "178",
            "181",
            "187",
            "188",
            "214",
            "215",
            "231",
            "241",
            "256",
            "267",
            "295",
            "296",
            "312",
            "313",
            "320",
            "321",
            "322",
            "340",
            "345",
            "348",
            "371",
            "376",
            "401",
            "403",
            "428",
            "429",
            "431",
            "454",
            "483",
            "484",
            "576",
            "677",
            "678"
        ],
        "1": [
            "2",
            "3",
            "10",
            "15",
            "17",
            "30",
            "31",
            "33",
            "36",
            "39",
            "40",
            "43",
            "45",
            "54",
            "57",
            "66",
            "81",
            "96",
            "111",
            "138",
            "153",
            "155",
            "164",
            "171",
            "175",
            "193",
            "194",
            "198",
            "203",
            "206",
            "220",
            "248",
            "279",
            "302",
            "336",
            "380",
            "391",
            "392",
            "459",
            "527",
            "544",
            "549",
            "552",
            "554",
            "567",
            "596",
            "629",
            "639",
            "660",
            "663",
            "703"
        ],
        "2": [
            "20",
            "27",
            "28",
            "29",
            "34",
            "48",
            "67",
            "70",
            "86",
            "87",
            "95",
            "97",
            "104",
            "105",
            "121",
            "136",
            "141",
            "154",
            "159",
            "168",
            "172",
            "173",
            "179",
            "185",
            "186",
            "199",
            "204",
            "234",
            "236",
            "238",
            "247",
            "252",
            "290",
            "342",
            "355",
            "356",
            "407",
            "410",
            "449",
            "491",
            "499",
            "543",
            "546",
            "555",
            "598",
            "632",
            "650",
            "708"
        ],
        "3": [
            "16",
            "18",
            "24",
            "42",
            "44",
            "47",
            "72",
            "75",
            "77",
            "89",
            "91",
            "98",
            "100",
            "101",
            "106",
            "117",
            "130",
            "148",
            "151",
            "170",
            "180",
            "182",
            "184",
            "208",
            "223",
            "229",
            "255",
            "268",
            "272",
            "289",
            "293",
            "309",
            "310",
            "316",
            "323",
            "349",
            "368",
            "372",
            "386",
            "390",
            "427",
            "437",
            "438",
            "456",
            "464",
            "482",
            "510",
            "571",
            "601",
            "622",
            "682"
        ],
        "4": [
            "219",
            "225",
            "306",
            "307",
            "353",
            "358",
            "409",
            "450",
            "460",
            "471",
            "476",
            "478",
            "488",
            "489",
            "490",
            "496",
            "500",
            "504",
            "535",
            "563",
            "565",
            "566",
            "572",
            "574",
            "594",
            "600",
            "609",
            "619",
            "620",
            "627",
            "646",
            "647",
            "649",
            "651",
            "654",
            "655",
            "661",
            "667",
            "668",
            "669",
            "670",
            "671",
            "687",
            "696",
            "699",
            "713",
            "714",
            "723",
            "724",
            "726",
            "728"
        ],
        "5": [
            "191",
            "217",
            "297",
            "301",
            "326",
            "351",
            "354",
            "360",
            "381",
            "387",
            "435",
            "436",
            "440",
            "443",
            "451",
            "469",
            "492",
            "495",
            "503",
            "530",
            "531",
            "533",
            "536",
            "547",
            "550",
            "557",
            "579",
            "593",
            "595",
            "602",
            "610",
            "615",
            "626",
            "630",
            "631",
            "637",
            "638",
            "686",
            "693",
            "694",
            "709",
            "712",
            "716",
            "717",
            "719"
        ],
        "6": [
            "162",
            "189",
            "224",
            "280",
            "300",
            "411",
            "412",
            "423",
            "434",
            "462",
            "486",
            "487",
            "498",
            "501",
            "513",
            "516",
            "523",
            "525",
            "539",
            "548",
            "556",
            "558",
            "562",
            "564",
            "568",
            "573",
            "582",
            "584",
            "590",
            "612",
            "623",
            "652",
            "658",
            "676",
            "688",
            "689",
            "701",
            "704",
            "707",
            "710",
            "711",
            "715",
            "718",
            "720",
            "722"
        ],
        "7": [
            "9",
            "35",
            "37",
            "38",
            "50",
            "60",
            "63",
            "65",
            "68",
            "74",
            "80",
            "92",
            "107",
            "120",
            "126",
            "127",
            "133",
            "135",
            "139",
            "146",
            "160",
            "176",
            "195",
            "202",
            "205",
            "211",
            "213",
            "230",
            "239",
            "242",
            "264",
            "283",
            "284",
            "288",
            "291",
            "294",
            "319",
            "347",
            "359",
            "361",
            "363",
            "367",
            "370",
            "378",
            "393",
            "405",
            "432",
            "577",
            "581",
            "634"
        ],