{
    "Instance": "Diagonal486_G0",
    "Objective": 330.0,
    "Infeasibility": 0.0,
    "Starting Time": 1709249541.903988,
    "Time Taken": 3643.67560338974,
    "Initialization Time": 43.05087876319885,
    "nrDistricts": 10,
    "delta": 0.05,
    "llambda": 0.7,
    "rcl_parameter": 0.3,
    "Allocation": {
        "0": [
            "0",
            "1",
            "2",
            "3",
            "28",
            "29",
            "54",
            "55",
            "56",
            "57",
            "58",
            "59",
            "81",
            "82",
            "86",
            "109",
            "114",
            "136",
            "139",
            "140",
            "142",
            "162",
            "163",
            "164",
            "167",
            "170",
            "173",
            "189",
            "219",
            "220",
            "222",
            "244",
            "245",
            "248",
            "250",
            "275",
            "277",
            "279",
            "298",
            "328",
            "332",
            "333",
            "354",
            "380",
            "381",
            "382",
            "411",
            "442",
            "491",
            "514"
        ],
        "1": [
            "87",
            "111",
            "138",
            "144",
            "226",
            "355",
            "358",
            "363",
            "394",
            "405",
            "406",
            "418",
            "432",
            "493",
            "501",
            "502",
            "513",
            "519",
            "526",
            "543",
            "552",
            "553",
            "567",
            "570",
            "572",
            "573",
            "581",
            "595",
            "600",
            "602",
            "603",
            "606",
            "608",
            "611",
            "624",
            "633",
            "637",
            "653",
            "660",
            "661",
            "682",
            "690",
            "694",
            "706",
            "707",
            "708",
            "719"
        ],
        "2": [
            "7",
            "12",
            "16",
            "18",
            "24",
            "36",
            "37",
            "52",
            "64",
            "68",
            "75",
            "76",
            "91",
            "94",
            "98",
            "101",
            "103",
            "107",
            "122",
            "125",
            "128",
            "149",
            "150",
            "159",
            "161",
            "171",
            "172",
            "174",
            "178",
            "182",
            "188",
            "200",
            "203",
            "213",
            "254",
            "261",
            "262",
            "263",
            "267",
            "268",
            "282",
            "289",
            "293",
            "302",
            "308",
            "316",
            "322",
            "349",
            "375",
            "401",
            "431"
        ],
        "3": [
            "221",
            "278",
            "325",
            "352",
            "353",
            "364",
            "378",
            "393",
            "416",
            "422",
            "454",
            "457",
            "487",
            "499",
            "503",
            "508",
            "512",
            "516",
            "541",
            "548",
            "559",
            "564",
            "579",
            "587",
            "589",
            "605",
            "609",
            "614",
            "617",
            "620",
            "622",
            "623",
            "629",
            "641",
            "642",
            "646",
            "649",
            "651",
            "656",
            "659",
            "665",
            "677",
            "679",
            "689",
            "693",
            "695",
            "709",
            "710",
            "717",
            "718"
        ],
        "4": [
            "17",
            "19",
            "21",
            "42",
            "45",
            "50",
            "62",
            "63",
            "66",
            "70",
            "72",
            "97",
            "100",
            "118",
            "120",
            "121",
            "127",
            "130",
            "147",
            "153",
            "157",
            "160",
            "183",
            "185",
            "214",
            "215",
            "233",
            "237",
            "238",
            "240",
            "264",
            "266",
            "285",
            "295",
            "296",
            "318",
            "321",
            "323",
            "341",
            "342",
            "343",
            "346",
            "398",
            "402",
            "403",
            "404"
        ],
        "5": [
            "22",
            "23",
            "25",
            "44",
            "53",
            "69",
            "74",
            "92",
            "96",
            "99",
            "105",
            "124",
            "131",
            "132",
            "145",
            "146",
            "148",
            "151",
            "156",
            "175",
            "202",
            "204",
            "205",
            "211",
            "225",
            "229",
            "230",
            "236",
            "239",
            "242",
            "257",
            "269",
            "288",
            "290",
            "292",
            "294",
            "312",
            "313",
            "315",
            "340",
            "344",
            "345",
            "347",
            "348",
            "368",
            "370",
            "371",
            "373"
        ],
        "6": [
            "10",
            "20",
            "26",
            "34",
            "35",
            "39",
            "40",
            "41",
            "43",
            "47",
            "65",
            "67",
            "71",
            "77",
            "78",
            "93",
            "102",
            "104",
            "106",
            "116",
            "119",
            "123",
            "126",
            "141",
            "154",
            "155",
            "158",
            "168",
            "179",
            "180",
            "186",
            "187",
            "193",
            "195",
            "207",
            "227",
            "232",
            "241",
            "265",
            "281",
            "300",
            "327",
            "356",
            "433",
            "440",
            "460",
            "465"
        ],
        "7": [
            "407",
            "409",
            "414",
            "421",
            "434",
            "449",
            "452",
            "453",
            "455",
            "459",
            "461",
            "462",
            "470",
            "479",
            "485",
            "488",
            "505",
            "520",
            "522",
            "523",
            "529",
            "534",
            "538",
            "542",
            "547",
            "571",
            "586",
            "588",
            "593",
            "598",
            "616",
            "618",
            "619",
            "644",
            "666",
            "669",
            "671",
            "673",
            "674",
            "686",
            "699",
            "712",
            "715",
            "716",
            "722",
            "726",
            "727",
            "728"
        ],