{
    "Instance": "Diagonal486_G3",
    "Objective": 239.0,
    "Infeasibility": 0.0,
    "Starting Time": 1709285987.7644122,
    "Time Taken": 3643.3905425071716,
    "Initialization Time": 42.71170425415039,
    "nrDistricts": 10,
    "delta": 0.05,
    "llambda": 0.7,
    "rcl_parameter": 0.3,
    "Allocation": {
        "0": [
            "1",
            "2",
            "3",
            "28",
            "33",
            "34",
            "39",
            "55",
            "58",
            "60",
            "62",
            "68",
            "82",
            "83",
            "84",
            "85",
            "86",
            "87",
            "89",
            "111",
            "116",
            "119",
            "121",
            "135",
            "136",
            "137",
            "139",
            "140",
            "141",
            "144",
            "145",
            "163",
            "165",
            "169",
            "171",
            "173",
            "190",
            "194",
            "195",
            "197",
            "198",
            "203",
            "216",
            "217",
            "218",
            "219",
            "222",
            "224",
            "225",
            "226"
        ],
        "1": [
            "248",
            "270",
            "271",
            "272",
            "273",
            "274",
            "275",
            "277",
            "297",
            "298",
            "299",
            "303",
            "304",
            "325",
            "327",
            "331",
            "355",
            "357",
            "358",
            "359",
            "383",
            "384",
            "406",
            "408",
            "409",
            "411",
            "412",
            "413",
            "434",
            "439",
            "460",
            "464",
            "466",
            "474",
            "487",
            "489",
            "490",
            "502",
            "513",
            "521",
            "551",
            "569",
            "597",
            "601",
            "624",
            "625",
            "630",
            "652",
            "714"
        ],
        "2": [
            "9",
            "10",
            "14",
            "15",
            "17",
            "18",
            "36",
            "38",
            "46",
            "63",
            "67",
            "72",
            "73",
            "74",
            "90",
            "94",
            "96",
            "115",
            "138",
            "143",
            "147",
            "154",
            "166",
            "180",
            "182",
            "193",
            "196",
            "204",
            "208",
            "229",
            "230",
            "233",
            "234",
            "282",
            "283",
            "284",
            "288",
            "289",
            "308",
            "309",
            "311",
            "316",
            "336",
            "338",
            "362",
            "390",
            "391",
            "418",
            "419"
        ],
        "3": [
            "25",
            "78",
            "104",
            "106",
            "124",
            "146",
            "148",
            "157",
            "158",
            "159",
            "175",
            "176",
            "202",
            "215",
            "228",
            "231",
            "237",
            "239",
            "255",
            "261",
            "264",
            "265",
            "266",
            "269",
            "290",
            "291",
            "295",
            "315",
            "318",
            "321",
            "322",
            "340",
            "342",
            "343",
            "347",
            "348",
            "349",
            "368",
            "396",
            "403",
            "425",
            "429",
            "456",
            "475",
            "481",
            "500",
            "526",
            "527",
            "555",
            "583"
        ],
        "4": [
            "353",
            "381",
            "405",
            "407",
            "422",
            "432",
            "465",
            "470",
            "491",
            "498",
            "516",
            "518",
            "519",
            "540",
            "541",
            "544",
            "546",
            "548",
            "549",
            "567",
            "570",
            "572",
            "594",
            "598",
            "600",
            "602",
            "622",
            "627",
            "633",
            "650",
            "656",
            "658",
            "675",
            "677",
            "680",
            "682",
            "683",
            "687",
            "693",
            "702",
            "703",
            "704",
            "705",
            "707",
            "709",
            "711",
            "713",
            "716",
            "717",
            "718"
        ],
        "5": [
            "366",
            "410",
            "435",
            "437",
            "441",
            "449",
            "461",
            "463",
            "471",
            "476",
            "493",
            "495",
            "497",
            "501",
            "503",
            "517",
            "523",
            "524",
            "525",
            "528",
            "530",
            "550",
            "556",
            "557",
            "578",
            "599",
            "604",
            "605",
            "609",
            "610",
            "611",
            "612",
            "635",
            "636",
            "638",
            "649",
            "651",
            "657",
            "662",
            "665",
            "666",
            "686",
            "690",
            "691",
            "694",
            "715"
        ],
        "6": [
            "328",
            "352",
            "356",
            "367",
            "369",
            "380",
            "433",
            "440",
            "459",
            "467",
            "473",
            "496",
            "499",
            "515",
            "520",
            "522",
            "543",
            "552",
            "554",
            "568",
            "573",
            "577",
            "581",
            "595",
            "596",
            "606",
            "607",
            "608",
            "621",
            "626",
            "628",
            "632",
            "634",
            "637",
            "655",
            "659",
            "660",
            "661",
            "663",
            "676",
            "679",
            "681",
            "684",
            "688",
            "706",
            "708",
            "710",
            "712"
        ],
        "7": [
            "319",
            "344",
            "372",
            "398",
            "426",
            "427",
            "480",
            "483",
            "506",
            "507",
            "508",
            "510",
            "511",
            "512",
            "532",
            "533",
            "534",
            "537",
            "559",
            "561",
            "564",
            "565",
            "587",
            "588",
            "589",
            "591",
            "616",
            "617",
            "619",
            "641",
            "644",
            "645",
            "646",
            "647",
            "668",
            "669",
            "670",
            "672",
            "674",
            "696",
            "697",
            "698",
            "699",
            "701",
            "723",
            "724",
            "725",
            "727",
            "728"
        ],