{
    "Instance": "Diagonal486_G5",
    "Objective": 294.0,
    "Infeasibility": 0.0,
    "Starting Time": 1709267765.9235148,
    "Time Taken": 3643.927979707718,
    "Initialization Time": 43.30375385284424,
    "nrDistricts": 10,
    "delta": 0.05,
    "llambda": 0.7,
    "rcl_parameter": 0.3,
    "Allocation": {
        "0": [
            "2",
            "3",
            "4",
            "8",
            "10",
            "11",
            "13",
            "31",
            "36",
            "37",
            "54",
            "55",
            "58",
            "63",
            "64",
            "65",
            "67",
            "69",
            "81",
            "83",
            "90",
            "93",
            "108",
            "110",
            "112",
            "114",
            "117",
            "119",
            "135",
            "138",
            "141",
            "142",
            "143",
            "144",
            "145",
            "146",
            "147",
            "162",
            "165",
            "179",
            "197",
            "199",
            "200",
            "202",
            "204",
            "213",
            "227",
            "268",
            "269",
            "321"
        ],
        "1": [
            "118",
            "173",
            "201",
            "216",
            "217",
            "218",
            "226",
            "249",
            "250",
            "270",
            "300",
            "304",
            "324",
            "353",
            "357",
            "361",
            "378",
            "382",
            "405",
            "406",
            "407",
            "433",
            "440",
            "441",
            "466",
            "467",
            "488",
            "490",
            "495",
            "497",
            "517",
            "518",
            "543",
            "544",
            "545",
            "571",
            "597",
            "604",
            "630",
            "632",
            "633",
            "636",
            "649",
            "650",
            "658",
            "661",
            "705",
            "710",
            "712",
            "713"
        ],
        "2": [
            "408",
            "411",
            "435",
            "446",
            "447",
            "448",
            "459",
            "475",
            "500",
            "501",
            "502",
            "503",
            "519",
            "525",
            "527",
            "528",
            "530",
            "552",
            "553",
            "556",
            "569",
            "572",
            "576",
            "605",
            "612",
            "626",
            "629",
            "642",
            "651",
            "652",
            "654",
            "657",
            "659",
            "662",
            "663",
            "665",
            "674",
            "698",
            "704",
            "706",
            "708",
            "714",
            "717",
            "724"
        ],
        "3": [
            "17",
            "22",
            "24",
            "45",
            "50",
            "77",
            "94",
            "95",
            "101",
            "126",
            "161",
            "177",
            "178",
            "184",
            "185",
            "188",
            "210",
            "212",
            "215",
            "234",
            "237",
            "259",
            "262",
            "316",
            "317",
            "318",
            "323",
            "339",
            "342",
            "345",
            "347",
            "364",
            "374",
            "377",
            "396",
            "398",
            "401",
            "403",
            "416",
            "424",
            "431",
            "443",
            "452",
            "457",
            "458",
            "479",
            "481",
            "484",
            "508",
            "512",
            "533"
        ],
        "4": [
            "384",
            "412",
            "492",
            "496",
            "529",
            "549",
            "557",
            "562",
            "583",
            "589",
            "590",
            "591",
            "593",
            "595",
            "601",
            "603",
            "609",
            "611",
            "613",
            "617",
            "618",
            "619",
            "620",
            "631",
            "634",
            "635",
            "638",
            "640",
            "641",
            "645",
            "666",
            "672",
            "691",
            "693",
            "697",
            "699",
            "700",
            "701",
            "707",
            "716",
            "718",
            "719",
            "720",
            "721",
            "722",
            "723",
            "725",
            "727",
            "728"
        ],
        "5": [
            "6",
            "7",
            "16",
            "38",
            "40",
            "43",
            "44",
            "61",
            "62",
            "71",
            "85",
            "106",
            "109",
            "111",
            "113",
            "125",
            "127",
            "128",
            "149",
            "151",
            "155",
            "157",
            "170",
            "171",
            "172",
            "175",
            "183",
            "186",
            "208",
            "209",
            "211",
            "256",
            "266",
            "280",
            "281",
            "308",
            "335",
            "359",
            "383",
            "386",
            "436",
            "464",
            "465",
            "493",
            "494"
        ],
        "6": [
            "15",
            "18",
            "25",
            "26",
            "39",
            "49",
            "73",
            "78",
            "80",
            "91",
            "92",
            "96",
            "98",
            "103",
            "104",
            "120",
            "122",
            "129",
            "130",
            "131",
            "150",
            "156",
            "159",
            "182",
            "214",
            "230",
            "241",
            "253",
            "257",
            "260",
            "265",
            "284",
            "292",
            "295",
            "310",
            "311",
            "314",
            "320",
            "348",
            "365",
            "368",
            "372",
            "376",
            "399",
            "400",
            "454",
            "456",
            "482",
            "506"
        ],
        "7": [
            "9",
            "66",
            "140",
            "176",
            "180",
            "190",
            "198",
            "221",
            "223",
            "225",
            "229",
            "245",
            "247",
            "258",
            "272",
            "297",
            "303",
            "305",
            "306",
            "326",
            "330",
            "351",
            "356",
            "380",
            "381",
            "410",
            "437",
            "460",
            "461",
            "462",
            "486",
            "513",
            "514",
            "515",
            "541",
            "570",
            "580",
            "598",
            "599",
            "600",
            "621",
            "623",
            "656",
            "678",
            "679",
            "680",
            "681",
            "703"
        ],