{
    "Instance": "Center726_G7",
    "Objective": 741.0,
    "Infeasibility": 0.0,
    "Starting Time": 1711505081.6538277,
    "Time Taken": 3701.0437490940094,
    "Initialization Time": 99.58387923240662,
    "nrDistricts": 10,
    "delta": 0.05,
    "llambda": 0.7,
    "rcl_parameter": 0.3,
    "Allocation": {
        "0": [
            "1",
            "55",
            "71",
            "89",
            "99",
            "133",
            "134",
            "168",
            "191",
            "269",
            "330",
            "367",
            "398",
            "410",
            "431",
            "432",
            "435",
            "439",
            "442",
            "469",
            "471",
            "472",
            "473",
            "476",
            "500",
            "503",
            "505",
            "532",
            "540",
            "564",
            "565",
            "567",
            "568",
            "569",
            "598",
            "602",
            "662",
            "672",
            "693",
            "696",
            "706",
            "720",
            "729",
            "730",
            "733",
            "765",
            "773",
            "798",
            "806",
            "827",
            "829",
            "830",
            "833",
            "834",
            "858",
            "863",
            "864",
            "865",
            "868",
            "893",
            "894",
            "896",
            "932",
            "941",
            "943",
            "956",
            "959",
            "962",
            "966",
            "987",
            "1013",
            "1026",
            "1027",
            "1029",
            "1033",
            "1086"
        ],
        "1": [
            "25",
            "27",
            "29",
            "58",
            "61",
            "64",
            "84",
            "86",
            "98",
            "120",
            "121",
            "122",
            "126",
            "128",
            "129",
            "130",
            "131",
            "149",
            "150",
            "156",
            "157",
            "162",
            "166",
            "189",
            "195",
            "196",
            "205",
            "227",
            "228",
            "253",
            "254",
            "258",
            "261",
            "279",
            "281",
            "286",
            "288",
            "290",
            "312",
            "315",
            "316",
            "319",
            "324",
            "327",
            "328",
            "353",
            "359",
            "419",
            "420",
            "422",
            "426",
            "517",
            "577",
            "579",
            "610",
            "618",
            "676",
            "698",
            "721",
            "753",
            "781",
            "783",
            "797",
            "870",
            "877",
            "915",
            "946",
            "976",
            "986",
            "989",
            "1015",
            "1045",
            "1053",
            "1055",
            "1087"
        ],
        "2": [
            "5",
            "6",
            "7",
            "9",
            "34",
            "36",
            "42",
            "46",
            "66",
            "69",
            "70",
            "75",
            "109",
            "135",
            "140",
            "169",
            "174",
            "199",
            "201",
            "232",
            "240",
            "271",
            "305",
            "331",
            "332",
            "333",
            "402",
            "406",
            "430",
            "434",
            "437",
            "467",
            "495",
            "502",
            "508",
            "529",
            "533",
            "538",
            "541",
            "562",
            "566",
            "571",
            "574",
            "668",
            "669",
            "671",
            "701",
            "703",
            "732",
            "758",
            "759",
            "761",
            "763",
            "767",
            "768",
            "792",
            "794",
            "800",
            "825",
            "826",
            "828",
            "856",
            "866",
            "913",
            "928",
            "931",
            "937",
            "957",
            "958",
            "967",
            "998",
            "1025",
            "1032",
            "1057",
            "1064",
            "1070"
        ],
        "3": [
            "24",
            "43",
            "57",
            "235",
            "250",
            "255",
            "262",
            "322",
            "326",
            "337",
            "355",
            "360",
            "395",
            "447",
            "456",
            "480",
            "486",
            "492",
            "519",
            "521",
            "523",
            "551",
            "553",
            "558",
            "559",
            "560",
            "586",
            "587",
            "591",
            "593",
            "596",
            "617",
            "649",
            "658",
            "659",
            "678",
            "682",
            "687",
            "688",
            "717",
            "745",
            "747",
            "766",
            "779",
            "782",
            "787",
            "791",
            "850",
            "887",
            "897",
            "925",
            "940",
            "942",
            "948",
            "955",
            "964",
            "984",
            "1009",
            "1016",
            "1022",
            "1042",
            "1047",
            "1048",
            "1049",
            "1051",
            "1066",
            "1080"
        ],
        "4": [
            "23",
            "28",
            "30",
            "31",
            "32",
            "59",
            "63",
            "65",
            "83",
            "88",
            "93",
            "124",
            "125",
            "146",
            "151",
            "159",
            "163",
            "187",
            "192",
            "212",
            "245",
            "247",
            "249",
            "256",
            "287",
            "289",
            "292",
            "314",
            "329",
            "346",
            "349",
            "352",
            "358",
            "379",
            "386",
            "392",
            "394",
            "414",
            "418",
            "433",
            "453",
            "459",
            "460",
            "481",
            "482",
            "483",
            "484",
            "493",
            "518",
            "522",
            "556",
            "589",
            "603",
            "612",
            "619",
            "622",
            "646",
            "650",
            "652",
            "657",
            "710",
            "712",
            "716",
            "724",
            "725",
            "743",
            "750",
            "777",
            "815",
            "817",
            "818",
            "848",
            "862",
            "888",
            "1021",
            "1050",
            "1054",
            "1059"
        ],