{
    "Instance": "Center726_G10",
    "Objective": 506.0,
    "Infeasibility": 0.0,
    "Starting Time": 1711928445.4074645,
    "Time Taken": 3704.701320409775,
    "Initialization Time": 103.16474485397339,
    "nrDistricts": 10,
    "delta": 0.05,
    "llambda": 0.7,
    "rcl_parameter": 0.3,
    "Allocation": {
        "0": [
            "0",
            "2",
            "3",
            "5",
            "67",
            "69",
            "72",
            "73",
            "74",
            "75",
            "76",
            "90",
            "100",
            "102",
            "106",
            "133",
            "136",
            "141",
            "167",
            "172",
            "173",
            "175",
            "196",
            "198",
            "200",
            "203",
            "204",
            "205",
            "206",
            "208",
            "238",
            "239",
            "264",
            "266",
            "267",
            "272",
            "273",
            "298",
            "302",
            "331",
            "335",
            "363",
            "366",
            "369",
            "377",
            "385",
            "405",
            "410",
            "424",
            "429",
            "430",
            "434",
            "469",
            "471",
            "536",
            "565",
            "598",
            "600",
            "604",
            "611",
            "628",
            "636",
            "640",
            "696",
            "715",
            "744",
            "759",
            "764",
            "770",
            "794",
            "834",
            "906",
            "926",
            "927",
            "928",
            "959",
            "1061"
        ],
        "1": [
            "22",
            "27",
            "29",
            "31",
            "51",
            "57",
            "59",
            "60",
            "64",
            "84",
            "85",
            "92",
            "96",
            "120",
            "127",
            "157",
            "166",
            "170",
            "186",
            "187",
            "191",
            "214",
            "217",
            "228",
            "247",
            "258",
            "262",
            "280",
            "281",
            "289",
            "290",
            "314",
            "327",
            "328",
            "358",
            "359",
            "383",
            "386",
            "427",
            "431",
            "468",
            "485",
            "486",
            "493",
            "508",
            "513",
            "514",
            "520",
            "525",
            "563",
            "569",
            "609",
            "617",
            "635",
            "655",
            "722",
            "724",
            "748",
            "754",
            "791",
            "814",
            "855",
            "858",
            "891",
            "893",
            "930",
            "962",
            "982",
            "1024",
            "1030",
            "1067"
        ],
        "2": [
            "23",
            "32",
            "58",
            "65",
            "81",
            "88",
            "122",
            "130",
            "156",
            "162",
            "194",
            "195",
            "220",
            "225",
            "253",
            "255",
            "256",
            "286",
            "324",
            "357",
            "360",
            "388",
            "390",
            "432",
            "449",
            "454",
            "460",
            "484",
            "489",
            "502",
            "506",
            "519",
            "532",
            "560",
            "576",
            "583",
            "584",
            "592",
            "593",
            "596",
            "607",
            "618",
            "631",
            "650",
            "687",
            "690",
            "717",
            "725",
            "743",
            "750",
            "752",
            "782",
            "784",
            "789",
            "818",
            "847",
            "849",
            "861",
            "883",
            "890",
            "914",
            "949",
            "984",
            "986",
            "987",
            "1047",
            "1049",
            "1055",
            "1079",
            "1086",
            "1087"
        ],
        "3": [
            "1",
            "4",
            "13",
            "14",
            "34",
            "70",
            "99",
            "121",
            "135",
            "138",
            "323",
            "325",
            "370",
            "403",
            "465",
            "466",
            "498",
            "529",
            "531",
            "537",
            "551",
            "571",
            "616",
            "620",
            "632",
            "637",
            "638",
            "673",
            "697",
            "698",
            "736",
            "763",
            "766",
            "772",
            "792",
            "796",
            "805",
            "825",
            "827",
            "840",
            "841",
            "859",
            "866",
            "867",
            "872",
            "873",
            "897",
            "900",
            "901",
            "905",
            "908",
            "925",
            "929",
            "932",
            "943",
            "958",
            "963",
            "964",
            "966",
            "973",
            "990",
            "991",
            "992",
            "995",
            "998",
            "999",
            "1000",
            "1023",
            "1026",
            "1031",
            "1069"
        ],
        "4": [
            "94",
            "95",
            "98",
            "109",
            "114",
            "151",
            "154",
            "180",
            "181",
            "185",
            "189",
            "192",
            "193",
            "226",
            "230",
            "254",
            "260",
            "288",
            "295",
            "356",
            "361",
            "394",
            "421",
            "422",
            "445",
            "450",
            "451",
            "453",
            "455",
            "494",
            "524",
            "527",
            "547",
            "556",
            "557",
            "579",
            "586",
            "630",
            "634",
            "647",
            "654",
            "682",
            "686",
            "723",
            "742",
            "746",
            "755",
            "757",
            "779",
            "781",
            "790",
            "819",
            "823",
            "848",
            "852",
            "853",
            "887",
            "918",
            "922",
            "947",
            "950",
            "952",
            "953",
            "955",
            "985",
            "1012",
            "1015",
            "1017",
            "1019",
            "1050",
            "1051",
            "1052",
            "1054",
            "1082",
            "1085"
        ],