{
    "Instance": "Center726_G0",
    "Objective": 670.0,
    "Infeasibility": 0.0,
    "Starting Time": 1711556931.9882224,
    "Time Taken": 3701.226480484009,
    "Initialization Time": 98.89671277999878,
    "nrDistricts": 10,
    "delta": 0.05,
    "llambda": 0.7,
    "rcl_parameter": 0.3,
    "Allocation": {
        "0": [
            "1",
            "4",
            "9",
            "35",
            "69",
            "97",
            "168",
            "229",
            "232",
            "280",
            "316",
            "337",
            "347",
            "350",
            "351",
            "364",
            "365",
            "419",
            "426",
            "456",
            "460",
            "493",
            "496",
            "515",
            "570",
            "630",
            "642",
            "650",
            "682",
            "693",
            "698",
            "713",
            "726",
            "731",
            "762",
            "775",
            "792",
            "800",
            "802",
            "828",
            "829",
            "830",
            "864",
            "868",
            "873",
            "892",
            "898",
            "903",
            "925",
            "926",
            "928",
            "932",
            "933",
            "957",
            "958",
            "962",
            "963",
            "965",
            "994",
            "996",
            "999",
            "1000",
            "1005",
            "1024",
            "1025",
            "1031",
            "1032",
            "1033",
            "1058",
            "1060",
            "1061",
            "1065",
            "1068"
        ],
        "1": [
            "32",
            "43",
            "49",
            "61",
            "64",
            "65",
            "68",
            "92",
            "94",
            "129",
            "156",
            "157",
            "195",
            "196",
            "199",
            "219",
            "222",
            "226",
            "236",
            "289",
            "295",
            "348",
            "357",
            "359",
            "362",
            "400",
            "403",
            "451",
            "452",
            "457",
            "488",
            "505",
            "518",
            "520",
            "526",
            "537",
            "556",
            "558",
            "566",
            "583",
            "587",
            "617",
            "622",
            "625",
            "626",
            "631",
            "716",
            "719",
            "720",
            "724",
            "733",
            "749",
            "750",
            "769",
            "779",
            "804",
            "812",
            "820",
            "850",
            "883",
            "886",
            "918",
            "930",
            "950",
            "955",
            "986",
            "1016",
            "1044",
            "1053"
        ],
        "2": [
            "75",
            "88",
            "95",
            "123",
            "178",
            "204",
            "210",
            "271",
            "297",
            "386",
            "402",
            "430",
            "467",
            "474",
            "499",
            "522",
            "532",
            "536",
            "590",
            "602",
            "603",
            "664",
            "666",
            "667",
            "669",
            "685",
            "694",
            "699",
            "701",
            "702",
            "703",
            "715",
            "729",
            "732",
            "734",
            "735",
            "736",
            "761",
            "764",
            "766",
            "767",
            "768",
            "772",
            "773",
            "774",
            "785",
            "793",
            "808",
            "814",
            "838",
            "859",
            "860",
            "866",
            "870",
            "894",
            "897",
            "916",
            "927",
            "959",
            "964",
            "966",
            "970",
            "991",
            "995",
            "1001",
            "1004",
            "1029",
            "1038",
            "1059",
            "1063",
            "1064",
            "1066",
            "1067"
        ],
        "3": [
            "6",
            "19",
            "21",
            "29",
            "34",
            "40",
            "50",
            "73",
            "122",
            "130",
            "134",
            "137",
            "138",
            "163",
            "164",
            "187",
            "188",
            "205",
            "216",
            "227",
            "247",
            "254",
            "255",
            "256",
            "286",
            "294",
            "296",
            "300",
            "304",
            "311",
            "327",
            "330",
            "339",
            "346",
            "366",
            "385",
            "398",
            "401",
            "425",
            "523",
            "555",
            "560",
            "579",
            "589",
            "591",
            "593",
            "619",
            "627",
            "645",
            "708",
            "725",
            "781",
            "790",
            "854",
            "862",
            "888",
            "890",
            "944",
            "974",
            "987",
            "989",
            "1009",
            "1017",
            "1018",
            "1020",
            "1021",
            "1046",
            "1080",
            "1082"
        ],
        "4": [
            "5",
            "60",
            "74",
            "76",
            "87",
            "99",
            "141",
            "167",
            "169",
            "218",
            "230",
            "238",
            "239",
            "253",
            "270",
            "308",
            "338",
            "340",
            "354",
            "360",
            "389",
            "390",
            "397",
            "422",
            "437",
            "443",
            "455",
            "461",
            "464",
            "484",
            "534",
            "568",
            "585",
            "604",
            "616",
            "661",
            "684",
            "695",
            "697",
            "700",
            "718",
            "723",
            "757",
            "763",
            "778",
            "784",
            "786",
            "787",
            "794",
            "796",
            "821",
            "823",
            "831",
            "832",
            "833",
            "834",
            "835",
            "837",
            "847",
            "849",
            "861",
            "863",
            "865",
            "881",
            "887",
            "889",
            "895",
            "905",
            "906",
            "914",
            "921",
            "961",
            "967",
            "982",
            "1015",
            "1054"
        ],