{
    "Instance": "Center726_G6",
    "Objective": 676.0,
    "Infeasibility": 0.0,
    "Starting Time": 1711582854.458098,
    "Time Taken": 3701.696238040924,
    "Initialization Time": 100.1871657371521,
    "nrDistricts": 10,
    "delta": 0.05,
    "llambda": 0.7,
    "rcl_parameter": 0.3,
    "Allocation": {
        "0": [
            "0",
            "3",
            "5",
            "10",
            "33",
            "35",
            "36",
            "37",
            "44",
            "56",
            "67",
            "76",
            "104",
            "110",
            "132",
            "163",
            "166",
            "177",
            "178",
            "200",
            "202",
            "209",
            "229",
            "238",
            "240",
            "243",
            "258",
            "260",
            "264",
            "268",
            "269",
            "278",
            "285",
            "297",
            "299",
            "300",
            "304",
            "335",
            "336",
            "338",
            "340",
            "363",
            "425",
            "428",
            "433",
            "435",
            "441",
            "480",
            "482",
            "492",
            "521",
            "525",
            "577",
            "616",
            "629",
            "633",
            "647",
            "783",
            "806",
            "830",
            "850",
            "869",
            "888",
            "992",
            "1000",
            "1028",
            "1057",
            "1067"
        ],
        "1": [
            "21",
            "62",
            "69",
            "131",
            "133",
            "171",
            "172",
            "196",
            "216",
            "241",
            "242",
            "263",
            "273",
            "362",
            "396",
            "397",
            "402",
            "403",
            "430",
            "455",
            "457",
            "465",
            "468",
            "469",
            "474",
            "487",
            "496",
            "505",
            "509",
            "520",
            "529",
            "554",
            "561",
            "567",
            "575",
            "576",
            "594",
            "596",
            "598",
            "599",
            "600",
            "604",
            "628",
            "630",
            "632",
            "634",
            "635",
            "640",
            "663",
            "664",
            "667",
            "673",
            "693",
            "700",
            "709",
            "729",
            "736",
            "742",
            "762",
            "763",
            "764",
            "776",
            "777",
            "801",
            "802",
            "828",
            "829",
            "832",
            "876",
            "891",
            "901",
            "994",
            "1027",
            "1056"
        ],
        "2": [
            "128",
            "139",
            "165",
            "168",
            "179",
            "180",
            "277",
            "286",
            "287",
            "306",
            "307",
            "328",
            "337",
            "395",
            "415",
            "424",
            "434",
            "436",
            "453",
            "489",
            "499",
            "537",
            "553",
            "557",
            "569",
            "571",
            "595",
            "601",
            "620",
            "626",
            "627",
            "636",
            "660",
            "661",
            "666",
            "669",
            "701",
            "717",
            "731",
            "747",
            "749",
            "761",
            "765",
            "767",
            "794",
            "798",
            "810",
            "816",
            "817",
            "847",
            "852",
            "867",
            "870",
            "881",
            "896",
            "897",
            "905",
            "914",
            "915",
            "925",
            "965",
            "966",
            "967",
            "970",
            "997",
            "1031",
            "1061",
            "1062"
        ],
        "3": [
            "2",
            "6",
            "19",
            "28",
            "41",
            "42",
            "64",
            "102",
            "103",
            "113",
            "121",
            "137",
            "176",
            "190",
            "193",
            "206",
            "239",
            "284",
            "303",
            "334",
            "339",
            "346",
            "398",
            "399",
            "427",
            "475",
            "476",
            "481",
            "483",
            "507",
            "531",
            "568",
            "619",
            "637",
            "692",
            "696",
            "698",
            "723",
            "726",
            "727",
            "746",
            "757",
            "771",
            "788",
            "790",
            "792",
            "814",
            "822",
            "823",
            "827",
            "831",
            "833",
            "835",
            "848",
            "865",
            "884",
            "889",
            "923",
            "927",
            "929",
            "938",
            "950",
            "955",
            "981",
            "983",
            "985",
            "1014",
            "1015",
            "1032",
            "1033",
            "1045",
            "1049",
            "1063",
            "1081"
        ],
        "4": [
            "9",
            "20",
            "59",
            "88",
            "89",
            "90",
            "109",
            "134",
            "142",
            "154",
            "160",
            "195",
            "244",
            "256",
            "265",
            "270",
            "292",
            "296",
            "313",
            "353",
            "354",
            "394",
            "400",
            "421",
            "432",
            "438",
            "451",
            "470",
            "471",
            "503",
            "534",
            "536",
            "538",
            "542",
            "555",
            "556",
            "574",
            "584",
            "590",
            "651",
            "662",
            "674",
            "675",
            "708",
            "743",
            "839",
            "843",
            "861",
            "863",
            "871",
            "874",
            "875",
            "895",
            "898",
            "899",
            "900",
            "907",
            "926",
            "928",
            "930",
            "933",
            "934",
            "940",
            "957",
            "964",
            "990",
            "991",
            "995",
            "1001",
            "1023",
            "1024",
            "1026",
            "1060",
            "1066",
            "1068",
            "1069",
            "1070"
        ],