{
    "Instance": "Corners726_G3",
    "Objective": 562.0,
    "Infeasibility": 0.0,
    "Starting Time": 1711571744.7405105,
    "Time Taken": 3700.9903433322906,
    "Initialization Time": 99.52852964401245,
    "nrDistricts": 10,
    "delta": 0.05,
    "llambda": 0.7,
    "rcl_parameter": 0.3,
    "Allocation": {
        "0": [
            "0",
            "1",
            "15",
            "17",
            "18",
            "22",
            "33",
            "35",
            "48",
            "50",
            "54",
            "55",
            "70",
            "71",
            "73",
            "84",
            "117",
            "133",
            "142",
            "158",
            "169",
            "183",
            "189",
            "192",
            "201",
            "218",
            "220",
            "221",
            "225",
            "226",
            "229",
            "241",
            "252",
            "267",
            "288",
            "290",
            "358",
            "388",
            "422",
            "430",
            "434",
            "446",
            "455",
            "461",
            "462",
            "463",
            "484",
            "520",
            "536",
            "541",
            "545",
            "615",
            "627",
            "640",
            "747",
            "750",
            "792",
            "802",
            "848",
            "852",
            "861",
            "948",
            "954",
            "981",
            "991",
            "1001",
            "1063",
            "1070",
            "1071",
            "1074"
        ],
        "1": [
            "90",
            "114",
            "152",
            "153",
            "156",
            "172",
            "179",
            "182",
            "243",
            "277",
            "349",
            "363",
            "373",
            "375",
            "400",
            "413",
            "416",
            "429",
            "431",
            "440",
            "451",
            "466",
            "469",
            "471",
            "483",
            "501",
            "509",
            "517",
            "529",
            "553",
            "557",
            "566",
            "576",
            "586",
            "588",
            "592",
            "606",
            "608",
            "610",
            "618",
            "622",
            "636",
            "647",
            "648",
            "650",
            "655",
            "658",
            "668",
            "672",
            "682",
            "684",
            "701",
            "702",
            "705",
            "717",
            "751",
            "752",
            "753",
            "771",
            "813",
            "816",
            "889",
            "926",
            "929",
            "946",
            "957",
            "968",
            "978",
            "989",
            "1042",
            "1076",
            "1088"
        ],
        "2": [
            "59",
            "103",
            "105",
            "140",
            "144",
            "160",
            "238",
            "249",
            "253",
            "270",
            "280",
            "403",
            "465",
            "512",
            "514",
            "524",
            "537",
            "621",
            "643",
            "645",
            "675",
            "676",
            "678",
            "708",
            "709",
            "710",
            "739",
            "744",
            "745",
            "773",
            "778",
            "781",
            "784",
            "789",
            "790",
            "794",
            "806",
            "821",
            "823",
            "832",
            "839",
            "857",
            "873",
            "874",
            "887",
            "890",
            "891",
            "894",
            "899",
            "911",
            "914",
            "922",
            "923",
            "925",
            "940",
            "951",
            "955",
            "975",
            "976",
            "983",
            "990",
            "992",
            "1002",
            "1006",
            "1008",
            "1017",
            "1035",
            "1050",
            "1057",
            "1069",
            "1078",
            "1086"
        ],
        "3": [
            "16",
            "44",
            "89",
            "93",
            "108",
            "139",
            "141",
            "146",
            "163",
            "171",
            "210",
            "216",
            "232",
            "247",
            "265",
            "278",
            "294",
            "299",
            "306",
            "307",
            "313",
            "316",
            "336",
            "394",
            "433",
            "468",
            "470",
            "515",
            "528",
            "532",
            "540",
            "549",
            "561",
            "578",
            "587",
            "598",
            "619",
            "626",
            "695",
            "704",
            "732",
            "762",
            "797",
            "798",
            "801",
            "803",
            "822",
            "826",
            "827",
            "866",
            "869",
            "888",
            "895",
            "898",
            "900",
            "920",
            "931",
            "932",
            "936",
            "937",
            "942",
            "947",
            "958",
            "972",
            "979",
            "982",
            "1026",
            "1027",
            "1028",
            "1037",
            "1065"
        ],
        "4": [
            "2",
            "7",
            "10",
            "11",
            "13",
            "14",
            "32",
            "40",
            "68",
            "69",
            "72",
            "76",
            "101",
            "107",
            "110",
            "116",
            "132",
            "134",
            "167",
            "181",
            "193",
            "208",
            "233",
            "264",
            "276",
            "284",
            "312",
            "314",
            "315",
            "324",
            "332",
            "334",
            "356",
            "357",
            "371",
            "376",
            "398",
            "407",
            "411",
            "412",
            "445",
            "464",
            "479",
            "496",
            "499",
            "504",
            "506",
            "544",
            "551",
            "562",
            "564",
            "569",
            "579",
            "584",
            "597",
            "605",
            "614",
            "616",
            "631",
            "632",
            "651",
            "652",
            "653",
            "660",
            "663",
            "664",
            "681",
            "697",
            "738",
            "759",
            "768",
            "811",
            "837",
            "880",
            "934",
            "995",
            "1079",
            "1081"
        ],