{
    "Instance": "Corners726_G10",
    "Objective": 552.0,
    "Infeasibility": 0.0,
    "Starting Time": 1711932151.8962076,
    "Time Taken": 3701.944718360901,
    "Initialization Time": 100.48171854019165,
    "nrDistricts": 10,
    "delta": 0.05,
    "llambda": 0.7,
    "rcl_parameter": 0.3,
    "Allocation": {
        "0": [
            "0",
            "1",
            "2",
            "8",
            "28",
            "33",
            "35",
            "37",
            "41",
            "68",
            "71",
            "72",
            "92",
            "99",
            "100",
            "101",
            "105",
            "132",
            "133",
            "134",
            "135",
            "138",
            "140",
            "162",
            "169",
            "174",
            "206",
            "231",
            "233",
            "238",
            "241",
            "265",
            "268",
            "273",
            "297",
            "300",
            "328",
            "335",
            "363",
            "364",
            "368",
            "398",
            "413",
            "432",
            "455",
            "492",
            "608",
            "630",
            "679",
            "824",
            "870",
            "953",
            "970",
            "971",
            "988",
            "989",
            "1000",
            "1005",
            "1007",
            "1009",
            "1017",
            "1030",
            "1040",
            "1050",
            "1051",
            "1052",
            "1055",
            "1062",
            "1063",
            "1073",
            "1074",
            "1077",
            "1088"
        ],
        "1": [
            "289",
            "375",
            "386",
            "412",
            "616",
            "638",
            "666",
            "693",
            "697",
            "698",
            "699",
            "722",
            "726",
            "727",
            "729",
            "731",
            "745",
            "759",
            "763",
            "765",
            "766",
            "791",
            "792",
            "794",
            "797",
            "798",
            "799",
            "800",
            "827",
            "829",
            "830",
            "858",
            "859",
            "864",
            "865",
            "866",
            "895",
            "896",
            "898",
            "900",
            "906",
            "918",
            "925",
            "926",
            "927",
            "931",
            "946",
            "957",
            "959",
            "961",
            "962",
            "963",
            "968",
            "973",
            "979",
            "990",
            "993",
            "997",
            "1002",
            "1012",
            "1015",
            "1020",
            "1026",
            "1027",
            "1031",
            "1037",
            "1039",
            "1054",
            "1057",
            "1059",
            "1061",
            "1075"
        ],
        "2": [
            "24",
            "45",
            "46",
            "51",
            "62",
            "73",
            "80",
            "87",
            "130",
            "157",
            "186",
            "192",
            "200",
            "202",
            "207",
            "243",
            "261",
            "274",
            "280",
            "285",
            "303",
            "305",
            "306",
            "315",
            "326",
            "338",
            "357",
            "371",
            "376",
            "381",
            "387",
            "389",
            "453",
            "465",
            "466",
            "472",
            "507",
            "511",
            "515",
            "548",
            "577",
            "580",
            "587",
            "605",
            "609",
            "613",
            "614",
            "615",
            "619",
            "622",
            "658",
            "678",
            "683",
            "686",
            "716",
            "720",
            "737",
            "772",
            "785",
            "787",
            "813",
            "819",
            "820",
            "850",
            "853",
            "854",
            "856",
            "877",
            "884",
            "890",
            "949"
        ],
        "3": [
            "23",
            "34",
            "36",
            "40",
            "48",
            "60",
            "61",
            "70",
            "85",
            "88",
            "95",
            "117",
            "139",
            "153",
            "165",
            "177",
            "190",
            "219",
            "221",
            "225",
            "229",
            "239",
            "240",
            "258",
            "277",
            "283",
            "308",
            "310",
            "313",
            "321",
            "323",
            "327",
            "329",
            "332",
            "391",
            "409",
            "424",
            "426",
            "430",
            "457",
            "458",
            "488",
            "490",
            "513",
            "529",
            "547",
            "552",
            "593",
            "604",
            "620",
            "645",
            "692",
            "711",
            "743",
            "774",
            "779",
            "840",
            "873",
            "907",
            "908",
            "910",
            "939",
            "947",
            "950",
            "955",
            "975",
            "980",
            "1011",
            "1018",
            "1035",
            "1064",
            "1066"
        ],
        "4": [
            "29",
            "59",
            "63",
            "65",
            "77",
            "82",
            "83",
            "90",
            "107",
            "118",
            "119",
            "122",
            "143",
            "155",
            "163",
            "172",
            "179",
            "184",
            "195",
            "216",
            "223",
            "232",
            "235",
            "257",
            "259",
            "278",
            "282",
            "290",
            "316",
            "344",
            "347",
            "377",
            "383",
            "392",
            "407",
            "421",
            "423",
            "440",
            "448",
            "456",
            "460",
            "468",
            "479",
            "481",
            "483",
            "495",
            "499",
            "535",
            "555",
            "557",
            "579",
            "591",
            "592",
            "603",
            "611",
            "626",
            "668",
            "680",
            "708",
            "719",
            "750",
            "775",
            "780",
            "803",
            "804",
            "810",
            "838",
            "844",
            "885",
            "920",
            "972",
            "999",
            "1086"
        ],