{
    "Instance": "Corners726_G1",
    "Objective": 716.0,
    "Infeasibility": 0.0,
    "Starting Time": 1711493968.5293515,
    "Time Taken": 3703.001532793045,
    "Initialization Time": 101.5179488658905,
    "nrDistricts": 10,
    "delta": 0.05,
    "llambda": 0.7,
    "rcl_parameter": 0.3,
    "Allocation": {
        "0": [
            "0",
            "6",
            "7",
            "8",
            "10",
            "19",
            "21",
            "22",
            "37",
            "38",
            "39",
            "43",
            "44",
            "46",
            "49",
            "51",
            "53",
            "54",
            "68",
            "69",
            "70",
            "72",
            "74",
            "75",
            "76",
            "78",
            "80",
            "83",
            "85",
            "105",
            "107",
            "108",
            "109",
            "115",
            "135",
            "143",
            "144",
            "146",
            "149",
            "150",
            "152",
            "171",
            "173",
            "174",
            "180",
            "184",
            "213",
            "215",
            "216",
            "219",
            "221",
            "232",
            "238",
            "240",
            "248",
            "252",
            "254",
            "255",
            "256",
            "264",
            "265",
            "279",
            "284",
            "288",
            "300",
            "316",
            "343",
            "352",
            "357",
            "383",
            "413",
            "420",
            "428",
            "479"
        ],
        "1": [
            "31",
            "142",
            "207",
            "243",
            "270",
            "303",
            "312",
            "330",
            "331",
            "365",
            "422",
            "429",
            "434",
            "436",
            "441",
            "453",
            "466",
            "471",
            "472",
            "475",
            "478",
            "482",
            "485",
            "497",
            "499",
            "513",
            "528",
            "532",
            "535",
            "546",
            "562",
            "570",
            "571",
            "573",
            "580",
            "586",
            "594",
            "608",
            "636",
            "640",
            "661",
            "673",
            "685",
            "694",
            "695",
            "698",
            "702",
            "703",
            "708",
            "716",
            "726",
            "736",
            "741",
            "752",
            "759",
            "760",
            "763",
            "791",
            "792",
            "793",
            "794",
            "822",
            "828",
            "829",
            "830",
            "835",
            "840",
            "873",
            "951",
            "960",
            "968",
            "973",
            "974",
            "983",
            "998"
        ],
        "2": [
            "24",
            "25",
            "55",
            "122",
            "160",
            "185",
            "210",
            "218",
            "275",
            "280",
            "363",
            "370",
            "397",
            "399",
            "400",
            "401",
            "423",
            "430",
            "437",
            "438",
            "442",
            "450",
            "463",
            "501",
            "523",
            "547",
            "555",
            "561",
            "564",
            "566",
            "577",
            "605",
            "629",
            "632",
            "633",
            "644",
            "646",
            "660",
            "678",
            "680",
            "720",
            "723",
            "751",
            "755",
            "762",
            "766",
            "768",
            "790",
            "798",
            "804",
            "811",
            "813",
            "823",
            "856",
            "876",
            "893",
            "907",
            "923",
            "924",
            "932",
            "957",
            "958",
            "988",
            "991",
            "993",
            "1022",
            "1024",
            "1029",
            "1050",
            "1054",
            "1075",
            "1082",
            "1085"
        ],
        "3": [
            "1",
            "2",
            "17",
            "33",
            "42",
            "67",
            "93",
            "101",
            "125",
            "137",
            "141",
            "169",
            "170",
            "172",
            "176",
            "187",
            "189",
            "201",
            "206",
            "234",
            "235",
            "245",
            "251",
            "258",
            "310",
            "318",
            "325",
            "339",
            "345",
            "381",
            "382",
            "421",
            "443",
            "444",
            "446",
            "455",
            "458",
            "470",
            "483",
            "488",
            "492",
            "503",
            "512",
            "518",
            "557",
            "568",
            "576",
            "602",
            "635",
            "647",
            "648",
            "681",
            "689",
            "740",
            "750",
            "783",
            "785",
            "818",
            "839",
            "877",
            "885",
            "905",
            "906",
            "908",
            "915",
            "917",
            "948",
            "1038",
            "1071"
        ],
        "4": [
            "66",
            "99",
            "114",
            "128",
            "132",
            "133",
            "136",
            "153",
            "157",
            "159",
            "161",
            "166",
            "167",
            "194",
            "199",
            "200",
            "202",
            "222",
            "239",
            "266",
            "268",
            "277",
            "285",
            "301",
            "306",
            "311",
            "314",
            "315",
            "323",
            "342",
            "348",
            "349",
            "353",
            "377",
            "378",
            "385",
            "386",
            "394",
            "395",
            "405",
            "412",
            "415",
            "416",
            "418",
            "452",
            "480",
            "489",
            "500",
            "505",
            "507",
            "511",
            "514",
            "517",
            "541",
            "554",
            "563",
            "579",
            "593",
            "601",
            "615",
            "624",
            "626",
            "657",
            "674",
            "697",
            "713",
            "714",
            "848",
            "852",
            "909",
            "910",
            "1002",
            "1005"
        ],