{
    "Instance": "Diagonal726_G2",
    "Objective": 651.0,
    "Infeasibility": 0.0,
    "Starting Time": 1711590263.9906957,
    "Time Taken": 3700.4681844711304,
    "Initialization Time": 99.02052521705627,
    "nrDistricts": 10,
    "delta": 0.05,
    "llambda": 0.7,
    "rcl_parameter": 0.3,
    "Allocation": {
        "0": [
            "11",
            "50",
            "51",
            "63",
            "93",
            "124",
            "146",
            "191",
            "210",
            "211",
            "241",
            "246",
            "250",
            "275",
            "293",
            "312",
            "319",
            "322",
            "324",
            "341",
            "342",
            "353",
            "360",
            "376",
            "378",
            "445",
            "504",
            "518",
            "526",
            "550",
            "589",
            "593",
            "594",
            "595",
            "609",
            "629",
            "665",
            "700",
            "717",
            "722",
            "729",
            "733",
            "744",
            "745",
            "746",
            "747",
            "750",
            "805",
            "806",
            "811",
            "839",
            "845",
            "846",
            "871",
            "874",
            "875",
            "879",
            "895",
            "899",
            "905",
            "906",
            "941",
            "965",
            "974",
            "978",
            "991",
            "1025",
            "1032",
            "1035",
            "1054",
            "1058",
            "1075"
        ],
        "1": [
            "45",
            "73",
            "76",
            "81",
            "229",
            "242",
            "247",
            "300",
            "333",
            "334",
            "415",
            "440",
            "444",
            "448",
            "463",
            "466",
            "480",
            "497",
            "529",
            "530",
            "532",
            "535",
            "537",
            "538",
            "551",
            "570",
            "571",
            "579",
            "587",
            "606",
            "608",
            "616",
            "624",
            "636",
            "639",
            "640",
            "664",
            "666",
            "677",
            "698",
            "711",
            "731",
            "736",
            "764",
            "769",
            "826",
            "832",
            "833",
            "836",
            "837",
            "841",
            "860",
            "876",
            "891",
            "893",
            "898",
            "901",
            "927",
            "935",
            "969",
            "971",
            "1013",
            "1023",
            "1024",
            "1028",
            "1031",
            "1053",
            "1056",
            "1057",
            "1059",
            "1060",
            "1074",
            "1076"
        ],
        "2": [
            "23",
            "24",
            "26",
            "28",
            "35",
            "44",
            "56",
            "57",
            "59",
            "60",
            "61",
            "62",
            "90",
            "91",
            "96",
            "114",
            "126",
            "128",
            "138",
            "159",
            "163",
            "164",
            "195",
            "226",
            "249",
            "257",
            "292",
            "294",
            "313",
            "384",
            "390",
            "393",
            "394",
            "395",
            "396",
            "419",
            "423",
            "451",
            "456",
            "457",
            "458",
            "486",
            "489",
            "490",
            "494",
            "520",
            "523",
            "525",
            "539",
            "549",
            "553",
            "556",
            "583",
            "599",
            "604",
            "614",
            "617",
            "618",
            "720",
            "740",
            "741",
            "753",
            "765",
            "772",
            "865",
            "868",
            "870",
            "919",
            "933",
            "942",
            "955",
            "961",
            "1003",
            "1021",
            "1048"
        ],
        "3": [
            "14",
            "32",
            "39",
            "41",
            "43",
            "47",
            "48",
            "53",
            "68",
            "71",
            "78",
            "80",
            "89",
            "98",
            "99",
            "103",
            "104",
            "105",
            "108",
            "109",
            "111",
            "117",
            "135",
            "140",
            "141",
            "142",
            "150",
            "168",
            "169",
            "173",
            "181",
            "197",
            "200",
            "202",
            "203",
            "212",
            "220",
            "234",
            "245",
            "252",
            "266",
            "268",
            "269",
            "281",
            "286",
            "287",
            "298",
            "309",
            "315",
            "316",
            "317",
            "331",
            "339",
            "343",
            "348",
            "350",
            "361",
            "374",
            "397",
            "402",
            "403",
            "404",
            "428",
            "438",
            "453",
            "459",
            "527",
            "680",
            "752",
            "807",
            "1051"
        ],
        "4": [
            "29",
            "64",
            "83",
            "87",
            "102",
            "106",
            "143",
            "148",
            "254",
            "260",
            "280",
            "314",
            "338",
            "352",
            "355",
            "359",
            "379",
            "388",
            "389",
            "424",
            "446",
            "507",
            "510",
            "513",
            "524",
            "543",
            "572",
            "607",
            "610",
            "628",
            "647",
            "656",
            "662",
            "670",
            "673",
            "682",
            "687",
            "755",
            "760",
            "768",
            "787",
            "799",
            "808",
            "827",
            "835",
            "854",
            "859",
            "866",
            "867",
            "903",
            "915",
            "917",
            "946",
            "962",
            "963",
            "968",
            "970",
            "985",
            "992",
            "993",
            "995",
            "998",
            "1006",
            "1009",
            "1011",
            "1030",
            "1036",
            "1066",
            "1072"
        ],