{
    "Instance": "Diagonal726_G6",
    "Objective": 560.0,
    "Infeasibility": 0.0,
    "Starting Time": 1711534710.2914,
    "Time Taken": 3700.4576721191406,
    "Initialization Time": 98.94476675987244,
    "nrDistricts": 10,
    "delta": 0.05,
    "llambda": 0.7,
    "rcl_parameter": 0.3,
    "Allocation": {
        "0": [
            "1",
            "8",
            "30",
            "44",
            "58",
            "80",
            "82",
            "85",
            "94",
            "95",
            "97",
            "103",
            "113",
            "122",
            "131",
            "133",
            "148",
            "153",
            "161",
            "165",
            "166",
            "168",
            "174",
            "181",
            "190",
            "197",
            "203",
            "204",
            "207",
            "208",
            "209",
            "210",
            "211",
            "223",
            "228",
            "229",
            "256",
            "262",
            "281",
            "283",
            "286",
            "294",
            "318",
            "327",
            "352",
            "356",
            "358",
            "360",
            "392",
            "394",
            "395",
            "422",
            "426",
            "444",
            "451",
            "457",
            "467",
            "477",
            "489",
            "494",
            "516",
            "524",
            "547",
            "556",
            "557",
            "559",
            "574",
            "590",
            "635",
            "735",
            "767",
            "837",
            "873",
            "891",
            "990"
        ],
        "1": [
            "52",
            "55",
            "114",
            "116",
            "124",
            "144",
            "147",
            "218",
            "248",
            "272",
            "328",
            "334",
            "342",
            "344",
            "351",
            "354",
            "359",
            "382",
            "410",
            "429",
            "454",
            "469",
            "473",
            "508",
            "528",
            "534",
            "553",
            "565",
            "571",
            "594",
            "619",
            "620",
            "621",
            "654",
            "664",
            "695",
            "697",
            "699",
            "700",
            "712",
            "717",
            "726",
            "744",
            "745",
            "752",
            "764",
            "769",
            "771",
            "803",
            "804",
            "834",
            "836",
            "839",
            "841",
            "842",
            "894",
            "900",
            "924",
            "934",
            "944",
            "957",
            "970",
            "991",
            "998",
            "1017",
            "1018",
            "1030",
            "1032",
            "1057",
            "1059",
            "1067"
        ],
        "2": [
            "3",
            "4",
            "5",
            "7",
            "12",
            "26",
            "31",
            "34",
            "54",
            "59",
            "65",
            "72",
            "79",
            "83",
            "86",
            "88",
            "89",
            "91",
            "101",
            "102",
            "105",
            "126",
            "143",
            "151",
            "154",
            "159",
            "163",
            "164",
            "167",
            "169",
            "178",
            "179",
            "184",
            "192",
            "201",
            "216",
            "246",
            "255",
            "273",
            "274",
            "284",
            "285",
            "296",
            "310",
            "337",
            "341",
            "369",
            "425",
            "458",
            "476",
            "483",
            "485",
            "487",
            "514",
            "517",
            "519",
            "525",
            "526",
            "544",
            "562",
            "579",
            "616",
            "623",
            "644",
            "657",
            "658",
            "661",
            "677",
            "678",
            "689",
            "825",
            "826",
            "892"
        ],
        "3": [
            "19",
            "123",
            "276",
            "292",
            "314",
            "339",
            "347",
            "367",
            "386",
            "390",
            "396",
            "408",
            "455",
            "502",
            "628",
            "666",
            "681",
            "686",
            "687",
            "693",
            "704",
            "706",
            "714",
            "728",
            "731",
            "746",
            "750",
            "768",
            "781",
            "783",
            "795",
            "802",
            "809",
            "816",
            "817",
            "827",
            "829",
            "844",
            "853",
            "868",
            "877",
            "878",
            "883",
            "886",
            "893",
            "895",
            "898",
            "915",
            "925",
            "928",
            "949",
            "954",
            "960",
            "971",
            "972",
            "974",
            "980",
            "984",
            "985",
            "987",
            "999",
            "1002",
            "1010",
            "1011",
            "1015",
            "1035",
            "1037",
            "1044",
            "1048",
            "1061",
            "1066",
            "1072",
            "1082"
        ],
        "4": [
            "62",
            "77",
            "111",
            "119",
            "160",
            "162",
            "176",
            "185",
            "191",
            "196",
            "213",
            "251",
            "254",
            "287",
            "293",
            "297",
            "304",
            "305",
            "309",
            "348",
            "349",
            "350",
            "368",
            "374",
            "375",
            "407",
            "423",
            "424",
            "434",
            "436",
            "453",
            "484",
            "497",
            "513",
            "527",
            "530",
            "533",
            "537",
            "541",
            "569",
            "575",
            "578",
            "585",
            "607",
            "609",
            "615",
            "636",
            "698",
            "713",
            "765",
            "775",
            "778",
            "796",
            "812",
            "813",
            "828",
            "846",
            "864",
            "870",
            "872",
            "879",
            "912",
            "936",
            "961",
            "976",
            "995",
            "1001",
            "1008",
            "1042",
            "1070",
            "1071",
            "1073"
        ],