{
    "Instance": "Diagonal726_G1",
    "Objective": 539.0,
    "Infeasibility": 0.0,
    "Starting Time": 1711497673.3437903,
    "Time Taken": 3701.2471487522125,
    "Initialization Time": 99.74842071533203,
    "nrDistricts": 10,
    "delta": 0.05,
    "llambda": 0.7,
    "rcl_parameter": 0.3,
    "Allocation": {
        "0": [
            "0",
            "11",
            "14",
            "18",
            "22",
            "23",
            "29",
            "33",
            "35",
            "36",
            "37",
            "38",
            "39",
            "42",
            "43",
            "47",
            "51",
            "60",
            "63",
            "66",
            "68",
            "73",
            "75",
            "78",
            "80",
            "92",
            "96",
            "99",
            "100",
            "101",
            "102",
            "104",
            "109",
            "110",
            "117",
            "118",
            "121",
            "130",
            "133",
            "135",
            "136",
            "137",
            "138",
            "140",
            "141",
            "147",
            "171",
            "177",
            "193",
            "205",
            "206",
            "211",
            "237",
            "238",
            "241",
            "245",
            "246",
            "257",
            "261",
            "271",
            "273",
            "274",
            "275",
            "277",
            "308",
            "327",
            "328",
            "329",
            "342",
            "350",
            "408",
            "648",
            "672",
            "673",
            "711",
            "866",
            "868",
            "938"
        ],
        "1": [
            "198",
            "265",
            "298",
            "299",
            "300",
            "332",
            "363",
            "365",
            "396",
            "397",
            "398",
            "434",
            "463",
            "487",
            "499",
            "501",
            "528",
            "529",
            "530",
            "531",
            "532",
            "533",
            "538",
            "562",
            "563",
            "565",
            "594",
            "597",
            "604",
            "627",
            "628",
            "629",
            "632",
            "633",
            "635",
            "640",
            "661",
            "697",
            "708",
            "733",
            "734",
            "742",
            "767",
            "772",
            "776",
            "778",
            "798",
            "806",
            "813",
            "846",
            "860",
            "869",
            "881",
            "889",
            "897",
            "912",
            "914",
            "932",
            "946",
            "965",
            "992",
            "993",
            "994",
            "996",
            "999",
            "1000",
            "1009",
            "1010",
            "1025",
            "1043",
            "1064",
            "1074"
        ],
        "2": [
            "48",
            "58",
            "146",
            "181",
            "199",
            "214",
            "232",
            "249",
            "260",
            "278",
            "288",
            "309",
            "310",
            "312",
            "324",
            "326",
            "335",
            "336",
            "337",
            "348",
            "372",
            "390",
            "444",
            "464",
            "466",
            "468",
            "484",
            "500",
            "534",
            "551",
            "564",
            "566",
            "571",
            "577",
            "595",
            "634",
            "637",
            "663",
            "669",
            "674",
            "699",
            "701",
            "702",
            "706",
            "727",
            "736",
            "761",
            "795",
            "809",
            "828",
            "854",
            "862",
            "870",
            "887",
            "891",
            "892",
            "916",
            "918",
            "923",
            "945",
            "951",
            "988",
            "995",
            "1001",
            "1011",
            "1024",
            "1032",
            "1034",
            "1063",
            "1066",
            "1072"
        ],
        "3": [
            "17",
            "20",
            "24",
            "28",
            "119",
            "125",
            "158",
            "228",
            "349",
            "368",
            "371",
            "412",
            "439",
            "448",
            "459",
            "473",
            "481",
            "496",
            "535",
            "542",
            "543",
            "567",
            "576",
            "579",
            "601",
            "643",
            "645",
            "665",
            "677",
            "682",
            "728",
            "729",
            "739",
            "740",
            "748",
            "750",
            "760",
            "774",
            "775",
            "779",
            "783",
            "802",
            "808",
            "827",
            "834",
            "843",
            "849",
            "857",
            "858",
            "861",
            "873",
            "876",
            "895",
            "909",
            "934",
            "954",
            "955",
            "961",
            "962",
            "963",
            "967",
            "973",
            "1015",
            "1020",
            "1057",
            "1073"
        ],
        "4": [
            "45",
            "55",
            "56",
            "87",
            "88",
            "91",
            "98",
            "111",
            "151",
            "152",
            "156",
            "159",
            "178",
            "183",
            "191",
            "192",
            "217",
            "222",
            "225",
            "226",
            "250",
            "252",
            "258",
            "283",
            "315",
            "316",
            "320",
            "351",
            "355",
            "423",
            "435",
            "446",
            "457",
            "477",
            "485",
            "488",
            "493",
            "508",
            "524",
            "547",
            "609",
            "618",
            "647",
            "666",
            "676",
            "703",
            "738",
            "744",
            "749",
            "803",
            "807",
            "829",
            "832",
            "833",
            "835",
            "841",
            "879",
            "893",
            "898",
            "903",
            "907",
            "908",
            "931",
            "960",
            "1005",
            "1013",
            "1026",
            "1030",
            "1031",
            "1038",
            "1081"
        ],