{
    "Instance": "Center486_G7",
    "Objective": 210,
    "Infeasibility": 0.0,
    "Starting Time": 1692559209.176622,
    "Time Taken": 65.1263017654419,
    "Initialization Time": 6.1689536571502686,
    "nrInitSolutions": 100,
    "startingLambda": 0.1,
    "nrDistricts": 10,
    "lambdaRange": [
        0.1,
        0.4,
        0.7,
        1
    ],
    "delta": 0.05,
    "llambda": 0.7,
    "rcl_parameter": 0.3,
    "Allocation": {
        "0": [
            "288",
            "315",
            "261",
            "342",
            "340",
            "292",
            "339",
            "293",
            "313",
            "237",
            "345",
            "238",
            "320",
            "266",
            "338",
            "372",
            "346",
            "347",
            "337",
            "267",
            "240",
            "241",
            "374",
            "268",
            "321",
            "336",
            "294",
            "363",
            "390",
            "362",
            "322",
            "417",
            "416",
            "323",
            "444",
            "399",
            "481",
            "477",
            "456",
            "483",
            "429",
            "534",
            "426",
            "536",
            "430",
            "317",
            "236",
            "478",
            "184",
            "562",
            "215",
            "533",
            "127"
        ],
        "1": [
            "176",
            "122",
            "121",
            "120",
            "147",
            "174",
            "117",
            "89",
            "114",
            "169",
            "87",
            "113",
            "61",
            "35",
            "60",
            "198",
            "86",
            "85",
            "59",
            "58",
            "34",
            "36",
            "7",
            "32",
            "8",
            "5",
            "54",
            "31",
            "27",
            "56",
            "2",
            "57",
            "81",
            "29",
            "37",
            "1",
            "28",
            "4",
            "55",
            "84",
            "83",
            "135",
            "139",
            "299",
            "149",
            "413",
            "167",
            "112",
            "193",
            "221",
            "411"
        ],
        "2": [
            "500",
            "499",
            "498",
            "527",
            "501",
            "581",
            "552",
            "551",
            "519",
            "493",
            "494",
            "492",
            "545",
            "491",
            "439",
            "465",
            "437",
            "438",
            "490",
            "464",
            "462",
            "489",
            "461",
            "434",
            "332",
            "433",
            "382",
            "432",
            "251",
            "352",
            "249",
            "621",
            "380",
            "250",
            "384",
            "223",
            "325",
            "197",
            "351",
            "595",
            "224",
            "355",
            "460",
            "409",
            "702",
            "521",
            "408",
            "567",
            "574",
            "298",
            "518"
        ],
        "3": [
            "660",
            "659",
            "714",
            "687",
            "715",
            "713",
            "716",
            "712",
            "711",
            "710",
            "682",
            "656",
            "681",
            "655",
            "654",
            "680",
            "602",
            "653",
            "709",
            "708",
            "601",
            "603",
            "604",
            "652",
            "575",
            "548",
            "600",
            "626",
            "625",
            "706",
            "547",
            "678",
            "679",
            "572",
            "605",
            "520",
            "598",
            "624",
            "546",
            "677",
            "705",
            "704",
            "676",
            "606",
            "650",
            "554",
            "579",
            "463",
            "497",
            "516",
            "580"
        ],
        "4": [
            "407",
            "271",
            "435",
            "270",
            "300",
            "272",
            "246",
            "247",
            "248",
            "243",
            "220",
            "385",
            "218",
            "219",
            "273",
            "222",
            "327",
            "217",
            "136",
            "163",
            "190",
            "162",
            "357",
            "109",
            "216",
            "192",
            "330",
            "386",
            "301",
            "275",
            "440",
            "191",
            "108",
            "110",
            "276",
            "412",
            "358",
            "359",
            "118",
            "116",
            "189",
            "146",
            "278",
            "145",
            "62",
            "115",
            "383",
            "629"
        ],
        "5": [
            "40",
            "42",
            "43",
            "41",
            "18",
            "16",
            "17",
            "19",
            "46",
            "47",
            "20",
            "73",
            "21",
            "74",
            "75",
            "101",
            "49",
            "22",
            "99",
            "76",
            "126",
            "23",
            "24",
            "103",
            "104",
            "130",
            "105",
            "132",
            "77",
            "106",
            "79",
            "50",
            "25",
            "26",
            "52",
            "78",
            "51",
            "289",
            "425",
            "291",
            "264",
            "290",
            "398",
            "344",
            "480",
            "183",
            "257",
            "230",
            "48"
        ],
        "6": [
            "647",
            "619",
            "592",
            "539",
            "538",
            "510",
            "617",
            "535",
            "508",
            "587",
            "588",
            "586",
            "614",
            "457",
            "643",
            "644",
            "671",
            "698",
            "670",
            "699",
            "700",
            "725",
            "728",
            "726",
            "701",
            "615",
            "642",
            "613",
            "718",
            "662",
            "612",
            "663",
            "691",
            "635",
            "661",
            "721",
            "694",
            "667",
            "695",
            "722",
            "640",
            "666",
            "511",
            "482",
            "564",
            "403",
            "318"
        ],