{
    "Instance": "Center486_G19",
    "Objective": 166,
    "Infeasibility": 0.0,
    "Starting Time": 1711828593.942807,
    "Time Taken": 32.20027184486389,
    "Initialization Time": 5.546896696090698,
    "nrInitSolutions": 100,
    "startingLambda": 0.1,
    "nrDistricts": 10,
    "lambdaRange": [
        0.1,
        0.4,
        0.7,
        1
    ],
    "delta": 0.05,
    "llambda": 0.7,
    "rcl_parameter": 0.3,
    "Allocation": {
        "0": [
            "461",
            "460",
            "488",
            "462",
            "405",
            "515",
            "379",
            "378",
            "514",
            "541",
            "352",
            "568",
            "542",
            "351",
            "595",
            "622",
            "540",
            "517",
            "490",
            "494",
            "518",
            "412",
            "621",
            "567",
            "513",
            "543",
            "650",
            "676",
            "467",
            "544",
            "702",
            "648",
            "684",
            "685",
            "597",
            "680",
            "683",
            "682",
            "707",
            "658",
            "625",
            "491",
            "652",
            "325",
            "710",
            "520",
            "383"
        ],
        "1": [
            "200",
            "201",
            "228",
            "255",
            "283",
            "282",
            "256",
            "310",
            "309",
            "284",
            "336",
            "308",
            "285",
            "258",
            "312",
            "335",
            "230",
            "204",
            "205",
            "206",
            "208",
            "209",
            "234",
            "235",
            "210",
            "262",
            "261",
            "236",
            "263",
            "237",
            "289",
            "264",
            "290",
            "316",
            "291",
            "315",
            "317",
            "343",
            "292",
            "318",
            "342",
            "344",
            "369",
            "214",
            "345",
            "213",
            "186",
            "239"
        ],
        "2": [
            "692",
            "693",
            "720",
            "721",
            "723",
            "722",
            "724",
            "696",
            "697",
            "725",
            "671",
            "643",
            "644",
            "642",
            "672",
            "645",
            "617",
            "615",
            "618",
            "614",
            "674",
            "646",
            "588",
            "701",
            "728",
            "587",
            "589",
            "700",
            "562",
            "613",
            "535",
            "612",
            "619",
            "640",
            "639",
            "585",
            "591",
            "592",
            "565",
            "586",
            "620",
            "611",
            "564",
            "561",
            "667",
            "668",
            "448",
            "477"
        ],
        "3": [
            "25",
            "52",
            "24",
            "23",
            "79",
            "80",
            "78",
            "106",
            "50",
            "22",
            "77",
            "133",
            "76",
            "107",
            "160",
            "75",
            "134",
            "49",
            "103",
            "187",
            "102",
            "159",
            "129",
            "21",
            "240",
            "212",
            "241",
            "188",
            "293",
            "242",
            "320",
            "295",
            "269",
            "296",
            "347",
            "348",
            "346",
            "349",
            "403",
            "376",
            "323",
            "404",
            "375",
            "430",
            "425",
            "451",
            "452"
        ],
        "4": [
            "27",
            "28",
            "55",
            "29",
            "2",
            "82",
            "1",
            "56",
            "3",
            "81",
            "83",
            "4",
            "57",
            "84",
            "5",
            "31",
            "111",
            "58",
            "32",
            "59",
            "112",
            "87",
            "61",
            "114",
            "141",
            "140",
            "115",
            "89",
            "168",
            "116",
            "143",
            "195",
            "142",
            "170",
            "169",
            "35",
            "8",
            "117",
            "118",
            "7",
            "9",
            "119",
            "10",
            "250",
            "224",
            "221",
            "271",
            "246"
        ],
        "5": [
            "717",
            "689",
            "688",
            "690",
            "687",
            "660",
            "633",
            "632",
            "631",
            "712",
            "656",
            "629",
            "709",
            "655",
            "708",
            "628",
            "601",
            "654",
            "574",
            "575",
            "627",
            "626",
            "653",
            "679",
            "573",
            "572",
            "547",
            "706",
            "705",
            "576",
            "548",
            "546",
            "704",
            "600",
            "678",
            "571",
            "677",
            "624",
            "598",
            "545",
            "675",
            "523",
            "577",
            "550",
            "649",
            "596",
            "493",
            "516"
        ],
        "6": [
            "421",
            "449",
            "450",
            "504",
            "424",
            "478",
            "397",
            "453",
            "505",
            "503",
            "479",
            "531",
            "426",
            "506",
            "398",
            "480",
            "454",
            "558",
            "507",
            "559",
            "508",
            "560",
            "399",
            "509",
            "536",
            "482",
            "483",
            "372",
            "557",
            "400",
            "532",
            "371",
            "584",
            "510",
            "537",
            "456",
            "538",
            "484",
            "533",
            "427",
            "457",
            "458",
            "511",
            "481",
            "539",
            "431",
            "428",
            "512",
            "485",
            "266",
            "563",
            "670",
            "673"
        ],
        "7": [
            "70",
            "69",
            "96",
            "123",
            "150",
            "124",
            "149",
            "125",
            "99",
            "126",
            "100",
            "127",
            "153",
            "72",
            "180",
            "73",
            "181",
            "207",
            "45",
            "74",
            "182",
            "46",
            "18",
            "47",
            "183",
            "44",
            "184",
            "211",
            "238",
            "19",
            "155",
            "265",
            "157",
            "17",
            "16",
            "15",
            "130",
            "14",
            "131",
            "105",
            "396",
            "48",
            "268",
            "373",
            "53",
            "319",
            "231"
        ],