{
    "Instance": "Center486_G20",
    "Objective": 153,
    "Infeasibility": 0.0004270908292287199,
    "Starting Time": 1711827935.3897398,
    "Time Taken": 79.16926312446594,
    "Initialization Time": 5.522766828536987,
    "nrInitSolutions": 100,
    "startingLambda": 0.1,
    "nrDistricts": 10,
    "lambdaRange": [
        0.1,
        0.4,
        0.7,
        1
    ],
    "delta": 0.05,
    "llambda": 0.7,
    "rcl_parameter": 0.3,
    "Allocation": {
        "0": [
            "46",
            "19",
            "74",
            "47",
            "20",
            "18",
            "17",
            "76",
            "70",
            "49",
            "102",
            "126",
            "103",
            "129",
            "50",
            "153",
            "43",
            "130",
            "156",
            "151",
            "23",
            "180",
            "104",
            "105",
            "51",
            "183",
            "155",
            "154",
            "106",
            "178",
            "177",
            "79",
            "52",
            "107",
            "25",
            "158",
            "175",
            "159",
            "26",
            "80",
            "53",
            "132",
            "131",
            "176",
            "290",
            "373"
        ],
        "1": [
            "37",
            "64",
            "65",
            "66",
            "93",
            "67",
            "40",
            "13",
            "41",
            "120",
            "146",
            "147",
            "145",
            "143",
            "142",
            "115",
            "197",
            "169",
            "88",
            "141",
            "168",
            "114",
            "87",
            "61",
            "140",
            "113",
            "167",
            "194",
            "34",
            "7",
            "221",
            "33",
            "6",
            "5",
            "248",
            "220",
            "224",
            "249",
            "222",
            "276",
            "275",
            "139",
            "305",
            "191",
            "223",
            "62",
            "57",
            "58",
            "31",
            "192",
            "247"
        ],
        "2": [
            "702",
            "703",
            "675",
            "676",
            "677",
            "704",
            "649",
            "650",
            "622",
            "623",
            "651",
            "705",
            "595",
            "652",
            "624",
            "706",
            "625",
            "679",
            "568",
            "567",
            "680",
            "517",
            "545",
            "546",
            "547",
            "707",
            "574",
            "601",
            "573",
            "513",
            "683",
            "709",
            "521",
            "655",
            "710",
            "599",
            "459",
            "600",
            "627",
            "654",
            "629",
            "628",
            "434",
            "602",
            "460",
            "432",
            "572",
            "656",
            "436",
            "378",
            "352",
            "357",
            "440"
        ],
        "3": [
            "658",
            "660",
            "659",
            "661",
            "662",
            "689",
            "663",
            "665",
            "716",
            "664",
            "715",
            "639",
            "666",
            "667",
            "612",
            "694",
            "721",
            "613",
            "558",
            "669",
            "641",
            "586",
            "584",
            "560",
            "476",
            "562",
            "535",
            "534",
            "673",
            "507",
            "481",
            "726",
            "475",
            "618",
            "504",
            "697",
            "723",
            "502",
            "478",
            "672",
            "695",
            "531",
            "722",
            "644",
            "724",
            "725",
            "642"
        ],
        "4": [
            "577",
            "552",
            "578",
            "579",
            "525",
            "553",
            "498",
            "471",
            "554",
            "444",
            "443",
            "417",
            "390",
            "389",
            "363",
            "415",
            "469",
            "414",
            "496",
            "413",
            "467",
            "439",
            "466",
            "419",
            "493",
            "465",
            "437",
            "492",
            "464",
            "463",
            "519",
            "520",
            "304",
            "303",
            "491",
            "331",
            "328",
            "387",
            "360",
            "279",
            "410",
            "278",
            "332",
            "385",
            "442",
            "333",
            "251",
            "330"
        ],
        "5": [
            "458",
            "404",
            "399",
            "561",
            "401",
            "374",
            "348",
            "376",
            "286",
            "210",
            "343",
            "236",
            "420",
            "211",
            "364",
            "287",
            "288",
            "292",
            "265",
            "235",
            "366",
            "367",
            "365",
            "320",
            "506",
            "533",
            "263",
            "393",
            "266",
            "295",
            "293",
            "587",
            "291",
            "479",
            "423",
            "453",
            "508",
            "346",
            "315",
            "430",
            "316",
            "375",
            "532",
            "450"
        ],
        "6": [
            "27",
            "81",
            "28",
            "54",
            "55",
            "1",
            "82",
            "83",
            "56",
            "109",
            "29",
            "2",
            "110",
            "30",
            "84",
            "108",
            "3",
            "136",
            "137",
            "111",
            "135",
            "85",
            "138",
            "163",
            "59",
            "162",
            "112",
            "60",
            "86",
            "193",
            "190",
            "165",
            "217",
            "189",
            "218",
            "216",
            "270",
            "329",
            "274",
            "32",
            "144",
            "196",
            "116",
            "170",
            "327",
            "280",
            "253",
            "166",
            "277",
            "273"
        ],
        "7": [
            "256",
            "257",
            "258",
            "259",
            "289",
            "262",
            "208",
            "318",
            "264",
            "234",
            "207",
            "238",
            "181",
            "182",
            "209",
            "239",
            "294",
            "267",
            "240",
            "213",
            "322",
            "214",
            "187",
            "160",
            "186",
            "241",
            "268",
            "350",
            "242",
            "133",
            "296",
            "188",
            "269",
            "323",
            "72",
            "45",
            "73",
            "368",
            "75",
            "48",
            "71",
            "101",
            "124",
            "184",
            "321",
            "127",
            "212",
            "152",
            "99"
        ],