{
    "Instance": "Center486_G11",
    "Objective": 227,
    "Infeasibility": 0.0,
    "Starting Time": 1711828014.562835,
    "Time Taken": 40.15479278564453,
    "Initialization Time": 5.573280572891235,
    "nrInitSolutions": 100,
    "startingLambda": 0.1,
    "nrDistricts": 10,
    "lambdaRange": [
        0.1,
        0.4,
        0.7,
        1
    ],
    "delta": 0.05,
    "llambda": 0.7,
    "rcl_parameter": 0.3,
    "Allocation": {
        "0": [
            "455",
            "401",
            "428",
            "456",
            "457",
            "374",
            "373",
            "348",
            "431",
            "377",
            "485",
            "376",
            "404",
            "375",
            "429",
            "537",
            "699",
            "643",
            "620",
            "565",
            "696",
            "592",
            "727",
            "322",
            "647",
            "458",
            "187",
            "340",
            "700",
            "262",
            "347",
            "402",
            "267",
            "207",
            "259",
            "293",
            "473",
            "295",
            "294",
            "296",
            "478",
            "179",
            "261",
            "668",
            "208",
            "566",
            "206",
            "640",
            "155",
            "212",
            "345",
            "237",
            "157",
            "236"
        ],
        "1": [
            "675",
            "649",
            "622",
            "704",
            "568",
            "624",
            "596",
            "597",
            "653",
            "625",
            "679",
            "706",
            "598",
            "705",
            "626",
            "600",
            "574",
            "680",
            "681",
            "573",
            "546",
            "708",
            "602",
            "547",
            "709",
            "548",
            "683",
            "682",
            "514",
            "655",
            "710",
            "517",
            "629",
            "628",
            "630",
            "570",
            "657",
            "388",
            "439",
            "488",
            "361",
            "332",
            "386",
            "359",
            "139",
            "495",
            "707",
            "652",
            "83",
            "85",
            "300",
            "84"
        ],
        "2": [
            "116",
            "143",
            "170",
            "29",
            "111",
            "169",
            "171",
            "28",
            "137",
            "136",
            "27",
            "245",
            "191",
            "190",
            "54",
            "165",
            "81",
            "138",
            "140",
            "272",
            "55",
            "164",
            "192",
            "219",
            "167",
            "166",
            "246",
            "168",
            "108",
            "57",
            "218",
            "247",
            "545",
            "415",
            "518",
            "491",
            "490",
            "542",
            "358",
            "540",
            "569",
            "599",
            "572",
            "280",
            "650",
            "328",
            "541",
            "623"
        ],
        "3": [
            "637",
            "663",
            "690",
            "664",
            "689",
            "688",
            "687",
            "660",
            "714",
            "633",
            "579",
            "606",
            "580",
            "581",
            "527",
            "500",
            "501",
            "472",
            "474",
            "530",
            "560",
            "506",
            "532",
            "504",
            "507",
            "423",
            "559",
            "558",
            "396",
            "585",
            "479",
            "452",
            "561",
            "342",
            "395",
            "588",
            "616",
            "587",
            "642",
            "554",
            "563",
            "505"
        ],
        "4": [
            "51",
            "52",
            "53",
            "79",
            "80",
            "106",
            "105",
            "107",
            "133",
            "132",
            "159",
            "134",
            "160",
            "240",
            "239",
            "188",
            "266",
            "269",
            "242",
            "241",
            "215",
            "161",
            "321",
            "323",
            "430",
            "101",
            "128",
            "100",
            "127",
            "17",
            "72",
            "47",
            "46",
            "45",
            "18",
            "258",
            "235",
            "264",
            "23",
            "350",
            "529",
            "337",
            "483",
            "209",
            "533",
            "372",
            "177",
            "210",
            "158"
        ],
        "5": [
            "438",
            "410",
            "330",
            "437",
            "251",
            "493",
            "409",
            "463",
            "462",
            "382",
            "516",
            "435",
            "381",
            "543",
            "520",
            "297",
            "379",
            "461",
            "351",
            "327",
            "405",
            "521",
            "487",
            "406",
            "380",
            "326",
            "433",
            "353",
            "352",
            "279",
            "407",
            "325",
            "355",
            "354",
            "329",
            "434",
            "383",
            "464",
            "432",
            "324",
            "523",
            "648",
            "621",
            "676",
            "678",
            "702",
            "496",
            "567",
            "601",
            "162",
            "193",
            "677"
        ],
        "6": [
            "255",
            "282",
            "309",
            "310",
            "364",
            "363",
            "366",
            "339",
            "365",
            "313",
            "314",
            "315",
            "288",
            "316",
            "289",
            "317",
            "290",
            "318",
            "344",
            "319",
            "371",
            "531",
            "424",
            "477",
            "182",
            "398",
            "450",
            "425",
            "99",
            "186",
            "213",
            "103",
            "148",
            "176",
            "260",
            "349",
            "175",
            "77",
            "214",
            "426",
            "399",
            "400",
            "453",
            "447",
            "49",
            "420",
            "369",
            "50",
            "102",
            "481",
            "154"
        ],