{
    "Instance": "Center486_G21",
    "Objective": 251,
    "Infeasibility": 0.0,
    "Starting Time": 1711828582.8215823,
    "Time Taken": 66.17328572273254,
    "Initialization Time": 5.655207395553589,
    "nrInitSolutions": 100,
    "startingLambda": 0.1,
    "nrDistricts": 10,
    "lambdaRange": [
        0.1,
        0.4,
        0.7,
        1
    ],
    "delta": 0.05,
    "llambda": 0.7,
    "rcl_parameter": 0.3,
    "Allocation": {
        "0": [
            "122",
            "123",
            "121",
            "178",
            "98",
            "126",
            "177",
            "127",
            "99",
            "70",
            "100",
            "71",
            "128",
            "43",
            "101",
            "73",
            "155",
            "129",
            "156",
            "181",
            "102",
            "182",
            "208",
            "183",
            "103",
            "74",
            "184",
            "209",
            "210",
            "238",
            "75",
            "207",
            "46",
            "236",
            "263",
            "45",
            "289",
            "316",
            "288",
            "48",
            "261",
            "19",
            "47",
            "371",
            "296",
            "241",
            "180",
            "537"
        ],
        "1": [
            "146",
            "118",
            "145",
            "91",
            "92",
            "64",
            "93",
            "37",
            "9",
            "7",
            "8",
            "11",
            "62",
            "35",
            "34",
            "33",
            "89",
            "5",
            "61",
            "88",
            "60",
            "32",
            "4",
            "31",
            "30",
            "59",
            "87",
            "2",
            "57",
            "56",
            "86",
            "3",
            "85",
            "113",
            "198",
            "170",
            "194",
            "222",
            "199",
            "415",
            "195",
            "0",
            "442",
            "331",
            "545",
            "191"
        ],
        "2": [
            "661",
            "660",
            "635",
            "689",
            "603",
            "577",
            "608",
            "609",
            "578",
            "601",
            "610",
            "573",
            "574",
            "627",
            "637",
            "547",
            "546",
            "682",
            "583",
            "582",
            "555",
            "626",
            "598",
            "528",
            "501",
            "560",
            "532",
            "562",
            "424",
            "505",
            "531",
            "447",
            "448",
            "504",
            "477",
            "533",
            "450",
            "558",
            "423",
            "520",
            "396",
            "612",
            "451",
            "629",
            "599"
        ],
        "3": [
            "726",
            "725",
            "699",
            "673",
            "698",
            "671",
            "645",
            "670",
            "697",
            "644",
            "696",
            "669",
            "643",
            "674",
            "619",
            "616",
            "668",
            "592",
            "565",
            "589",
            "511",
            "590",
            "667",
            "510",
            "591",
            "512",
            "483",
            "666",
            "484",
            "564",
            "485",
            "482",
            "693",
            "723",
            "721",
            "718",
            "719",
            "720",
            "457",
            "566",
            "722",
            "692",
            "717",
            "269",
            "215",
            "509",
            "563",
            "125",
            "613"
        ],
        "4": [
            "363",
            "362",
            "389",
            "388",
            "441",
            "440",
            "496",
            "497",
            "467",
            "386",
            "412",
            "493",
            "359",
            "494",
            "332",
            "464",
            "411",
            "463",
            "490",
            "305",
            "358",
            "383",
            "278",
            "436",
            "307",
            "410",
            "517",
            "354",
            "597",
            "596",
            "709",
            "712",
            "655",
            "633",
            "713",
            "687",
            "631",
            "702",
            "714",
            "385",
            "384",
            "437",
            "306",
            "355",
            "544",
            "710"
        ],
        "5": [
            "216",
            "189",
            "190",
            "217",
            "162",
            "244",
            "163",
            "218",
            "136",
            "271",
            "164",
            "245",
            "165",
            "192",
            "137",
            "109",
            "135",
            "246",
            "219",
            "270",
            "166",
            "108",
            "247",
            "110",
            "82",
            "81",
            "54",
            "27",
            "111",
            "28",
            "83",
            "55",
            "84",
            "29",
            "334",
            "602",
            "604",
            "656",
            "681",
            "540",
            "469",
            "683",
            "364",
            "10"
        ],
        "6": [
            "703",
            "675",
            "676",
            "648",
            "704",
            "649",
            "650",
            "651",
            "705",
            "621",
            "678",
            "624",
            "567",
            "594",
            "679",
            "568",
            "570",
            "706",
            "571",
            "513",
            "514",
            "707",
            "543",
            "487",
            "653",
            "569",
            "488",
            "461",
            "542",
            "541",
            "460",
            "459",
            "433",
            "432",
            "595",
            "632",
            "600",
            "662",
            "465",
            "625",
            "628",
            "575",
            "413",
            "572",
            "356",
            "515",
            "200",
            "518",
            "519",
            "380"
        ],
        "7": [
            "534",
            "585",
            "561",
            "639",
            "588",
            "369",
            "507",
            "640",
            "641",
            "535",
            "342",
            "452",
            "370",
            "341",
            "586",
            "453",
            "315",
            "614",
            "587",
            "426",
            "454",
            "398",
            "340",
            "479",
            "339",
            "314",
            "343",
            "397",
            "237",
            "646",
            "672",
            "700",
            "124",
            "455",
            "538",
            "539",
            "295",
            "267",
            "20",
            "374",
            "240",
            "187",
            "290",
            "350",
            "151",
            "727",
            "242",
            "475",
            "502",
            "503",
            "211",
            "536",
            "620"
        ],