{
    "Instance": "Center486_G4",
    "Objective": 175,
    "Infeasibility": 0.0,
    "Starting Time": 1692559461.0437446,
    "Time Taken": 40.952556133270264,
    "Initialization Time": 5.894254684448242,
    "nrInitSolutions": 100,
    "startingLambda": 0.1,
    "nrDistricts": 10,
    "lambdaRange": [
        0.1,
        0.4,
        0.7,
        1
    ],
    "delta": 0.05,
    "llambda": 0.7,
    "rcl_parameter": 0.3,
    "Allocation": {
        "0": [
            "420",
            "447",
            "474",
            "392",
            "365",
            "364",
            "424",
            "397",
            "504",
            "337",
            "363",
            "452",
            "478",
            "310",
            "505",
            "453",
            "426",
            "309",
            "398",
            "532",
            "362",
            "427",
            "283",
            "400",
            "343",
            "345",
            "428",
            "361",
            "371",
            "399",
            "388",
            "401",
            "455",
            "402",
            "374",
            "284",
            "373",
            "372",
            "342",
            "288",
            "375",
            "238",
            "510",
            "360",
            "262",
            "236",
            "237",
            "457",
            "263",
            "588",
            "316",
            "264"
        ],
        "1": [
            "145",
            "119",
            "146",
            "147",
            "148",
            "175",
            "149",
            "202",
            "122",
            "95",
            "68",
            "97",
            "96",
            "67",
            "40",
            "66",
            "13",
            "65",
            "38",
            "37",
            "36",
            "35",
            "7",
            "34",
            "62",
            "89",
            "33",
            "6",
            "88",
            "5",
            "32",
            "87",
            "114",
            "4",
            "59",
            "31",
            "143",
            "112",
            "58",
            "140",
            "168",
            "30",
            "85",
            "141",
            "171",
            "84",
            "169",
            "115",
            "195"
        ],
        "2": [
            "526",
            "579",
            "580",
            "553",
            "578",
            "577",
            "551",
            "604",
            "524",
            "631",
            "632",
            "442",
            "443",
            "441",
            "412",
            "494",
            "437",
            "411",
            "520",
            "465",
            "464",
            "384",
            "519",
            "357",
            "491",
            "546",
            "463",
            "547",
            "548",
            "573",
            "356",
            "489",
            "572",
            "628",
            "571",
            "626",
            "600",
            "517",
            "601",
            "599",
            "602",
            "470",
            "518",
            "490",
            "575",
            "493",
            "433"
        ],
        "3": [
            "702",
            "675",
            "703",
            "676",
            "648",
            "649",
            "677",
            "595",
            "622",
            "623",
            "678",
            "621",
            "568",
            "567",
            "624",
            "594",
            "596",
            "679",
            "705",
            "625",
            "651",
            "569",
            "598",
            "706",
            "652",
            "627",
            "653",
            "570",
            "654",
            "655",
            "544",
            "707",
            "682",
            "708",
            "543",
            "516",
            "515",
            "514",
            "681",
            "709",
            "656",
            "629",
            "683",
            "488",
            "466",
            "492",
            "497",
            "386"
        ],
        "4": [
            "51",
            "24",
            "25",
            "23",
            "22",
            "26",
            "21",
            "49",
            "20",
            "76",
            "48",
            "19",
            "47",
            "77",
            "103",
            "75",
            "18",
            "46",
            "102",
            "104",
            "130",
            "74",
            "105",
            "17",
            "73",
            "106",
            "79",
            "133",
            "101",
            "160",
            "134",
            "159",
            "132",
            "186",
            "187",
            "161",
            "185",
            "188",
            "107",
            "184",
            "215",
            "242",
            "178",
            "72",
            "315",
            "177",
            "155"
        ],
        "5": [
            "81",
            "54",
            "82",
            "109",
            "135",
            "55",
            "83",
            "110",
            "136",
            "111",
            "28",
            "56",
            "162",
            "137",
            "29",
            "57",
            "138",
            "1",
            "164",
            "189",
            "113",
            "190",
            "139",
            "166",
            "167",
            "3",
            "243",
            "270",
            "271",
            "298",
            "325",
            "352",
            "379",
            "406",
            "432",
            "486",
            "407",
            "459",
            "460",
            "487",
            "331",
            "467",
            "439",
            "440",
            "405",
            "358",
            "438",
            "223",
            "304",
            "251",
            "434",
            "461",
            "116"
        ],
        "6": [
            "687",
            "715",
            "714",
            "716",
            "717",
            "689",
            "718",
            "662",
            "635",
            "636",
            "638",
            "637",
            "639",
            "640",
            "666",
            "612",
            "613",
            "641",
            "693",
            "585",
            "586",
            "614",
            "694",
            "720",
            "615",
            "669",
            "558",
            "587",
            "560",
            "561",
            "589",
            "423",
            "533",
            "699",
            "644",
            "725",
            "450",
            "396",
            "531",
            "506",
            "451",
            "565",
            "422"
        ],
        "7": [
            "728",
            "727",
            "701",
            "700",
            "726",
            "674",
            "672",
            "647",
            "724",
            "698",
            "646",
            "671",
            "723",
            "697",
            "619",
            "722",
            "696",
            "592",
            "618",
            "695",
            "670",
            "643",
            "642",
            "721",
            "616",
            "617",
            "590",
            "591",
            "566",
            "593",
            "539",
            "564",
            "511",
            "537",
            "509",
            "482",
            "481",
            "477",
            "507",
            "419",
            "370",
            "668",
            "512",
            "322",
            "403",
            "321",
            "344"
        ],