{
    "Instance": "Center486_G27",
    "Objective": 206,
    "Infeasibility": 0.0,
    "Starting Time": 1711828407.7076771,
    "Time Taken": 38.600616216659546,
    "Initialization Time": 5.686567783355713,
    "nrInitSolutions": 100,
    "startingLambda": 0.1,
    "nrDistricts": 10,
    "lambdaRange": [
        0.1,
        0.4,
        0.7,
        1
    ],
    "delta": 0.05,
    "llambda": 0.7,
    "rcl_parameter": 0.3,
    "Allocation": {
        "0": [
            "317",
            "399",
            "425",
            "452",
            "453",
            "375",
            "480",
            "504",
            "481",
            "456",
            "483",
            "429",
            "508",
            "506",
            "350",
            "507",
            "556",
            "457",
            "484",
            "555",
            "512",
            "530",
            "376",
            "377",
            "482",
            "485",
            "349",
            "529",
            "614",
            "641",
            "643",
            "670",
            "669",
            "697",
            "724",
            "668",
            "695",
            "587",
            "698",
            "696",
            "215",
            "586",
            "295",
            "671",
            "615",
            "285"
        ],
        "1": [
            "4",
            "30",
            "5",
            "3",
            "57",
            "29",
            "6",
            "28",
            "56",
            "7",
            "83",
            "27",
            "58",
            "55",
            "1",
            "8",
            "59",
            "85",
            "82",
            "35",
            "110",
            "0",
            "61",
            "54",
            "137",
            "111",
            "109",
            "136",
            "164",
            "62",
            "138",
            "139",
            "135",
            "88",
            "192",
            "166",
            "218",
            "193",
            "140",
            "87",
            "113",
            "89",
            "162",
            "90",
            "190",
            "189",
            "91",
            "37",
            "381",
            "191"
        ],
        "2": [
            "717",
            "689",
            "690",
            "688",
            "686",
            "687",
            "714",
            "632",
            "657",
            "605",
            "606",
            "683",
            "629",
            "656",
            "710",
            "602",
            "682",
            "628",
            "681",
            "626",
            "653",
            "680",
            "574",
            "598",
            "679",
            "708",
            "707",
            "652",
            "651",
            "706",
            "678",
            "705",
            "624",
            "596",
            "676",
            "650",
            "622",
            "704",
            "594",
            "648",
            "675",
            "703",
            "621",
            "568",
            "567",
            "702",
            "514",
            "515",
            "542"
        ],
        "3": [
            "229",
            "283",
            "256",
            "282",
            "307",
            "309",
            "308",
            "334",
            "280",
            "279",
            "361",
            "251",
            "277",
            "224",
            "332",
            "331",
            "223",
            "303",
            "276",
            "197",
            "221",
            "302",
            "386",
            "195",
            "358",
            "170",
            "275",
            "274",
            "249",
            "168",
            "167",
            "248",
            "220",
            "219",
            "196",
            "273",
            "141",
            "246",
            "143",
            "142",
            "116",
            "144",
            "34",
            "356",
            "300",
            "114",
            "437",
            "64",
            "86"
        ],
        "4": [
            "200",
            "173",
            "174",
            "147",
            "148",
            "120",
            "149",
            "119",
            "176",
            "177",
            "231",
            "204",
            "258",
            "312",
            "339",
            "365",
            "366",
            "393",
            "364",
            "394",
            "421",
            "395",
            "448",
            "475",
            "474",
            "396",
            "423",
            "417",
            "390",
            "391",
            "397",
            "416",
            "369",
            "370",
            "450",
            "443",
            "343",
            "477",
            "371",
            "469",
            "531",
            "558",
            "290",
            "372",
            "345",
            "478",
            "505",
            "532"
        ],
        "5": [
            "486",
            "513",
            "459",
            "432",
            "405",
            "433",
            "488",
            "406",
            "461",
            "516",
            "407",
            "434",
            "489",
            "462",
            "379",
            "543",
            "435",
            "463",
            "436",
            "464",
            "380",
            "353",
            "409",
            "354",
            "382",
            "327",
            "352",
            "355",
            "299",
            "544",
            "383",
            "272",
            "301",
            "271",
            "328",
            "325",
            "270",
            "244",
            "351",
            "324",
            "243",
            "216",
            "625",
            "597",
            "627",
            "601",
            "194",
            "222",
            "217",
            "359"
        ],
        "6": [
            "727",
            "725",
            "700",
            "673",
            "701",
            "674",
            "646",
            "645",
            "642",
            "616",
            "618",
            "591",
            "694",
            "617",
            "721",
            "619",
            "620",
            "613",
            "560",
            "647",
            "593",
            "612",
            "589",
            "559",
            "720",
            "639",
            "562",
            "585",
            "611",
            "590",
            "563",
            "722",
            "561",
            "566",
            "693",
            "537",
            "536",
            "610",
            "665",
            "565",
            "666",
            "538",
            "403",
            "431",
            "427",
            "672",
            "726",
            "235"
        ],
        "7": [
            "53",
            "107",
            "79",
            "133",
            "105",
            "161",
            "132",
            "78",
            "104",
            "160",
            "131",
            "51",
            "77",
            "186",
            "158",
            "214",
            "24",
            "103",
            "242",
            "23",
            "50",
            "213",
            "49",
            "185",
            "22",
            "212",
            "269",
            "238",
            "240",
            "267",
            "294",
            "321",
            "293",
            "292",
            "320",
            "323",
            "428",
            "455",
            "263",
            "289",
            "261",
            "401",
            "430",
            "262",
            "510",
            "458",
            "509",
            "534"
        ],