{
    "Instance": "Center486_G3",
    "Objective": 222,
    "Infeasibility": 0.0,
    "Starting Time": 1692559419.6736703,
    "Time Taken": 43.668949604034424,
    "Initialization Time": 6.064893484115601,
    "nrInitSolutions": 100,
    "startingLambda": 0.1,
    "nrDistricts": 10,
    "lambdaRange": [
        0.1,
        0.4,
        0.7,
        1
    ],
    "delta": 0.05,
    "llambda": 0.7,
    "rcl_parameter": 0.3,
    "Allocation": {
        "0": [
            "596",
            "572",
            "595",
            "567",
            "624",
            "594",
            "650",
            "540",
            "625",
            "514",
            "651",
            "621",
            "626",
            "627",
            "486",
            "652",
            "702",
            "628",
            "675",
            "574",
            "655",
            "681",
            "653",
            "680",
            "707",
            "523",
            "434",
            "708",
            "706",
            "705",
            "550",
            "352",
            "656",
            "549",
            "432",
            "683",
            "710",
            "704",
            "649",
            "469",
            "600",
            "389",
            "363",
            "270",
            "489",
            "390",
            "569",
            "487",
            "516",
            "384",
            "466",
            "224",
            "597",
            "459",
            "353",
            "654"
        ],
        "1": [
            "717",
            "716",
            "715",
            "714",
            "660",
            "661",
            "634",
            "635",
            "607",
            "580",
            "636",
            "663",
            "581",
            "579",
            "664",
            "582",
            "555",
            "528",
            "556",
            "557",
            "558",
            "586",
            "560",
            "612",
            "587",
            "613",
            "639",
            "614",
            "640",
            "588",
            "641",
            "667",
            "615",
            "617",
            "453",
            "477",
            "504",
            "345",
            "371",
            "559",
            "315",
            "373",
            "509",
            "585",
            "400",
            "694",
            "344",
            "669"
        ],
        "2": [
            "26",
            "53",
            "25",
            "52",
            "107",
            "51",
            "79",
            "106",
            "50",
            "78",
            "24",
            "105",
            "77",
            "49",
            "133",
            "76",
            "22",
            "104",
            "48",
            "75",
            "132",
            "103",
            "74",
            "47",
            "46",
            "19",
            "20",
            "45",
            "426",
            "266",
            "96",
            "66",
            "121",
            "39",
            "149",
            "210",
            "532",
            "101",
            "102",
            "94",
            "97",
            "73",
            "254",
            "290",
            "343"
        ],
        "3": [
            "725",
            "726",
            "699",
            "727",
            "673",
            "728",
            "700",
            "701",
            "674",
            "646",
            "619",
            "647",
            "592",
            "618",
            "620",
            "591",
            "565",
            "564",
            "566",
            "563",
            "616",
            "643",
            "670",
            "697",
            "642",
            "696",
            "539",
            "695",
            "644",
            "671",
            "538",
            "693",
            "720",
            "536",
            "723",
            "512",
            "485",
            "458",
            "431",
            "668",
            "318",
            "476",
            "296",
            "593",
            "234",
            "153",
            "295"
        ],
        "4": [
            "0",
            "27",
            "28",
            "54",
            "29",
            "56",
            "82",
            "2",
            "83",
            "3",
            "31",
            "84",
            "4",
            "109",
            "58",
            "110",
            "85",
            "5",
            "137",
            "59",
            "86",
            "112",
            "60",
            "135",
            "61",
            "34",
            "88",
            "164",
            "163",
            "89",
            "139",
            "191",
            "33",
            "190",
            "162",
            "90",
            "140",
            "166",
            "193",
            "218",
            "189",
            "91",
            "35",
            "8",
            "6",
            "351",
            "548",
            "492",
            "365",
            "521",
            "519",
            "143",
            "433"
        ],
        "5": [
            "359",
            "329",
            "197",
            "412",
            "170",
            "169",
            "195",
            "222",
            "385",
            "386",
            "413",
            "142",
            "302",
            "383",
            "439",
            "194",
            "141",
            "301",
            "114",
            "167",
            "542",
            "87",
            "602",
            "682",
            "677",
            "676",
            "703",
            "711",
            "496",
            "545",
            "405",
            "379",
            "518",
            "115",
            "568",
            "623",
            "488",
            "380",
            "461",
            "546",
            "543",
            "300",
            "366"
        ],
        "6": [
            "447",
            "475",
            "474",
            "478",
            "451",
            "479",
            "531",
            "452",
            "505",
            "480",
            "506",
            "425",
            "481",
            "507",
            "454",
            "397",
            "482",
            "508",
            "427",
            "455",
            "535",
            "398",
            "396",
            "399",
            "510",
            "370",
            "483",
            "511",
            "534",
            "372",
            "369",
            "395",
            "484",
            "457",
            "401",
            "430",
            "456",
            "402",
            "429",
            "589",
            "687",
            "262",
            "208",
            "424",
            "590",
            "265",
            "450",
            "235"
        ],
        "7": [
            "161",
            "188",
            "215",
            "242",
            "269",
            "214",
            "322",
            "323",
            "349",
            "294",
            "321",
            "293",
            "376",
            "292",
            "320",
            "291",
            "377",
            "264",
            "239",
            "240",
            "238",
            "288",
            "346",
            "314",
            "374",
            "313",
            "286",
            "259",
            "289",
            "203",
            "236",
            "176",
            "228",
            "175",
            "230",
            "202",
            "23",
            "182",
            "100",
            "342",
            "80",
            "72",
            "129",
            "42",
            "316"
        ],