{
    "Instance": "Center486_G24",
    "Objective": 240,
    "Infeasibility": 0.0,
    "Starting Time": 1711828083.8162384,
    "Time Taken": 69.63596701622009,
    "Initialization Time": 5.601722240447998,
    "nrInitSolutions": 100,
    "startingLambda": 0.1,
    "nrDistricts": 10,
    "lambdaRange": [
        0.1,
        0.4,
        0.7,
        1
    ],
    "delta": 0.05,
    "llambda": 0.7,
    "rcl_parameter": 0.3,
    "Allocation": {
        "0": [
            "294",
            "266",
            "346",
            "348",
            "322",
            "374",
            "267",
            "295",
            "318",
            "375",
            "373",
            "323",
            "349",
            "345",
            "240",
            "372",
            "350",
            "377",
            "428",
            "400",
            "455",
            "456",
            "429",
            "213",
            "402",
            "241",
            "431",
            "457",
            "242",
            "269",
            "483",
            "215",
            "482",
            "481",
            "188",
            "430",
            "214",
            "74",
            "153",
            "103",
            "104",
            "100",
            "451",
            "501",
            "208",
            "538",
            "234",
            "317"
        ],
        "1": [
            "717",
            "716",
            "715",
            "688",
            "608",
            "635",
            "575",
            "601",
            "628",
            "656",
            "655",
            "682",
            "626",
            "521",
            "519",
            "681",
            "653",
            "683",
            "544",
            "679",
            "710",
            "678",
            "705",
            "598",
            "651",
            "596",
            "569",
            "677",
            "623",
            "624",
            "652",
            "676",
            "570",
            "703",
            "702",
            "487",
            "406",
            "649",
            "650",
            "648",
            "621",
            "607",
            "513",
            "459",
            "571",
            "489",
            "573",
            "272",
            "627",
            "460"
        ],
        "2": [
            "0",
            "1",
            "27",
            "28",
            "29",
            "30",
            "3",
            "31",
            "4",
            "57",
            "58",
            "32",
            "84",
            "33",
            "111",
            "5",
            "83",
            "6",
            "34",
            "82",
            "60",
            "7",
            "109",
            "165",
            "108",
            "8",
            "136",
            "163",
            "87",
            "114",
            "115",
            "86",
            "189",
            "116",
            "142",
            "137",
            "169",
            "170",
            "197",
            "244",
            "113",
            "217",
            "198",
            "243",
            "62",
            "89",
            "110",
            "599",
            "326",
            "572",
            "540",
            "143"
        ],
        "3": [
            "247",
            "220",
            "356",
            "273",
            "300",
            "195",
            "358",
            "168",
            "193",
            "355",
            "246",
            "383",
            "196",
            "219",
            "192",
            "382",
            "194",
            "412",
            "410",
            "494",
            "520",
            "492",
            "548",
            "354",
            "381",
            "379",
            "704",
            "631",
            "604",
            "602",
            "603",
            "629",
            "632",
            "606",
            "660",
            "661",
            "166",
            "464",
            "167",
            "411",
            "190",
            "380",
            "597",
            "139",
            "684",
            "622",
            "545",
            "405"
        ],
        "4": [
            "486",
            "432",
            "488",
            "514",
            "433",
            "461",
            "541",
            "515",
            "567",
            "568",
            "462",
            "434",
            "542",
            "516",
            "490",
            "594",
            "352",
            "353",
            "351",
            "491",
            "437",
            "517",
            "385",
            "439",
            "299",
            "466",
            "325",
            "493",
            "384",
            "409",
            "297",
            "518",
            "408",
            "438",
            "413",
            "386",
            "298",
            "407",
            "675",
            "463",
            "633",
            "191",
            "680",
            "600",
            "138",
            "162",
            "164",
            "303",
            "276",
            "88"
        ],
        "5": [
            "525",
            "498",
            "472",
            "471",
            "474",
            "528",
            "475",
            "529",
            "530",
            "531",
            "558",
            "504",
            "585",
            "560",
            "505",
            "586",
            "612",
            "506",
            "478",
            "613",
            "639",
            "479",
            "640",
            "614",
            "452",
            "453",
            "641",
            "668",
            "667",
            "642",
            "638",
            "507",
            "534",
            "694",
            "615",
            "403",
            "618",
            "427",
            "376",
            "347",
            "319",
            "619",
            "263",
            "674",
            "296",
            "232",
            "292"
        ],
        "6": [
            "728",
            "727",
            "700",
            "699",
            "673",
            "646",
            "645",
            "698",
            "647",
            "697",
            "671",
            "725",
            "670",
            "724",
            "644",
            "669",
            "696",
            "643",
            "723",
            "617",
            "591",
            "620",
            "590",
            "722",
            "616",
            "721",
            "563",
            "593",
            "562",
            "589",
            "695",
            "592",
            "588",
            "720",
            "565",
            "693",
            "536",
            "539",
            "511",
            "484",
            "485",
            "320",
            "473",
            "365",
            "672",
            "666",
            "239"
        ],
        "7": [
            "416",
            "418",
            "417",
            "391",
            "364",
            "338",
            "339",
            "340",
            "341",
            "342",
            "315",
            "369",
            "316",
            "343",
            "370",
            "289",
            "371",
            "396",
            "344",
            "290",
            "398",
            "423",
            "397",
            "425",
            "399",
            "450",
            "426",
            "264",
            "422",
            "421",
            "394",
            "393",
            "98",
            "183",
            "404",
            "210",
            "510",
            "293",
            "321",
            "559",
            "45",
            "262",
            "261",
            "235",
            "72",
            "205"
        ],