{
    "Instance": "Center486_G9",
    "Objective": 251,
    "Infeasibility": 0.0,
    "Starting Time": 1692559115.616221,
    "Time Taken": 45.46693468093872,
    "Initialization Time": 6.026720762252808,
    "nrInitSolutions": 100,
    "startingLambda": 0.1,
    "nrDistricts": 10,
    "lambdaRange": [
        0.1,
        0.4,
        0.7,
        1
    ],
    "delta": 0.05,
    "llambda": 0.7,
    "rcl_parameter": 0.3,
    "Allocation": {
        "0": [
            "353",
            "405",
            "379",
            "325",
            "432",
            "406",
            "354",
            "326",
            "327",
            "355",
            "298",
            "300",
            "382",
            "273",
            "356",
            "460",
            "272",
            "246",
            "357",
            "514",
            "330",
            "301",
            "488",
            "244",
            "408",
            "461",
            "409",
            "515",
            "516",
            "543",
            "216",
            "486",
            "163",
            "462",
            "162",
            "463",
            "513",
            "436",
            "243",
            "680",
            "599",
            "653",
            "707",
            "652",
            "655",
            "88"
        ],
        "1": [
            "17",
            "18",
            "45",
            "19",
            "46",
            "72",
            "73",
            "71",
            "99",
            "47",
            "100",
            "98",
            "20",
            "74",
            "48",
            "126",
            "101",
            "75",
            "153",
            "49",
            "154",
            "22",
            "128",
            "76",
            "180",
            "129",
            "103",
            "155",
            "77",
            "23",
            "24",
            "50",
            "78",
            "51",
            "104",
            "131",
            "181",
            "79",
            "106",
            "25",
            "130",
            "80",
            "107",
            "53",
            "182",
            "183",
            "184",
            "377",
            "186"
        ],
        "2": [
            "65",
            "64",
            "91",
            "118",
            "146",
            "147",
            "119",
            "148",
            "121",
            "149",
            "150",
            "95",
            "122",
            "177",
            "96",
            "204",
            "69",
            "231",
            "42",
            "258",
            "259",
            "260",
            "261",
            "262",
            "235",
            "341",
            "340",
            "315",
            "396",
            "319",
            "292",
            "342",
            "264",
            "367",
            "394",
            "321",
            "322",
            "313",
            "420",
            "453",
            "374",
            "447",
            "419",
            "295",
            "288",
            "393",
            "562",
            "454"
        ],
        "3": [
            "689",
            "663",
            "662",
            "664",
            "665",
            "691",
            "718",
            "694",
            "721",
            "722",
            "696",
            "669",
            "697",
            "641",
            "670",
            "723",
            "698",
            "640",
            "671",
            "644",
            "639",
            "725",
            "699",
            "615",
            "643",
            "616",
            "617",
            "618",
            "700",
            "645",
            "673",
            "674",
            "564",
            "646",
            "672",
            "727",
            "728",
            "726",
            "485",
            "511",
            "565",
            "620",
            "458",
            "566",
            "428",
            "293"
        ],
        "4": [
            "390",
            "363",
            "311",
            "364",
            "284",
            "369",
            "316",
            "290",
            "397",
            "371",
            "424",
            "344",
            "423",
            "425",
            "399",
            "345",
            "335",
            "308",
            "362",
            "400",
            "373",
            "478",
            "505",
            "479",
            "427",
            "426",
            "451",
            "263",
            "281",
            "254",
            "255",
            "226",
            "228",
            "253",
            "225",
            "224",
            "251",
            "223",
            "197",
            "250",
            "277",
            "305",
            "276",
            "170",
            "304",
            "278",
            "196",
            "222",
            "195",
            "221"
        ],
        "5": [
            "498",
            "526",
            "525",
            "527",
            "555",
            "528",
            "529",
            "582",
            "502",
            "581",
            "531",
            "503",
            "504",
            "506",
            "558",
            "534",
            "559",
            "507",
            "586",
            "561",
            "587",
            "508",
            "480",
            "613",
            "589",
            "612",
            "349",
            "563",
            "402",
            "668",
            "692",
            "701",
            "536",
            "348",
            "483",
            "693",
            "456",
            "320",
            "695",
            "642",
            "720",
            "591",
            "291",
            "372",
            "317",
            "418",
            "417"
        ],
        "6": [
            "713",
            "712",
            "682",
            "681",
            "654",
            "656",
            "628",
            "629",
            "706",
            "679",
            "630",
            "678",
            "600",
            "574",
            "625",
            "598",
            "597",
            "677",
            "573",
            "572",
            "705",
            "570",
            "569",
            "545",
            "568",
            "542",
            "676",
            "544",
            "571",
            "541",
            "546",
            "650",
            "520",
            "649",
            "675",
            "648",
            "521",
            "621",
            "567",
            "702",
            "494",
            "622",
            "704",
            "623",
            "434",
            "381",
            "487",
            "358",
            "352",
            "324",
            "329",
            "601",
            "279"
        ],
        "7": [
            "0",
            "1",
            "28",
            "55",
            "29",
            "54",
            "56",
            "83",
            "30",
            "57",
            "110",
            "84",
            "32",
            "58",
            "3",
            "85",
            "4",
            "111",
            "109",
            "5",
            "112",
            "86",
            "60",
            "108",
            "6",
            "167",
            "168",
            "61",
            "34",
            "87",
            "141",
            "35",
            "142",
            "115",
            "89",
            "62",
            "116",
            "165",
            "164",
            "8",
            "9",
            "191",
            "192",
            "218",
            "245",
            "114",
            "31",
            "433"
        ],