{
    "Instance": "Corners486_G13",
    "Objective": 171,
    "Infeasibility": 0.0,
    "Starting Time": 1711828515.1571858,
    "Time Taken": 35.02002167701721,
    "Initialization Time": 5.571062803268433,
    "nrInitSolutions": 100,
    "startingLambda": 0.1,
    "nrDistricts": 10,
    "lambdaRange": [
        0.1,
        0.4,
        0.7,
        1
    ],
    "delta": 0.05,
    "llambda": 0.7,
    "rcl_parameter": 0.3,
    "Allocation": {
        "0": [
            "523",
            "524",
            "525",
            "551",
            "578",
            "497",
            "470",
            "553",
            "469",
            "500",
            "471",
            "442",
            "501",
            "581",
            "441",
            "474",
            "415",
            "609",
            "583",
            "446",
            "503",
            "608",
            "449",
            "448",
            "450",
            "445",
            "419",
            "422",
            "313",
            "395",
            "367",
            "312",
            "365",
            "340",
            "343",
            "366",
            "396",
            "369",
            "368",
            "339",
            "342",
            "482",
            "455",
            "398",
            "425",
            "616",
            "617",
            "508",
            "613",
            "526",
            "427"
        ],
        "1": [
            "3",
            "2",
            "1",
            "0",
            "27",
            "28",
            "55",
            "83",
            "56",
            "57",
            "110",
            "58",
            "84",
            "109",
            "59",
            "31",
            "137",
            "32",
            "138",
            "165",
            "164",
            "86",
            "87",
            "113",
            "5",
            "140",
            "167",
            "192",
            "191",
            "6",
            "163",
            "114",
            "7",
            "162",
            "115",
            "34",
            "142",
            "61",
            "35",
            "143",
            "36",
            "171",
            "217",
            "198",
            "225",
            "200",
            "199",
            "252",
            "226",
            "170",
            "245",
            "190"
        ],
        "2": [
            "459",
            "513",
            "486",
            "540",
            "514",
            "567",
            "568",
            "569",
            "542",
            "596",
            "623",
            "650",
            "624",
            "651",
            "622",
            "677",
            "625",
            "678",
            "621",
            "598",
            "704",
            "648",
            "703",
            "702",
            "438",
            "437",
            "465",
            "660",
            "633",
            "659",
            "681",
            "632",
            "466",
            "654",
            "412",
            "439",
            "493",
            "653",
            "628",
            "661",
            "680",
            "467",
            "545",
            "599",
            "603",
            "492"
        ],
        "3": [
            "22",
            "21",
            "20",
            "19",
            "47",
            "74",
            "101",
            "17",
            "73",
            "72",
            "16",
            "44",
            "102",
            "100",
            "43",
            "99",
            "103",
            "129",
            "42",
            "127",
            "98",
            "156",
            "70",
            "104",
            "157",
            "158",
            "185",
            "183",
            "106",
            "160",
            "68",
            "132",
            "122",
            "14",
            "133",
            "13",
            "51",
            "50",
            "79",
            "25",
            "11",
            "52",
            "134",
            "53",
            "10",
            "39",
            "188",
            "105",
            "65",
            "208"
        ],
        "4": [
            "256",
            "283",
            "284",
            "201",
            "174",
            "175",
            "147",
            "224",
            "148",
            "176",
            "120",
            "119",
            "177",
            "203",
            "93",
            "117",
            "92",
            "204",
            "94",
            "90",
            "89",
            "64",
            "67",
            "66",
            "118",
            "125",
            "232",
            "231",
            "152",
            "69",
            "206",
            "12",
            "179",
            "180",
            "258",
            "261",
            "41",
            "97",
            "178",
            "151",
            "124",
            "123",
            "205",
            "181",
            "262",
            "18",
            "197"
        ],
        "5": [
            "683",
            "684",
            "712",
            "711",
            "714",
            "715",
            "713",
            "716",
            "717",
            "719",
            "718",
            "692",
            "665",
            "666",
            "664",
            "638",
            "667",
            "637",
            "639",
            "611",
            "694",
            "636",
            "612",
            "695",
            "635",
            "585",
            "614",
            "586",
            "641",
            "560",
            "502",
            "582",
            "558",
            "669",
            "504",
            "528",
            "476",
            "607",
            "559",
            "530",
            "554",
            "529",
            "527",
            "618",
            "696",
            "562"
        ],
        "6": [
            "323",
            "296",
            "350",
            "269",
            "375",
            "321",
            "268",
            "374",
            "347",
            "402",
            "241",
            "240",
            "346",
            "403",
            "214",
            "429",
            "239",
            "456",
            "213",
            "319",
            "430",
            "345",
            "238",
            "318",
            "317",
            "266",
            "483",
            "372",
            "371",
            "431",
            "291",
            "215",
            "292",
            "237",
            "264",
            "263",
            "260",
            "458",
            "235",
            "259",
            "209",
            "289",
            "131",
            "107",
            "159",
            "161",
            "399",
            "454"
        ],