{
    "Instance": "Corners486_G5",
    "Objective": 252,
    "Infeasibility": 0.0,
    "Starting Time": 1692559418.9509568,
    "Time Taken": 49.859203815460205,
    "Initialization Time": 6.1175994873046875,
    "nrInitSolutions": 100,
    "startingLambda": 0.1,
    "nrDistricts": 10,
    "lambdaRange": [
        0.1,
        0.4,
        0.7,
        1
    ],
    "delta": 0.05,
    "llambda": 0.7,
    "rcl_parameter": 0.3,
    "Allocation": {
        "0": [
            "642",
            "669",
            "668",
            "697",
            "698",
            "725",
            "726",
            "590",
            "620",
            "565",
            "647",
            "618",
            "537",
            "674",
            "593",
            "538",
            "511",
            "512",
            "673",
            "701",
            "672",
            "617",
            "619",
            "404",
            "323",
            "375",
            "322",
            "536",
            "509",
            "267",
            "376",
            "268",
            "457",
            "373",
            "700",
            "562",
            "293",
            "350",
            "349",
            "295",
            "377",
            "458",
            "508",
            "292",
            "485",
            "719"
        ],
        "1": [
            "5",
            "4",
            "30",
            "56",
            "28",
            "27",
            "110",
            "82",
            "0",
            "59",
            "166",
            "81",
            "108",
            "60",
            "191",
            "190",
            "33",
            "163",
            "136",
            "222",
            "162",
            "164",
            "34",
            "35",
            "7",
            "144",
            "172",
            "62",
            "199",
            "117",
            "224",
            "197",
            "89",
            "173",
            "142",
            "118",
            "93",
            "120",
            "91",
            "121",
            "251",
            "97",
            "96",
            "41",
            "436",
            "440",
            "491",
            "328",
            "300"
        ],
        "2": [
            "20",
            "21",
            "48",
            "49",
            "76",
            "50",
            "77",
            "51",
            "23",
            "104",
            "78",
            "52",
            "24",
            "79",
            "105",
            "53",
            "106",
            "132",
            "26",
            "159",
            "186",
            "187",
            "185",
            "188",
            "184",
            "215",
            "211",
            "161",
            "294",
            "265",
            "291",
            "347",
            "263",
            "289",
            "290",
            "236",
            "316",
            "314",
            "313",
            "287",
            "286",
            "339",
            "423",
            "449",
            "257",
            "312"
        ],
        "3": [
            "634",
            "633",
            "606",
            "605",
            "551",
            "525",
            "523",
            "552",
            "498",
            "471",
            "522",
            "499",
            "469",
            "495",
            "500",
            "442",
            "468",
            "467",
            "441",
            "494",
            "416",
            "501",
            "414",
            "415",
            "391",
            "387",
            "413",
            "388",
            "386",
            "385",
            "334",
            "359",
            "503",
            "362",
            "390",
            "363",
            "309",
            "305",
            "308",
            "281",
            "256",
            "337",
            "310",
            "225",
            "170",
            "437",
            "409",
            "140",
            "85",
            "192",
            "181",
            "361",
            "410"
        ],
        "4": [
            "599",
            "598",
            "597",
            "570",
            "542",
            "567",
            "540",
            "513",
            "712",
            "546",
            "569",
            "702",
            "568",
            "629",
            "654",
            "652",
            "627",
            "576",
            "681",
            "650",
            "710",
            "648",
            "639",
            "707",
            "608",
            "611",
            "653",
            "655",
            "677",
            "709",
            "675",
            "703",
            "621",
            "622",
            "708",
            "704",
            "595",
            "548",
            "649",
            "716",
            "601",
            "547",
            "686",
            "574",
            "711",
            "602",
            "656"
        ],
        "5": [
            "130",
            "129",
            "101",
            "126",
            "100",
            "125",
            "154",
            "153",
            "74",
            "73",
            "46",
            "72",
            "182",
            "207",
            "179",
            "71",
            "234",
            "70",
            "44",
            "261",
            "43",
            "16",
            "69",
            "15",
            "14",
            "12",
            "122",
            "39",
            "67",
            "11",
            "95",
            "38",
            "37",
            "66",
            "40",
            "150",
            "94",
            "147",
            "149",
            "227",
            "304",
            "223",
            "417",
            "87",
            "86",
            "356",
            "167",
            "165",
            "1",
            "29",
            "461",
            "463",
            "205",
            "203"
        ],
        "6": [
            "434",
            "462",
            "489",
            "490",
            "516",
            "382",
            "492",
            "438",
            "411",
            "383",
            "465",
            "381",
            "329",
            "357",
            "302",
            "275",
            "303",
            "273",
            "272",
            "245",
            "218",
            "217",
            "274",
            "331",
            "244",
            "248",
            "216",
            "247",
            "278",
            "271",
            "298",
            "249",
            "326",
            "432",
            "378",
            "220",
            "253",
            "280",
            "379",
            "351",
            "307",
            "352",
            "277",
            "406",
            "325",
            "279",
            "405",
            "114",
            "31"
        ],
        "7": [
            "446",
            "444",
            "473",
            "366",
            "177",
            "255",
            "229",
            "502",
            "230",
            "472",
            "526",
            "175",
            "228",
            "282",
            "418",
            "178",
            "496",
            "180",
            "171",
            "143",
            "367",
            "497",
            "194",
            "195",
            "115",
            "92",
            "200",
            "145",
            "128",
            "578",
            "139",
            "111",
            "112",
            "83",
            "84",
            "327",
            "8",
            "176",
            "127",
            "57",
            "517",
            "102",
            "2"
        ],