{
    "Instance": "Corners486_G8",
    "Objective": 219,
    "Infeasibility": 0.010074249071886646,
    "Starting Time": 1692559465.8013058,
    "Time Taken": 61.495281457901,
    "Initialization Time": 6.000587701797485,
    "nrInitSolutions": 100,
    "startingLambda": 0.1,
    "nrDistricts": 10,
    "lambdaRange": [
        0.1,
        0.4,
        0.7,
        1
    ],
    "delta": 0.05,
    "llambda": 0.7,
    "rcl_parameter": 0.3,
    "Allocation": {
        "0": [
            "76",
            "77",
            "49",
            "78",
            "21",
            "79",
            "22",
            "51",
            "80",
            "20",
            "47",
            "106",
            "107",
            "24",
            "53",
            "19",
            "25",
            "17",
            "39",
            "121",
            "93",
            "120",
            "91",
            "152",
            "204",
            "179",
            "178",
            "176",
            "123",
            "151",
            "202",
            "203",
            "174",
            "150",
            "149",
            "173",
            "205",
            "231",
            "180",
            "255",
            "253",
            "62",
            "235",
            "175",
            "97",
            "37",
            "66",
            "16",
            "281"
        ],
        "1": [
            "728",
            "674",
            "701",
            "700",
            "673",
            "672",
            "646",
            "671",
            "644",
            "643",
            "616",
            "642",
            "669",
            "641",
            "668",
            "696",
            "614",
            "695",
            "587",
            "667",
            "697",
            "586",
            "724",
            "694",
            "693",
            "559",
            "722",
            "612",
            "725",
            "588",
            "639",
            "532",
            "720",
            "666",
            "531",
            "508",
            "563",
            "477",
            "509",
            "453",
            "510",
            "455",
            "397",
            "688",
            "395",
            "341",
            "506"
        ],
        "2": [
            "598",
            "597",
            "596",
            "623",
            "677",
            "650",
            "676",
            "678",
            "704",
            "705",
            "679",
            "675",
            "703",
            "680",
            "706",
            "648",
            "702",
            "652",
            "681",
            "707",
            "653",
            "621",
            "626",
            "708",
            "594",
            "654",
            "627",
            "628",
            "629",
            "655",
            "656",
            "683",
            "684",
            "630",
            "710",
            "709",
            "631",
            "658",
            "659",
            "686",
            "657",
            "543",
            "712",
            "517",
            "713",
            "516",
            "463",
            "514"
        ],
        "3": [
            "136",
            "137",
            "163",
            "164",
            "111",
            "138",
            "189",
            "219",
            "139",
            "246",
            "218",
            "216",
            "247",
            "273",
            "274",
            "300",
            "327",
            "326",
            "353",
            "325",
            "324",
            "380",
            "299",
            "298",
            "379",
            "406",
            "408",
            "378",
            "409",
            "487",
            "515",
            "384",
            "433",
            "460",
            "513",
            "405",
            "435",
            "356",
            "568",
            "540",
            "541",
            "486",
            "434",
            "573",
            "190",
            "301",
            "545",
            "228",
            "462",
            "361"
        ],
        "4": [
            "296",
            "295",
            "322",
            "294",
            "293",
            "292",
            "266",
            "291",
            "264",
            "239",
            "238",
            "237",
            "263",
            "241",
            "240",
            "214",
            "186",
            "242",
            "187",
            "188",
            "161",
            "185",
            "159",
            "158",
            "132",
            "157",
            "130",
            "156",
            "129",
            "155",
            "102",
            "128",
            "101",
            "126",
            "127",
            "98",
            "71",
            "70",
            "99",
            "14",
            "15",
            "67",
            "122",
            "95",
            "41"
        ],
        "5": [
            "108",
            "81",
            "82",
            "83",
            "27",
            "28",
            "55",
            "29",
            "1",
            "2",
            "30",
            "0",
            "3",
            "31",
            "58",
            "85",
            "86",
            "60",
            "59",
            "87",
            "113",
            "33",
            "114",
            "34",
            "141",
            "142",
            "35",
            "63",
            "64",
            "7",
            "143",
            "144",
            "116",
            "170",
            "117",
            "92",
            "197",
            "9",
            "12",
            "69",
            "10",
            "61",
            "42",
            "68",
            "232",
            "201",
            "230",
            "94",
            "18"
        ],
        "6": [
            "348",
            "375",
            "376",
            "403",
            "430",
            "377",
            "404",
            "431",
            "457",
            "458",
            "428",
            "483",
            "536",
            "480",
            "507",
            "452",
            "533",
            "534",
            "478",
            "564",
            "505",
            "504",
            "537",
            "479",
            "511",
            "512",
            "424",
            "591",
            "399",
            "398",
            "592",
            "423",
            "593",
            "566",
            "372",
            "369",
            "373",
            "346",
            "620",
            "342",
            "553",
            "343",
            "289",
            "617",
            "420",
            "429",
            "286",
            "338",
            "285",
            "526",
            "613",
            "451",
            "337"
        ],