{
    "Instance": "Corners486_G11",
    "Objective": 224,
    "Infeasibility": 0.1300864211453135,
    "Starting Time": 1711828494.9218187,
    "Time Taken": 42.195364236831665,
    "Initialization Time": 5.622846603393555,
    "nrInitSolutions": 100,
    "startingLambda": 0.1,
    "nrDistricts": 10,
    "lambdaRange": [
        0.1,
        0.4,
        0.7,
        1
    ],
    "delta": 0.05,
    "llambda": 0.7,
    "rcl_parameter": 0.3,
    "Allocation": {
        "0": [
            "702",
            "675",
            "649",
            "676",
            "678",
            "650",
            "677",
            "679",
            "652",
            "623",
            "596",
            "706",
            "569",
            "568",
            "570",
            "542",
            "567",
            "515",
            "543",
            "707",
            "540",
            "708",
            "513",
            "681",
            "516",
            "489",
            "490",
            "463",
            "517",
            "436",
            "464",
            "437",
            "410",
            "411",
            "412",
            "384",
            "413",
            "357",
            "439",
            "414",
            "415",
            "416",
            "389",
            "442"
        ],
        "1": [
            "107",
            "160",
            "134",
            "161",
            "242",
            "188",
            "215",
            "296",
            "269",
            "241",
            "268",
            "295",
            "240",
            "294",
            "213",
            "186",
            "184",
            "185",
            "158",
            "211",
            "157",
            "131",
            "156",
            "130",
            "104",
            "103",
            "77",
            "78",
            "132",
            "49",
            "51",
            "52",
            "24",
            "53",
            "25",
            "23",
            "26",
            "46",
            "45",
            "47",
            "48",
            "74",
            "18",
            "19",
            "21",
            "72",
            "43",
            "17",
            "128"
        ],
        "2": [
            "459",
            "460",
            "461",
            "434",
            "407",
            "408",
            "406",
            "381",
            "354",
            "379",
            "327",
            "355",
            "378",
            "300",
            "351",
            "299",
            "301",
            "324",
            "298",
            "274",
            "302",
            "297",
            "305",
            "244",
            "250",
            "251",
            "276",
            "243",
            "275",
            "248",
            "325",
            "331",
            "245",
            "252",
            "278",
            "279",
            "246",
            "196",
            "197",
            "334",
            "280",
            "360",
            "361",
            "218",
            "271",
            "97",
            "96"
        ],
        "3": [
            "728",
            "727",
            "700",
            "725",
            "699",
            "673",
            "672",
            "698",
            "724",
            "671",
            "723",
            "674",
            "644",
            "647",
            "696",
            "722",
            "642",
            "641",
            "615",
            "588",
            "561",
            "663",
            "535",
            "637",
            "507",
            "480",
            "690",
            "662",
            "717",
            "506",
            "636",
            "481",
            "479",
            "587",
            "558",
            "559",
            "719",
            "557",
            "427",
            "426",
            "590",
            "563",
            "454",
            "482",
            "538",
            "511",
            "580",
            "632",
            "612",
            "669"
        ],
        "4": [
            "236",
            "235",
            "209",
            "234",
            "207",
            "182",
            "180",
            "181",
            "206",
            "288",
            "153",
            "205",
            "315",
            "179",
            "259",
            "232",
            "152",
            "178",
            "204",
            "286",
            "313",
            "311",
            "310",
            "231",
            "339",
            "366",
            "257",
            "314",
            "367",
            "341",
            "283",
            "394",
            "421",
            "420",
            "447",
            "256",
            "477",
            "229",
            "173",
            "120",
            "174",
            "149",
            "117",
            "90",
            "44",
            "100",
            "230",
            "417"
        ],
        "5": [
            "27",
            "82",
            "54",
            "55",
            "56",
            "2",
            "29",
            "3",
            "1",
            "4",
            "5",
            "58",
            "33",
            "6",
            "85",
            "7",
            "34",
            "84",
            "86",
            "111",
            "112",
            "9",
            "138",
            "10",
            "87",
            "37",
            "137",
            "136",
            "11",
            "110",
            "139",
            "135",
            "164",
            "191",
            "64",
            "36",
            "63",
            "140",
            "192",
            "167",
            "165",
            "141",
            "62",
            "89",
            "194",
            "108",
            "272",
            "353",
            "359"
        ],
        "6": [
            "598",
            "599",
            "572",
            "626",
            "573",
            "600",
            "627",
            "601",
            "574",
            "546",
            "628",
            "519",
            "547",
            "629",
            "655",
            "521",
            "656",
            "657",
            "550",
            "684",
            "551",
            "685",
            "711",
            "712",
            "713",
            "686",
            "578",
            "714",
            "579",
            "605",
            "604",
            "710",
            "607",
            "634",
            "661",
            "603",
            "523",
            "633",
            "659",
            "668",
            "610",
            "718",
            "694",
            "639",
            "666",
            "665",
            "501",
            "664",
            "586",
            "585"
        ],
        "7": [
            "317",
            "290",
            "291",
            "292",
            "319",
            "265",
            "266",
            "320",
            "346",
            "347",
            "373",
            "348",
            "400",
            "372",
            "349",
            "399",
            "453",
            "343",
            "369",
            "455",
            "509",
            "483",
            "423",
            "456",
            "536",
            "424",
            "451",
            "537",
            "564",
            "450",
            "539",
            "457",
            "565",
            "429",
            "402",
            "403",
            "458",
            "566",
            "593",
            "510",
            "404",
            "591",
            "431",
            "377",
            "476",
            "616",
            "534",
            "643",
            "670",
            "397",
            "667",
            "726"
        ],