{
    "Instance": "Corners486_G3",
    "Objective": 167,
    "Infeasibility": 0.0,
    "Starting Time": 1692559115.6194947,
    "Time Taken": 40.47886681556702,
    "Initialization Time": 5.981309413909912,
    "nrInitSolutions": 100,
    "startingLambda": 0.1,
    "nrDistricts": 10,
    "lambdaRange": [
        0.1,
        0.4,
        0.7,
        1
    ],
    "delta": 0.05,
    "llambda": 0.7,
    "rcl_parameter": 0.3,
    "Allocation": {
        "0": [
            "534",
            "532",
            "533",
            "507",
            "559",
            "586",
            "531",
            "585",
            "558",
            "504",
            "503",
            "613",
            "557",
            "614",
            "476",
            "640",
            "615",
            "502",
            "641",
            "642",
            "422",
            "667",
            "583",
            "668",
            "555",
            "448",
            "666",
            "694",
            "588",
            "670",
            "697",
            "395",
            "446",
            "671",
            "698",
            "665",
            "699",
            "725",
            "723",
            "727",
            "393",
            "472",
            "527",
            "728",
            "421",
            "450",
            "635",
            "643",
            "449",
            "609"
        ],
        "1": [
            "107",
            "53",
            "80",
            "26",
            "52",
            "25",
            "51",
            "24",
            "22",
            "23",
            "49",
            "21",
            "76",
            "20",
            "103",
            "75",
            "77",
            "19",
            "74",
            "101",
            "46",
            "128",
            "100",
            "155",
            "45",
            "129",
            "44",
            "72",
            "99",
            "127",
            "43",
            "17",
            "154",
            "42",
            "181",
            "15",
            "180",
            "206",
            "149",
            "40",
            "121",
            "41",
            "179",
            "126",
            "66",
            "151",
            "13",
            "123"
        ],
        "2": [
            "6",
            "5",
            "32",
            "4",
            "31",
            "3",
            "58",
            "85",
            "2",
            "57",
            "84",
            "86",
            "29",
            "112",
            "56",
            "1",
            "83",
            "28",
            "111",
            "110",
            "55",
            "138",
            "109",
            "27",
            "137",
            "166",
            "163",
            "162",
            "190",
            "167",
            "168",
            "191",
            "136",
            "135",
            "54",
            "189",
            "81",
            "216",
            "195",
            "218",
            "245",
            "244",
            "271",
            "270",
            "352",
            "304",
            "225"
        ],
        "3": [
            "703",
            "702",
            "675",
            "648",
            "649",
            "650",
            "622",
            "595",
            "623",
            "568",
            "596",
            "541",
            "597",
            "540",
            "567",
            "598",
            "513",
            "570",
            "599",
            "572",
            "543",
            "516",
            "573",
            "545",
            "626",
            "518",
            "574",
            "547",
            "601",
            "520",
            "491",
            "627",
            "548",
            "490",
            "521",
            "460",
            "410",
            "439",
            "440",
            "434",
            "409",
            "437",
            "707",
            "406",
            "466",
            "678",
            "435"
        ],
        "4": [
            "37",
            "36",
            "63",
            "62",
            "90",
            "91",
            "61",
            "88",
            "60",
            "92",
            "118",
            "115",
            "120",
            "146",
            "114",
            "116",
            "147",
            "94",
            "142",
            "67",
            "143",
            "122",
            "174",
            "144",
            "148",
            "12",
            "96",
            "97",
            "69",
            "11",
            "285",
            "177",
            "364",
            "281",
            "288",
            "260",
            "258",
            "337",
            "207",
            "152",
            "203",
            "253",
            "98",
            "280",
            "119",
            "228",
            "125",
            "252",
            "255",
            "124"
        ],
        "5": [
            "296",
            "268",
            "269",
            "241",
            "213",
            "214",
            "187",
            "212",
            "160",
            "186",
            "161",
            "239",
            "159",
            "266",
            "158",
            "132",
            "293",
            "238",
            "157",
            "105",
            "131",
            "237",
            "294",
            "184",
            "292",
            "210",
            "319",
            "209",
            "318",
            "317",
            "183",
            "321",
            "348",
            "290",
            "315",
            "289",
            "263",
            "262",
            "341",
            "367",
            "313",
            "259",
            "261",
            "424",
            "426",
            "322",
            "401",
            "349",
            "377"
        ],
        "6": [
            "488",
            "487",
            "459",
            "433",
            "432",
            "405",
            "407",
            "408",
            "380",
            "436",
            "381",
            "463",
            "354",
            "327",
            "411",
            "438",
            "326",
            "328",
            "465",
            "299",
            "412",
            "300",
            "413",
            "273",
            "468",
            "385",
            "442",
            "274",
            "247",
            "443",
            "272",
            "275",
            "248",
            "276",
            "301",
            "358",
            "305",
            "220",
            "324",
            "330",
            "303",
            "325",
            "445",
            "419",
            "165",
            "164",
            "224",
            "391"
        ],
        "7": [
            "715",
            "712",
            "714",
            "713",
            "684",
            "710",
            "711",
            "657",
            "656",
            "659",
            "655",
            "660",
            "682",
            "633",
            "606",
            "661",
            "634",
            "681",
            "607",
            "662",
            "579",
            "608",
            "580",
            "636",
            "552",
            "578",
            "708",
            "680",
            "551",
            "689",
            "577",
            "637",
            "690",
            "576",
            "706",
            "524",
            "582",
            "603",
            "717",
            "523",
            "705",
            "691",
            "692",
            "496",
            "653",
            "441",
            "554",
            "556",
            "469",
            "658"
        ],