{
    "Instance": "Corners486_G26",
    "Objective": 180,
    "Infeasibility": 0.0,
    "Starting Time": 1711828153.456201,
    "Time Taken": 39.78580403327942,
    "Initialization Time": 5.55361533164978,
    "nrInitSolutions": 100,
    "startingLambda": 0.1,
    "nrDistricts": 10,
    "lambdaRange": [
        0.1,
        0.4,
        0.7,
        1
    ],
    "delta": 0.05,
    "llambda": 0.7,
    "rcl_parameter": 0.3,
    "Allocation": {
        "0": [
            "543",
            "542",
            "651",
            "461",
            "633",
            "709",
            "704",
            "625",
            "653",
            "648",
            "686",
            "487",
            "707",
            "682",
            "568",
            "516",
            "514",
            "705",
            "515",
            "624",
            "652",
            "462",
            "659",
            "708",
            "654",
            "681",
            "629",
            "628",
            "680",
            "649",
            "713",
            "679",
            "567",
            "658",
            "675",
            "597",
            "684",
            "676",
            "677",
            "596",
            "703",
            "657",
            "488",
            "650",
            "548",
            "580",
            "604"
        ],
        "1": [
            "63",
            "35",
            "36",
            "9",
            "37",
            "10",
            "38",
            "13",
            "12",
            "11",
            "68",
            "41",
            "40",
            "15",
            "42",
            "69",
            "43",
            "96",
            "44",
            "16",
            "97",
            "123",
            "122",
            "45",
            "124",
            "46",
            "72",
            "18",
            "98",
            "47",
            "125",
            "73",
            "176",
            "126",
            "203",
            "153",
            "234",
            "206",
            "25",
            "78",
            "52",
            "104",
            "76",
            "50",
            "130",
            "103",
            "174",
            "26",
            "144",
            "105"
        ],
        "2": [
            "161",
            "188",
            "242",
            "215",
            "241",
            "269",
            "268",
            "295",
            "323",
            "377",
            "350",
            "349",
            "348",
            "376",
            "375",
            "374",
            "321",
            "431",
            "402",
            "456",
            "346",
            "483",
            "319",
            "292",
            "318",
            "265",
            "510",
            "238",
            "264",
            "211",
            "239",
            "537",
            "511",
            "263",
            "512",
            "262",
            "564",
            "289",
            "290",
            "565",
            "566",
            "485",
            "539",
            "593",
            "314",
            "288",
            "505",
            "534",
            "315",
            "476",
            "261",
            "207"
        ],
        "3": [
            "0",
            "27",
            "54",
            "81",
            "82",
            "55",
            "108",
            "83",
            "109",
            "56",
            "110",
            "29",
            "84",
            "85",
            "30",
            "111",
            "138",
            "3",
            "112",
            "164",
            "165",
            "192",
            "166",
            "219",
            "329",
            "356",
            "327",
            "60",
            "149",
            "89",
            "328",
            "33",
            "88",
            "114",
            "116",
            "87",
            "302",
            "248",
            "121",
            "32",
            "167",
            "115",
            "145",
            "117",
            "169",
            "170",
            "247"
        ],
        "4": [
            "701",
            "673",
            "674",
            "646",
            "645",
            "618",
            "644",
            "671",
            "698",
            "725",
            "724",
            "727",
            "726",
            "723",
            "722",
            "696",
            "669",
            "695",
            "721",
            "720",
            "668",
            "641",
            "719",
            "693",
            "666",
            "692",
            "718",
            "614",
            "665",
            "691",
            "587",
            "615",
            "616",
            "690",
            "663",
            "689",
            "636",
            "589",
            "716",
            "662",
            "637",
            "590",
            "610",
            "609",
            "582",
            "608",
            "581",
            "555",
            "607"
        ],
        "5": [
            "162",
            "189",
            "216",
            "243",
            "244",
            "271",
            "270",
            "407",
            "379",
            "406",
            "405",
            "437",
            "432",
            "464",
            "332",
            "465",
            "360",
            "412",
            "491",
            "304",
            "333",
            "277",
            "493",
            "466",
            "439",
            "572",
            "440",
            "518",
            "573",
            "575",
            "598",
            "519",
            "574",
            "601",
            "544",
            "546",
            "363",
            "571",
            "600",
            "308",
            "570",
            "569",
            "364",
            "362",
            "335",
            "336",
            "415",
            "387",
            "331"
        ],
        "6": [
            "80",
            "79",
            "107",
            "106",
            "133",
            "51",
            "77",
            "132",
            "24",
            "131",
            "159",
            "49",
            "75",
            "158",
            "102",
            "157",
            "184",
            "183",
            "101",
            "156",
            "155",
            "48",
            "128",
            "21",
            "129",
            "182",
            "20",
            "127",
            "209",
            "181",
            "180",
            "266",
            "457",
            "235",
            "347",
            "429",
            "312",
            "296",
            "232",
            "256",
            "477",
            "478",
            "233",
            "450",
            "479",
            "260",
            "95",
            "404"
        ],
        "7": [
            "118",
            "91",
            "168",
            "224",
            "172",
            "92",
            "195",
            "222",
            "93",
            "173",
            "175",
            "148",
            "119",
            "147",
            "253",
            "146",
            "66",
            "279",
            "355",
            "300",
            "382",
            "357",
            "326",
            "297",
            "358",
            "325",
            "94",
            "353",
            "380",
            "150",
            "408",
            "381",
            "359",
            "273",
            "385",
            "275",
            "221",
            "7",
            "6",
            "324",
            "410",
            "197",
            "252",
            "225",
            "198",
            "196",
            "143",
            "383"
        ],