{
    "Instance": "Corners486_G6",
    "Objective": 202,
    "Infeasibility": 0.0,
    "Starting Time": 1692559501.999843,
    "Time Taken": 39.12848448753357,
    "Initialization Time": 5.919959783554077,
    "nrInitSolutions": 100,
    "startingLambda": 0.1,
    "nrDistricts": 10,
    "lambdaRange": [
        0.1,
        0.4,
        0.7,
        1
    ],
    "delta": 0.05,
    "llambda": 0.7,
    "rcl_parameter": 0.3,
    "Allocation": {
        "0": [
            "649",
            "650",
            "676",
            "622",
            "648",
            "623",
            "677",
            "703",
            "621",
            "675",
            "596",
            "704",
            "702",
            "594",
            "597",
            "705",
            "598",
            "571",
            "599",
            "600",
            "544",
            "626",
            "653",
            "680",
            "679",
            "652",
            "463",
            "489",
            "433",
            "490",
            "435",
            "436",
            "406",
            "409",
            "572",
            "355",
            "378",
            "518",
            "410",
            "327",
            "300",
            "707",
            "405",
            "382",
            "302",
            "356",
            "549"
        ],
        "1": [
            "241",
            "214",
            "213",
            "215",
            "161",
            "188",
            "134",
            "107",
            "80",
            "53",
            "26",
            "25",
            "24",
            "51",
            "23",
            "50",
            "77",
            "22",
            "49",
            "21",
            "48",
            "20",
            "19",
            "74",
            "73",
            "130",
            "154",
            "102",
            "126",
            "127",
            "129",
            "128",
            "155",
            "183",
            "209",
            "236",
            "75",
            "181",
            "158",
            "157",
            "99",
            "125",
            "159",
            "208",
            "263",
            "265",
            "234",
            "206",
            "98",
            "97"
        ],
        "2": [
            "725",
            "698",
            "671",
            "699",
            "672",
            "700",
            "701",
            "673",
            "674",
            "645",
            "646",
            "728",
            "647",
            "620",
            "592",
            "619",
            "564",
            "591",
            "593",
            "590",
            "617",
            "589",
            "616",
            "511",
            "482",
            "615",
            "614",
            "641",
            "668",
            "695",
            "696",
            "669",
            "722",
            "640",
            "613",
            "586",
            "559",
            "612",
            "560",
            "723",
            "694",
            "693",
            "720",
            "692",
            "427",
            "664",
            "665",
            "637",
            "458"
        ],
        "3": [
            "35",
            "8",
            "9",
            "10",
            "38",
            "64",
            "37",
            "63",
            "39",
            "65",
            "90",
            "66",
            "40",
            "92",
            "93",
            "67",
            "117",
            "13",
            "94",
            "95",
            "121",
            "68",
            "148",
            "175",
            "147",
            "149",
            "228",
            "227",
            "229",
            "150",
            "123",
            "151",
            "146",
            "145",
            "172",
            "226",
            "254",
            "143",
            "197",
            "307",
            "253",
            "280",
            "115",
            "88",
            "61",
            "87",
            "335",
            "139",
            "334"
        ],
        "4": [
            "446",
            "473",
            "448",
            "502",
            "503",
            "557",
            "504",
            "530",
            "584",
            "556",
            "555",
            "583",
            "528",
            "527",
            "582",
            "526",
            "609",
            "608",
            "635",
            "525",
            "524",
            "499",
            "551",
            "581",
            "606",
            "580",
            "633",
            "605",
            "690",
            "663",
            "579",
            "636",
            "632",
            "717",
            "689",
            "604",
            "716",
            "718",
            "631",
            "660",
            "659",
            "687",
            "628",
            "576",
            "629",
            "630",
            "712",
            "493",
            "602"
        ],
        "5": [
            "81",
            "54",
            "82",
            "55",
            "27",
            "56",
            "0",
            "29",
            "1",
            "2",
            "3",
            "4",
            "5",
            "31",
            "32",
            "58",
            "6",
            "33",
            "85",
            "86",
            "112",
            "113",
            "111",
            "140",
            "138",
            "167",
            "110",
            "165",
            "137",
            "136",
            "194",
            "163",
            "164",
            "193",
            "190",
            "162",
            "189",
            "216",
            "224",
            "251",
            "250",
            "278",
            "170",
            "249",
            "174",
            "222",
            "225",
            "171"
        ],
        "6": [
            "15",
            "17",
            "16",
            "43",
            "71",
            "44",
            "70",
            "185",
            "261",
            "260",
            "205",
            "180",
            "204",
            "132",
            "203",
            "231",
            "179",
            "233",
            "399",
            "422",
            "394",
            "395",
            "369",
            "368",
            "370",
            "285",
            "340",
            "313",
            "424",
            "259",
            "289",
            "314",
            "343",
            "367",
            "397",
            "286",
            "398",
            "449",
            "421",
            "447",
            "475",
            "474",
            "316",
            "235",
            "264",
            "450"
        ],
        "7": [
            "282",
            "283",
            "337",
            "338",
            "311",
            "336",
            "392",
            "365",
            "363",
            "362",
            "390",
            "391",
            "417",
            "418",
            "306",
            "305",
            "276",
            "248",
            "275",
            "247",
            "299",
            "246",
            "353",
            "271",
            "301",
            "274",
            "330",
            "219",
            "385",
            "329",
            "380",
            "273",
            "325",
            "297",
            "324",
            "245",
            "218",
            "270",
            "326",
            "379",
            "569",
            "542",
            "515",
            "541",
            "488",
            "487",
            "462",
            "141",
            "142",
            "196",
            "201",
            "570"
        ],