{
    "Instance": "Diagonal486_G17",
    "Objective": 200,
    "Infeasibility": 0.0,
    "Starting Time": 1711828062.1731086,
    "Time Taken": 37.544015884399414,
    "Initialization Time": 5.569183111190796,
    "nrInitSolutions": 100,
    "startingLambda": 0.1,
    "nrDistricts": 10,
    "lambdaRange": [
        0.1,
        0.4,
        0.7,
        1
    ],
    "delta": 0.05,
    "llambda": 0.7,
    "rcl_parameter": 0.3,
    "Allocation": {
        "0": [
            "184",
            "262",
            "240",
            "290",
            "129",
            "213",
            "179",
            "215",
            "151",
            "157",
            "131",
            "127",
            "132",
            "104",
            "103",
            "77",
            "316",
            "343",
            "78",
            "207",
            "158",
            "233",
            "26",
            "133",
            "161",
            "159",
            "342",
            "105",
            "52",
            "288",
            "185",
            "134",
            "258",
            "79",
            "206",
            "53",
            "76",
            "315",
            "188",
            "51",
            "259",
            "106",
            "25",
            "153",
            "187",
            "368",
            "178",
            "395",
            "341",
            "394"
        ],
        "1": [
            "216",
            "243",
            "270",
            "271",
            "298",
            "325",
            "352",
            "351",
            "353",
            "324",
            "378",
            "380",
            "405",
            "381",
            "406",
            "432",
            "382",
            "459",
            "383",
            "355",
            "409",
            "460",
            "461",
            "384",
            "328",
            "488",
            "357",
            "487",
            "462",
            "463",
            "385",
            "490",
            "412",
            "517",
            "492",
            "519",
            "546",
            "439",
            "358",
            "413",
            "489",
            "414",
            "359",
            "327",
            "435",
            "302",
            "301",
            "438",
            "303",
            "649"
        ],
        "2": [
            "672",
            "700",
            "699",
            "698",
            "674",
            "727",
            "701",
            "646",
            "620",
            "647",
            "619",
            "592",
            "593",
            "618",
            "591",
            "590",
            "562",
            "563",
            "561",
            "559",
            "587",
            "586",
            "532",
            "614",
            "558",
            "615",
            "505",
            "557",
            "616",
            "478",
            "504",
            "529",
            "643",
            "503",
            "670",
            "502",
            "476",
            "501",
            "582",
            "609",
            "584",
            "636",
            "581",
            "610",
            "583"
        ],
        "3": [
            "1",
            "27",
            "28",
            "54",
            "81",
            "82",
            "109",
            "163",
            "136",
            "137",
            "190",
            "164",
            "165",
            "139",
            "166",
            "193",
            "112",
            "220",
            "85",
            "113",
            "86",
            "84",
            "219",
            "246",
            "60",
            "57",
            "33",
            "30",
            "31",
            "32",
            "5",
            "88",
            "116",
            "91",
            "115",
            "145",
            "171",
            "118",
            "144",
            "117",
            "92",
            "198",
            "170",
            "172",
            "199",
            "65",
            "93",
            "225",
            "169"
        ],
        "4": [
            "339",
            "312",
            "311",
            "310",
            "364",
            "336",
            "363",
            "308",
            "390",
            "281",
            "307",
            "417",
            "418",
            "444",
            "470",
            "443",
            "471",
            "498",
            "472",
            "442",
            "497",
            "496",
            "523",
            "522",
            "549",
            "495",
            "548",
            "525",
            "467",
            "474",
            "466",
            "493",
            "524",
            "520",
            "521",
            "547",
            "576",
            "447",
            "440",
            "420",
            "446",
            "393",
            "421",
            "423",
            "396",
            "575",
            "570",
            "601",
            "657",
            "410",
            "530",
            "560"
        ],
        "5": [
            "695",
            "693",
            "694",
            "667",
            "666",
            "665",
            "638",
            "664",
            "691",
            "637",
            "663",
            "690",
            "718",
            "662",
            "717",
            "635",
            "661",
            "716",
            "634",
            "555",
            "554",
            "527",
            "553",
            "608",
            "688",
            "607",
            "580",
            "579",
            "660",
            "687",
            "578",
            "714",
            "713",
            "605",
            "551",
            "604",
            "712",
            "685",
            "658",
            "684",
            "656",
            "631",
            "715",
            "450",
            "464",
            "337",
            "626",
            "652",
            "335",
            "494"
        ],
        "6": [
            "277",
            "250",
            "249",
            "251",
            "252",
            "253",
            "279",
            "197",
            "168",
            "177",
            "232",
            "102",
            "201",
            "124",
            "43",
            "17",
            "229",
            "71",
            "95",
            "126",
            "156",
            "176",
            "37",
            "16",
            "18",
            "122",
            "66",
            "42",
            "101",
            "74",
            "155",
            "182",
            "180",
            "208",
            "130",
            "183",
            "14",
            "181",
            "10",
            "87"
        ],
        "7": [
            "404",
            "431",
            "458",
            "485",
            "457",
            "512",
            "539",
            "510",
            "511",
            "509",
            "508",
            "481",
            "537",
            "480",
            "453",
            "452",
            "426",
            "428",
            "427",
            "400",
            "455",
            "401",
            "374",
            "347",
            "320",
            "348",
            "319",
            "349",
            "321",
            "294",
            "376",
            "295",
            "350",
            "268",
            "323",
            "296",
            "269",
            "241",
            "292",
            "293",
            "214",
            "345",
            "264",
            "291",
            "266",
            "242",
            "289",
            "318"
        ],