{
    "Instance": "Diagonal486_G13",
    "Objective": 263,
    "Infeasibility": 0.0,
    "Starting Time": 1711828378.071702,
    "Time Taken": 83.18744587898254,
    "Initialization Time": 5.770566701889038,
    "nrInitSolutions": 100,
    "startingLambda": 0.1,
    "nrDistricts": 10,
    "lambdaRange": [
        0.1,
        0.4,
        0.7,
        1
    ],
    "delta": 0.05,
    "llambda": 0.7,
    "rcl_parameter": 0.3,
    "Allocation": {
        "0": [
            "2",
            "28",
            "1",
            "3",
            "30",
            "27",
            "31",
            "54",
            "57",
            "32",
            "5",
            "81",
            "59",
            "6",
            "60",
            "108",
            "82",
            "61",
            "7",
            "83",
            "88",
            "115",
            "114",
            "141",
            "168",
            "140",
            "195",
            "167",
            "194",
            "221",
            "248",
            "165",
            "164",
            "192",
            "249",
            "276",
            "304",
            "303",
            "358",
            "359",
            "360",
            "413",
            "333",
            "384",
            "412"
        ],
        "1": [
            "538",
            "539",
            "564",
            "536",
            "535",
            "509",
            "508",
            "482",
            "534",
            "510",
            "481",
            "454",
            "480",
            "456",
            "457",
            "429",
            "430",
            "477",
            "450",
            "449",
            "421",
            "394",
            "617",
            "618",
            "644",
            "692",
            "719",
            "691",
            "718",
            "690",
            "693",
            "664",
            "468",
            "493",
            "646",
            "615",
            "491",
            "465",
            "642",
            "409",
            "515",
            "517",
            "506",
            "414",
            "516",
            "385"
        ],
        "2": [
            "264",
            "263",
            "342",
            "398",
            "289",
            "368",
            "314",
            "185",
            "211",
            "240",
            "158",
            "210",
            "209",
            "49",
            "187",
            "102",
            "183",
            "213",
            "76",
            "133",
            "129",
            "75",
            "104",
            "128",
            "20",
            "132",
            "103",
            "160",
            "313",
            "134",
            "161",
            "131",
            "130",
            "237",
            "215",
            "23",
            "425",
            "242",
            "159",
            "25",
            "21",
            "51",
            "186",
            "15",
            "126",
            "69",
            "45",
            "146",
            "11",
            "315",
            "232",
            "418",
            "291",
            "12",
            "383"
        ],
        "3": [
            "245",
            "272",
            "218",
            "216",
            "297",
            "353",
            "351",
            "354",
            "378",
            "406",
            "355",
            "407",
            "432",
            "382",
            "433",
            "328",
            "434",
            "461",
            "462",
            "488",
            "487",
            "486",
            "514",
            "489",
            "416",
            "443",
            "703",
            "595",
            "675",
            "676",
            "598",
            "523",
            "629",
            "542",
            "436",
            "679",
            "678",
            "677",
            "273",
            "626",
            "244",
            "203",
            "574",
            "579",
            "606",
            "623"
        ],
        "4": [
            "710",
            "711",
            "712",
            "576",
            "661",
            "549",
            "548",
            "497",
            "498",
            "601",
            "628",
            "575",
            "600",
            "495",
            "648",
            "381",
            "622",
            "438",
            "410",
            "380",
            "387",
            "463",
            "405",
            "685",
            "713",
            "705",
            "597",
            "379",
            "715",
            "325",
            "352",
            "331",
            "631",
            "706",
            "388",
            "460",
            "442",
            "658",
            "298",
            "243",
            "282",
            "329",
            "189",
            "166",
            "391",
            "445",
            "630",
            "551",
            "605",
            "573",
            "496"
        ],
        "5": [
            "9",
            "36",
            "64",
            "90",
            "91",
            "38",
            "92",
            "39",
            "13",
            "40",
            "119",
            "14",
            "144",
            "16",
            "43",
            "17",
            "147",
            "70",
            "71",
            "98",
            "44",
            "99",
            "122",
            "94",
            "95",
            "46",
            "121",
            "68",
            "19",
            "47",
            "123",
            "181",
            "318",
            "292",
            "317",
            "156",
            "265",
            "320",
            "10",
            "321",
            "182",
            "290",
            "241",
            "118",
            "288",
            "239",
            "372",
            "256",
            "229"
        ],
        "6": [
            "728",
            "727",
            "700",
            "673",
            "647",
            "619",
            "616",
            "612",
            "614",
            "613",
            "585",
            "640",
            "558",
            "584",
            "611",
            "583",
            "557",
            "559",
            "532",
            "530",
            "505",
            "529",
            "502",
            "501",
            "500",
            "499",
            "503",
            "526",
            "478",
            "604",
            "660",
            "455",
            "602",
            "657",
            "566",
            "603",
            "659",
            "565",
            "563",
            "577",
            "580",
            "471",
            "427",
            "528",
            "593",
            "512",
            "524",
            "479",
            "411",
            "531",
            "683",
            "709"
        ],
        "7": [
            "207",
            "152",
            "124",
            "125",
            "173",
            "172",
            "235",
            "238",
            "316",
            "262",
            "184",
            "212",
            "319",
            "214",
            "346",
            "127",
            "347",
            "397",
            "79",
            "323",
            "52",
            "294",
            "349",
            "296",
            "295",
            "350",
            "157",
            "399",
            "345",
            "50",
            "78",
            "105",
            "26",
            "22",
            "77",
            "343",
            "341",
            "63",
            "344",
            "322",
            "348",
            "155",
            "154"
        ],