{
    "Instance": "Diagonal486_G5",
    "Objective": 190,
    "Infeasibility": 0.005876229245044668,
    "Starting Time": 1692559327.7458851,
    "Time Taken": 91.92373561859131,
    "Initialization Time": 6.181031227111816,
    "nrInitSolutions": 100,
    "startingLambda": 0.1,
    "nrDistricts": 10,
    "lambdaRange": [
        0.1,
        0.4,
        0.7,
        1
    ],
    "delta": 0.05,
    "llambda": 0.7,
    "rcl_parameter": 0.3,
    "Allocation": {
        "0": [
            "38",
            "37",
            "65",
            "9",
            "63",
            "90",
            "13",
            "8",
            "62",
            "61",
            "7",
            "176",
            "149",
            "230",
            "229",
            "122",
            "15",
            "232",
            "95",
            "16",
            "45",
            "96",
            "69",
            "42",
            "46",
            "284",
            "310",
            "311",
            "180",
            "152",
            "259",
            "151",
            "260",
            "17",
            "144",
            "197",
            "140",
            "76",
            "105",
            "39",
            "253",
            "106",
            "184",
            "64",
            "118",
            "43",
            "125",
            "172",
            "98",
            "173"
        ],
        "1": [
            "562",
            "590",
            "589",
            "617",
            "591",
            "645",
            "618",
            "620",
            "619",
            "672",
            "699",
            "698",
            "700",
            "727",
            "593",
            "725",
            "728",
            "697",
            "701",
            "674",
            "724",
            "723",
            "722",
            "720",
            "721",
            "719",
            "718",
            "717",
            "691",
            "716",
            "640",
            "635",
            "661",
            "638",
            "613",
            "612",
            "634",
            "666",
            "662",
            "641",
            "664",
            "502",
            "686",
            "584",
            "642",
            "581",
            "527"
        ],
        "2": [
            "539",
            "512",
            "511",
            "510",
            "457",
            "484",
            "483",
            "456",
            "458",
            "482",
            "431",
            "508",
            "507",
            "427",
            "506",
            "479",
            "533",
            "560",
            "452",
            "375",
            "403",
            "265",
            "185",
            "214",
            "242",
            "314",
            "323",
            "241",
            "157",
            "160",
            "295",
            "401",
            "481",
            "266",
            "215",
            "317",
            "188",
            "213",
            "237",
            "156",
            "235",
            "293",
            "208",
            "348",
            "296",
            "212",
            "209",
            "321"
        ],
        "3": [
            "250",
            "223",
            "249",
            "222",
            "220",
            "247",
            "221",
            "246",
            "245",
            "272",
            "327",
            "217",
            "218",
            "326",
            "216",
            "190",
            "353",
            "381",
            "407",
            "406",
            "408",
            "435",
            "434",
            "405",
            "433",
            "462",
            "463",
            "378",
            "489",
            "461",
            "351",
            "460",
            "516",
            "488",
            "459",
            "324",
            "515",
            "297",
            "513",
            "270",
            "514",
            "572",
            "598",
            "570",
            "306",
            "628"
        ],
        "4": [
            "443",
            "417",
            "418",
            "391",
            "364",
            "365",
            "367",
            "366",
            "339",
            "368",
            "341",
            "340",
            "395",
            "315",
            "396",
            "343",
            "423",
            "288",
            "424",
            "290",
            "316",
            "318",
            "319",
            "263",
            "400",
            "454",
            "374",
            "399",
            "372",
            "398",
            "371",
            "182",
            "376",
            "346",
            "155",
            "159",
            "268",
            "183",
            "269",
            "377",
            "342",
            "320",
            "347",
            "322",
            "292",
            "211",
            "262",
            "345",
            "416"
        ],
        "5": [
            "710",
            "708",
            "655",
            "681",
            "680",
            "706",
            "627",
            "679",
            "626",
            "601",
            "599",
            "657",
            "678",
            "652",
            "602",
            "574",
            "547",
            "545",
            "603",
            "520",
            "684",
            "659",
            "493",
            "549",
            "685",
            "705",
            "712",
            "713",
            "687",
            "569",
            "677",
            "597",
            "650",
            "676",
            "651",
            "575",
            "624",
            "702",
            "622",
            "621",
            "703",
            "595",
            "604",
            "649",
            "380",
            "541",
            "273",
            "300",
            "361",
            "714",
            "362"
        ],
        "6": [
            "161",
            "134",
            "107",
            "80",
            "78",
            "77",
            "50",
            "49",
            "128",
            "53",
            "22",
            "23",
            "103",
            "24",
            "102",
            "25",
            "104",
            "131",
            "101",
            "74",
            "26",
            "202",
            "201",
            "150",
            "258",
            "66",
            "93",
            "145",
            "73",
            "147",
            "146",
            "210",
            "199",
            "178",
            "129",
            "130",
            "126",
            "239",
            "291",
            "257",
            "175",
            "206",
            "234",
            "91",
            "186",
            "127",
            "231",
            "18",
            "44",
            "71",
            "200"
        ],