{
    "Instance": "Diagonal486_G27",
    "Objective": 166,
    "Infeasibility": 0.003765527950310488,
    "Starting Time": 1711828193.2454054,
    "Time Taken": 45.59026074409485,
    "Initialization Time": 5.555238246917725,
    "nrInitSolutions": 100,
    "startingLambda": 0.1,
    "nrDistricts": 10,
    "lambdaRange": [
        0.1,
        0.4,
        0.7,
        1
    ],
    "delta": 0.05,
    "llambda": 0.7,
    "rcl_parameter": 0.3,
    "Allocation": {
        "0": [
            "677",
            "704",
            "676",
            "678",
            "675",
            "650",
            "705",
            "679",
            "622",
            "649",
            "648",
            "623",
            "680",
            "706",
            "596",
            "595",
            "624",
            "681",
            "597",
            "625",
            "653",
            "594",
            "682",
            "708",
            "569",
            "570",
            "655",
            "683",
            "626",
            "710",
            "627",
            "598",
            "709",
            "711",
            "656",
            "599",
            "654",
            "568",
            "600",
            "657",
            "573",
            "601",
            "572",
            "574",
            "712",
            "685",
            "602",
            "497",
            "661",
            "473",
            "526",
            "714",
            "607"
        ],
        "1": [
            "218",
            "191",
            "165",
            "192",
            "194",
            "193",
            "138",
            "84",
            "111",
            "83",
            "85",
            "56",
            "58",
            "29",
            "59",
            "86",
            "31",
            "87",
            "4",
            "28",
            "114",
            "1",
            "0",
            "141",
            "142",
            "143",
            "169",
            "170",
            "145",
            "117",
            "119",
            "63",
            "120",
            "90",
            "36",
            "91",
            "148",
            "144",
            "198",
            "199",
            "225",
            "146",
            "147",
            "174",
            "92"
        ],
        "2": [
            "214",
            "242",
            "188",
            "215",
            "161",
            "134",
            "107",
            "158",
            "131",
            "185",
            "104",
            "103",
            "105",
            "77",
            "102",
            "183",
            "156",
            "50",
            "76",
            "49",
            "23",
            "24",
            "25",
            "26",
            "22",
            "51",
            "53",
            "52",
            "79",
            "74",
            "45",
            "73",
            "18",
            "152",
            "15",
            "229",
            "123",
            "231",
            "236",
            "344",
            "293",
            "21",
            "239",
            "266",
            "267",
            "70"
        ],
        "3": [
            "444",
            "417",
            "418",
            "391",
            "364",
            "393",
            "392",
            "366",
            "420",
            "421",
            "449",
            "422",
            "450",
            "451",
            "477",
            "424",
            "397",
            "478",
            "396",
            "370",
            "398",
            "453",
            "505",
            "369",
            "426",
            "506",
            "368",
            "480",
            "533",
            "427",
            "534",
            "428",
            "401",
            "315",
            "346",
            "316",
            "289",
            "314",
            "585",
            "560",
            "320",
            "531",
            "613"
        ],
        "4": [
            "485",
            "539",
            "512",
            "538",
            "566",
            "537",
            "564",
            "483",
            "563",
            "510",
            "562",
            "456",
            "482",
            "589",
            "588",
            "614",
            "617",
            "615",
            "644",
            "618",
            "671",
            "586",
            "698",
            "559",
            "558",
            "619",
            "592",
            "725",
            "646",
            "726",
            "530",
            "727",
            "728",
            "503",
            "502",
            "475",
            "610",
            "635",
            "554",
            "719",
            "638",
            "579",
            "581",
            "693",
            "637"
        ],
        "5": [
            "81",
            "135",
            "162",
            "108",
            "189",
            "163",
            "216",
            "243",
            "270",
            "297",
            "324",
            "298",
            "325",
            "351",
            "352",
            "378",
            "379",
            "353",
            "380",
            "406",
            "354",
            "381",
            "434",
            "327",
            "433",
            "408",
            "460",
            "432",
            "459",
            "461",
            "435",
            "462",
            "463",
            "488",
            "490",
            "516",
            "517",
            "464",
            "411",
            "439",
            "515",
            "332",
            "303",
            "542",
            "541",
            "333",
            "305",
            "359"
        ],
        "6": [
            "33",
            "34",
            "7",
            "8",
            "9",
            "10",
            "37",
            "64",
            "11",
            "65",
            "38",
            "66",
            "39",
            "93",
            "40",
            "13",
            "41",
            "200",
            "224",
            "226",
            "68",
            "252",
            "14",
            "42",
            "202",
            "43",
            "95",
            "16",
            "251",
            "149",
            "150",
            "253",
            "122",
            "124",
            "250",
            "125",
            "230",
            "20",
            "48",
            "44",
            "210",
            "72",
            "69",
            "47",
            "46",
            "171",
            "19",
            "204",
            "209",
            "100",
            "172",
            "233"
        ],
        "7": [
            "350",
            "296",
            "323",
            "349",
            "322",
            "321",
            "319",
            "318",
            "317",
            "345",
            "291",
            "265",
            "372",
            "240",
            "238",
            "290",
            "264",
            "399",
            "343",
            "235",
            "268",
            "263",
            "208",
            "234",
            "207",
            "261",
            "180",
            "179",
            "288",
            "206",
            "232",
            "153",
            "126",
            "178",
            "177",
            "258",
            "312",
            "259",
            "285",
            "98",
            "176",
            "96",
            "160",
            "452",
            "175",
            "237",
            "159",
            "184",
            "201",
            "94",
            "121"
        ],