{
    "Instance": "Diagonal486_G22",
    "Objective": 183,
    "Infeasibility": 0.0,
    "Starting Time": 1711828071.2297251,
    "Time Taken": 32.33037567138672,
    "Initialization Time": 5.640547037124634,
    "nrInitSolutions": 100,
    "startingLambda": 0.1,
    "nrDistricts": 10,
    "lambdaRange": [
        0.1,
        0.4,
        0.7,
        1
    ],
    "delta": 0.05,
    "llambda": 0.7,
    "rcl_parameter": 0.3,
    "Allocation": {
        "0": [
            "356",
            "413",
            "302",
            "355",
            "440",
            "410",
            "441",
            "354",
            "467",
            "439",
            "408",
            "435",
            "434",
            "353",
            "466",
            "462",
            "436",
            "494",
            "378",
            "521",
            "405",
            "433",
            "523",
            "493",
            "495",
            "432",
            "460",
            "351",
            "520",
            "501",
            "528",
            "579",
            "580",
            "710",
            "490",
            "599",
            "602",
            "709",
            "569",
            "626",
            "596",
            "526",
            "516",
            "653",
            "650",
            "677",
            "651",
            "554",
            "682"
        ],
        "1": [
            "592",
            "590",
            "591",
            "617",
            "563",
            "589",
            "616",
            "562",
            "536",
            "643",
            "669",
            "671",
            "670",
            "696",
            "672",
            "673",
            "723",
            "674",
            "695",
            "647",
            "724",
            "646",
            "694",
            "701",
            "693",
            "692",
            "719",
            "691",
            "718",
            "690",
            "664",
            "663",
            "689",
            "662",
            "715",
            "558",
            "530",
            "582",
            "638",
            "585",
            "610",
            "583",
            "641",
            "637",
            "503",
            "556",
            "557"
        ],
        "2": [
            "3",
            "2",
            "29",
            "28",
            "56",
            "57",
            "55",
            "59",
            "32",
            "58",
            "34",
            "33",
            "6",
            "35",
            "61",
            "8",
            "36",
            "88",
            "9",
            "63",
            "115",
            "37",
            "38",
            "64",
            "90",
            "114",
            "65",
            "91",
            "39",
            "11",
            "117",
            "118",
            "40",
            "12",
            "66",
            "13",
            "93",
            "41",
            "14",
            "68",
            "15",
            "95",
            "69",
            "16",
            "96",
            "97",
            "43",
            "71"
        ],
        "3": [
            "24",
            "26",
            "25",
            "52",
            "53",
            "106",
            "107",
            "78",
            "133",
            "134",
            "132",
            "159",
            "131",
            "161",
            "104",
            "158",
            "130",
            "185",
            "103",
            "186",
            "157",
            "129",
            "76",
            "75",
            "212",
            "48",
            "213",
            "156",
            "49",
            "239",
            "22",
            "50",
            "128",
            "184",
            "101",
            "183",
            "182",
            "181",
            "154",
            "100",
            "47",
            "46",
            "20",
            "45",
            "18",
            "44",
            "72",
            "70",
            "149",
            "92"
        ],
        "4": [
            "481",
            "480",
            "507",
            "506",
            "505",
            "533",
            "478",
            "477",
            "587",
            "560",
            "559",
            "531",
            "584",
            "612",
            "611",
            "639",
            "502",
            "474",
            "527",
            "499",
            "525",
            "553",
            "498",
            "552",
            "551",
            "497",
            "470",
            "578",
            "608",
            "605",
            "577",
            "496",
            "443",
            "576",
            "469",
            "471",
            "607",
            "634",
            "550",
            "549",
            "522",
            "632",
            "548",
            "575",
            "659",
            "631",
            "640",
            "716",
            "665"
        ],
        "5": [
            "283",
            "281",
            "282",
            "254",
            "200",
            "227",
            "173",
            "199",
            "228",
            "172",
            "198",
            "146",
            "174",
            "229",
            "171",
            "147",
            "225",
            "197",
            "202",
            "230",
            "148",
            "175",
            "144",
            "252",
            "203",
            "176",
            "204",
            "196",
            "223",
            "143",
            "121",
            "205",
            "232",
            "206",
            "180",
            "259",
            "122",
            "94",
            "153",
            "150",
            "151",
            "124",
            "152",
            "178",
            "125",
            "98",
            "126",
            "160"
        ],
        "6": [
            "539",
            "512",
            "511",
            "484",
            "457",
            "458",
            "430",
            "456",
            "403",
            "402",
            "375",
            "376",
            "401",
            "349",
            "348",
            "374",
            "350",
            "347",
            "321",
            "323",
            "294",
            "320",
            "267",
            "319",
            "293",
            "268",
            "269",
            "242",
            "241",
            "266",
            "240",
            "265",
            "292",
            "238",
            "215",
            "179",
            "395",
            "452",
            "397",
            "177",
            "312",
            "290",
            "426",
            "79",
            "427"
        ],
        "7": [
            "702",
            "703",
            "676",
            "649",
            "704",
            "705",
            "648",
            "622",
            "623",
            "624",
            "625",
            "597",
            "595",
            "570",
            "594",
            "542",
            "627",
            "572",
            "543",
            "515",
            "541",
            "654",
            "681",
            "567",
            "628",
            "544",
            "601",
            "683",
            "573",
            "656",
            "680",
            "679",
            "708",
            "629",
            "630",
            "546",
            "571",
            "713",
            "684",
            "518",
            "491",
            "492",
            "687",
            "486",
            "707",
            "513",
            "658",
            "660",
            "657",
            "686",
            "514",
            "444",
            "407"
        ],