{
    "Instance": "Diagonal486_G2",
    "Objective": 182,
    "Infeasibility": 0.07356107930852307,
    "Starting Time": 1692559155.5472736,
    "Time Taken": 64.70574116706848,
    "Initialization Time": 6.229140281677246,
    "nrInitSolutions": 100,
    "startingLambda": 0.1,
    "nrDistricts": 10,
    "lambdaRange": [
        0.1,
        0.4,
        0.7,
        1
    ],
    "delta": 0.05,
    "llambda": 0.7,
    "rcl_parameter": 0.3,
    "Allocation": {
        "0": [
            "386",
            "387",
            "359",
            "413",
            "412",
            "414",
            "411",
            "358",
            "331",
            "305",
            "333",
            "438",
            "384",
            "304",
            "357",
            "383",
            "465",
            "303",
            "437",
            "382",
            "355",
            "354",
            "381",
            "327",
            "380",
            "407",
            "409",
            "328",
            "406",
            "276",
            "356",
            "353",
            "433",
            "436",
            "249",
            "351",
            "352",
            "435",
            "463",
            "540",
            "462",
            "594",
            "578",
            "541",
            "685",
            "631",
            "553",
            "628",
            "577",
            "580",
            "681"
        ],
        "1": [
            "163",
            "190",
            "189",
            "217",
            "245",
            "244",
            "271",
            "272",
            "246",
            "270",
            "219",
            "273",
            "299",
            "274",
            "192",
            "165",
            "166",
            "167",
            "139",
            "112",
            "168",
            "85",
            "194",
            "111",
            "84",
            "57",
            "86",
            "83",
            "30",
            "87",
            "82",
            "81",
            "29",
            "3",
            "28",
            "108",
            "1",
            "135",
            "0",
            "9",
            "10",
            "120",
            "36",
            "37",
            "64",
            "197",
            "224",
            "88"
        ],
        "2": [
            "107",
            "133",
            "161",
            "134",
            "188",
            "160",
            "187",
            "159",
            "215",
            "186",
            "269",
            "242",
            "213",
            "268",
            "296",
            "240",
            "295",
            "294",
            "321",
            "322",
            "266",
            "349",
            "293",
            "263",
            "348",
            "262",
            "316",
            "347",
            "288",
            "375",
            "346",
            "374",
            "350",
            "373",
            "372",
            "400",
            "427",
            "428",
            "429",
            "430",
            "403",
            "431",
            "457",
            "369",
            "124",
            "339",
            "393",
            "122",
            "130",
            "366",
            "424",
            "365",
            "392"
        ],
        "3": [
            "699",
            "701",
            "700",
            "674",
            "728",
            "647",
            "620",
            "618",
            "619",
            "591",
            "590",
            "563",
            "536",
            "562",
            "561",
            "537",
            "534",
            "588",
            "538",
            "507",
            "587",
            "533",
            "480",
            "539",
            "586",
            "614",
            "641",
            "559",
            "642",
            "669",
            "643",
            "670",
            "697",
            "644",
            "724",
            "640",
            "639",
            "692",
            "691",
            "665",
            "638",
            "583",
            "611",
            "610",
            "584",
            "637"
        ],
        "4": [
            "279",
            "281",
            "280",
            "253",
            "226",
            "227",
            "199",
            "228",
            "200",
            "173",
            "174",
            "175",
            "202",
            "176",
            "148",
            "203",
            "149",
            "121",
            "204",
            "150",
            "230",
            "205",
            "231",
            "151",
            "123",
            "206",
            "257",
            "179",
            "256",
            "207",
            "208",
            "258",
            "181",
            "97",
            "232",
            "180",
            "70",
            "125",
            "209",
            "234",
            "313",
            "340",
            "265",
            "237",
            "292",
            "345",
            "94",
            "267"
        ],
        "5": [
            "695",
            "694",
            "721",
            "720",
            "664",
            "717",
            "716",
            "715",
            "714",
            "713",
            "530",
            "503",
            "659",
            "504",
            "477",
            "712",
            "501",
            "686",
            "505",
            "500",
            "502",
            "467",
            "522",
            "624",
            "494",
            "657",
            "627",
            "626",
            "519",
            "544",
            "495",
            "493",
            "520",
            "440",
            "492",
            "636",
            "600",
            "653",
            "547",
            "598",
            "548",
            "601",
            "719",
            "471",
            "557"
        ],
        "6": [
            "448",
            "421",
            "394",
            "391",
            "390",
            "363",
            "417",
            "362",
            "336",
            "444",
            "309",
            "470",
            "472",
            "469",
            "416",
            "442",
            "445",
            "498",
            "525",
            "524",
            "579",
            "581",
            "555",
            "608",
            "526",
            "606",
            "554",
            "607",
            "633",
            "550",
            "556",
            "632",
            "582",
            "604",
            "576",
            "529",
            "662",
            "603",
            "660",
            "661",
            "466",
            "574",
            "689",
            "552",
            "521",
            "690"
        ],
        "7": [
            "26",
            "53",
            "25",
            "52",
            "79",
            "24",
            "23",
            "51",
            "78",
            "77",
            "103",
            "75",
            "102",
            "157",
            "129",
            "101",
            "131",
            "47",
            "20",
            "184",
            "100",
            "183",
            "46",
            "19",
            "211",
            "238",
            "73",
            "154",
            "99",
            "18",
            "128",
            "98",
            "126",
            "71",
            "182",
            "155",
            "341",
            "318",
            "343",
            "286",
            "287",
            "338",
            "370",
            "317",
            "425",
            "315",
            "342",
            "344",
            "397"
        ],