{
    "Instance": "Diagonal486_G4",
    "Objective": 220,
    "Infeasibility": 0.007702825888787603,
    "Starting Time": 1692559201.2471352,
    "Time Taken": 75.45407462120056,
    "Initialization Time": 6.02584171295166,
    "nrInitSolutions": 100,
    "startingLambda": 0.1,
    "nrDistricts": 10,
    "lambdaRange": [
        0.1,
        0.4,
        0.7,
        1
    ],
    "delta": 0.05,
    "llambda": 0.7,
    "rcl_parameter": 0.3,
    "Allocation": {
        "0": [
            "105",
            "343",
            "49",
            "339",
            "26",
            "338",
            "287",
            "107",
            "291",
            "127",
            "23",
            "134",
            "24",
            "48",
            "20",
            "210",
            "317",
            "315",
            "51",
            "133",
            "22",
            "371",
            "458",
            "485",
            "483",
            "292",
            "178",
            "564",
            "181",
            "319",
            "231",
            "183",
            "512",
            "182",
            "100",
            "312",
            "209",
            "296",
            "233",
            "151",
            "290",
            "46",
            "71",
            "204",
            "185",
            "404",
            "103",
            "341",
            "102",
            "508",
            "537",
            "427"
        ],
        "1": [
            "700",
            "699",
            "698",
            "697",
            "670",
            "643",
            "642",
            "614",
            "641",
            "668",
            "613",
            "695",
            "586",
            "723",
            "722",
            "721",
            "558",
            "585",
            "557",
            "531",
            "530",
            "556",
            "529",
            "504",
            "502",
            "501",
            "500",
            "475",
            "581",
            "609",
            "523",
            "635",
            "551",
            "637",
            "552",
            "495",
            "469",
            "526",
            "553",
            "580",
            "499",
            "632",
            "548",
            "719"
        ],
        "2": [
            "189",
            "243",
            "216",
            "217",
            "219",
            "218",
            "245",
            "273",
            "272",
            "271",
            "298",
            "275",
            "302",
            "249",
            "248",
            "223",
            "222",
            "277",
            "278",
            "279",
            "332",
            "253",
            "226",
            "225",
            "198",
            "384",
            "356",
            "438",
            "117",
            "410",
            "143",
            "119",
            "142",
            "144",
            "90",
            "171",
            "145",
            "147",
            "175",
            "146",
            "174",
            "383",
            "417",
            "336",
            "359",
            "173",
            "439",
            "91"
        ],
        "3": [
            "675",
            "702",
            "676",
            "703",
            "705",
            "706",
            "678",
            "707",
            "651",
            "679",
            "652",
            "624",
            "680",
            "681",
            "625",
            "623",
            "597",
            "682",
            "626",
            "570",
            "627",
            "622",
            "709",
            "628",
            "600",
            "599",
            "629",
            "573",
            "574",
            "630",
            "603",
            "657",
            "631",
            "547",
            "576",
            "656",
            "655",
            "575",
            "549",
            "684",
            "550",
            "602",
            "711",
            "685",
            "472",
            "437",
            "411"
        ],
        "4": [
            "2",
            "1",
            "29",
            "28",
            "56",
            "55",
            "27",
            "82",
            "54",
            "83",
            "81",
            "109",
            "84",
            "136",
            "135",
            "111",
            "86",
            "85",
            "58",
            "138",
            "31",
            "165",
            "32",
            "87",
            "88",
            "164",
            "4",
            "193",
            "6",
            "7",
            "11",
            "12",
            "96",
            "69",
            "68",
            "15",
            "122",
            "41",
            "70",
            "94",
            "72",
            "14",
            "43",
            "45",
            "18",
            "149",
            "99",
            "166",
            "194",
            "67"
        ],
        "5": [
            "424",
            "423",
            "397",
            "396",
            "421",
            "422",
            "393",
            "392",
            "394",
            "391",
            "363",
            "390",
            "281",
            "333",
            "227",
            "199",
            "386",
            "385",
            "228",
            "172",
            "387",
            "412",
            "201",
            "229",
            "466",
            "355",
            "441",
            "120",
            "250",
            "63",
            "141",
            "92",
            "36",
            "168",
            "9",
            "64",
            "140",
            "65",
            "37",
            "493",
            "274",
            "10",
            "8",
            "66",
            "139",
            "167",
            "38",
            "280",
            "451"
        ],
        "6": [
            "646",
            "618",
            "619",
            "591",
            "563",
            "562",
            "482",
            "481",
            "455",
            "480",
            "453",
            "479",
            "539",
            "400",
            "322",
            "321",
            "323",
            "268",
            "240",
            "213",
            "241",
            "242",
            "215",
            "214",
            "346",
            "239",
            "345",
            "344",
            "161",
            "318",
            "186",
            "132",
            "316",
            "348",
            "80",
            "53",
            "130",
            "314",
            "101",
            "429",
            "510",
            "188",
            "128",
            "154",
            "158",
            "238",
            "484",
            "156",
            "76",
            "50",
            "77"
        ],
        "7": [
            "692",
            "693",
            "691",
            "665",
            "664",
            "638",
            "690",
            "663",
            "610",
            "639",
            "582",
            "608",
            "607",
            "579",
            "606",
            "527",
            "605",
            "498",
            "525",
            "578",
            "633",
            "604",
            "524",
            "659",
            "577",
            "686",
            "496",
            "660",
            "658",
            "713",
            "712",
            "661",
            "497",
            "468",
            "415",
            "443",
            "716",
            "715",
            "688",
            "596",
            "704",
            "465",
            "440",
            "528",
            "382",
            "307",
            "309",
            "308",
            "306"
        ],