{
    "Instance": "Center726_G19",
    "Objective": 219,
    "Infeasibility": 0.0,
    "Starting Time": 1711829427.9930434,
    "Time Taken": 48.3465096950531,
    "Initialization Time": 11.12384843826294,
    "nrInitSolutions": 100,
    "startingLambda": 0.1,
    "nrDistricts": 10,
    "lambdaRange": [
        0.1,
        0.4,
        0.7,
        1
    ],
    "delta": 0.05,
    "llambda": 0.7,
    "rcl_parameter": 0.3,
    "Allocation": {
        "0": [
            "375",
            "408",
            "409",
            "410",
            "444",
            "377",
            "443",
            "344",
            "476",
            "477",
            "508",
            "311",
            "475",
            "278",
            "310",
            "507",
            "505",
            "538",
            "471",
            "439",
            "537",
            "571",
            "570",
            "438",
            "470",
            "406",
            "536",
            "604",
            "569",
            "437",
            "603",
            "535",
            "373",
            "436",
            "372",
            "371",
            "435",
            "601",
            "502",
            "468",
            "402",
            "634",
            "339",
            "567",
            "600",
            "666",
            "667",
            "602",
            "599",
            "598",
            "400",
            "565",
            "597",
            "631",
            "367",
            "564",
            "433",
            "532",
            "432",
            "531",
            "500",
            "562",
            "530",
            "498",
            "499",
            "533",
            "594",
            "595",
            "563",
            "798",
            "301",
            "764",
            "731"
        ],
        "1": [
            "1022",
            "1088",
            "1055",
            "1054",
            "1053",
            "1087",
            "1086",
            "1052",
            "1019",
            "1020",
            "987",
            "986",
            "1018",
            "953",
            "985",
            "921",
            "952",
            "1017",
            "951",
            "920",
            "887",
            "888",
            "1050",
            "1016",
            "889",
            "918",
            "854",
            "1049",
            "1015",
            "853",
            "950",
            "956",
            "855",
            "822",
            "983",
            "823",
            "820",
            "756",
            "824",
            "819",
            "755",
            "788",
            "1048",
            "1083",
            "1081",
            "1084",
            "1082",
            "857",
            "1014",
            "949",
            "856",
            "1080",
            "981",
            "791",
            "1047",
            "1046",
            "980",
            "1045",
            "757",
            "1013",
            "723",
            "979",
            "1079",
            "1012",
            "724",
            "725",
            "692",
            "1011",
            "1010",
            "1009",
            "523",
            "845"
        ],
        "2": [
            "480",
            "413",
            "414",
            "447",
            "347",
            "380",
            "348",
            "316",
            "349",
            "283",
            "217",
            "250",
            "216",
            "184",
            "185",
            "152",
            "154",
            "153",
            "121",
            "88",
            "187",
            "188",
            "89",
            "122",
            "87",
            "55",
            "123",
            "86",
            "22",
            "221",
            "90",
            "56",
            "189",
            "190",
            "156",
            "23",
            "57",
            "24",
            "223",
            "254",
            "25",
            "287",
            "255",
            "253",
            "286",
            "256",
            "288",
            "224",
            "321",
            "319",
            "285",
            "257",
            "258",
            "58",
            "162",
            "128",
            "420",
            "452",
            "192",
            "356",
            "91",
            "18",
            "353",
            "20",
            "385",
            "19",
            "93",
            "290",
            "418"
        ],
        "3": [
            "904",
            "938",
            "905",
            "939",
            "973",
            "972",
            "1005",
            "974",
            "1037",
            "1038",
            "1007",
            "975",
            "1040",
            "1036",
            "1041",
            "1035",
            "1034",
            "1002",
            "1033",
            "1000",
            "999",
            "967",
            "934",
            "998",
            "966",
            "933",
            "901",
            "932",
            "900",
            "868",
            "931",
            "867",
            "899",
            "835",
            "865",
            "834",
            "898",
            "801",
            "864",
            "768",
            "866",
            "802",
            "769",
            "832",
            "800",
            "736",
            "703",
            "735",
            "737",
            "734",
            "738",
            "670",
            "671",
            "701",
            "771",
            "705",
            "672",
            "700",
            "772",
            "673",
            "640",
            "858",
            "861",
            "763",
            "668",
            "831",
            "633",
            "924",
            "964",
            "930"
        ],
        "4": [
            "1",
            "33",
            "0",
            "66",
            "100",
            "133",
            "101",
            "134",
            "132",
            "166",
            "36",
            "167",
            "135",
            "37",
            "165",
            "199",
            "103",
            "3",
            "38",
            "200",
            "136",
            "198",
            "168",
            "5",
            "169",
            "39",
            "137",
            "232",
            "231",
            "233",
            "6",
            "104",
            "72",
            "234",
            "202",
            "265",
            "267",
            "138",
            "235",
            "298",
            "204",
            "300",
            "268",
            "7",
            "299",
            "331",
            "171",
            "236",
            "73",
            "364",
            "397",
            "396",
            "429",
            "264",
            "266",
            "365",
            "297",
            "330",
            "366",
            "332",
            "462",
            "430",
            "431",
            "398",
            "464",
            "497",
            "465",
            "496",
            "635",
            "695",
            "568",
            "403",
            "504",
            "561",
            "401"
        ],