{
    "Instance": "Center726_G21",
    "Objective": 267,
    "Infeasibility": 0.0,
    "Starting Time": 1711829307.4831288,
    "Time Taken": 73.4506254196167,
    "Initialization Time": 11.439398288726807,
    "nrInitSolutions": 100,
    "startingLambda": 0.1,
    "nrDistricts": 10,
    "lambdaRange": [
        0.1,
        0.4,
        0.7,
        1
    ],
    "delta": 0.05,
    "llambda": 0.7,
    "rcl_parameter": 0.3,
    "Allocation": {
        "0": [
            "428",
            "360",
            "296",
            "56",
            "116",
            "59",
            "90",
            "23",
            "121",
            "117",
            "63",
            "26",
            "196",
            "28",
            "183",
            "89",
            "193",
            "197",
            "194",
            "98",
            "32",
            "60",
            "123",
            "54",
            "25",
            "156",
            "55",
            "163",
            "155",
            "65",
            "128",
            "27",
            "91",
            "57",
            "95",
            "31",
            "61",
            "160",
            "159",
            "30",
            "53",
            "150",
            "162",
            "416",
            "20",
            "217",
            "263",
            "226",
            "161",
            "92",
            "129",
            "64",
            "62",
            "97",
            "228",
            "126",
            "24",
            "227",
            "164",
            "260",
            "22",
            "96",
            "124",
            "449",
            "131",
            "482",
            "122",
            "94",
            "58",
            "230",
            "229",
            "625",
            "294",
            "791"
        ],
        "1": [
            "909",
            "942",
            "975",
            "974",
            "973",
            "1006",
            "1039",
            "1072",
            "1071",
            "1070",
            "1037",
            "1004",
            "1036",
            "1035",
            "1068",
            "971",
            "938",
            "904",
            "871",
            "903",
            "936",
            "966",
            "932",
            "931",
            "999",
            "897",
            "967",
            "964",
            "864",
            "1032",
            "1000",
            "930",
            "896",
            "1033",
            "830",
            "635",
            "804",
            "995",
            "1064",
            "892",
            "861",
            "863",
            "697",
            "571",
            "600",
            "771",
            "570",
            "772",
            "773",
            "924",
            "797",
            "836",
            "862",
            "837",
            "1061",
            "634",
            "994",
            "1062",
            "829",
            "801",
            "762",
            "1029",
            "1063",
            "568",
            "537",
            "802",
            "905",
            "699",
            "671",
            "636",
            "569",
            "900"
        ],
        "2": [
            "50",
            "17",
            "16",
            "15",
            "47",
            "48",
            "46",
            "44",
            "45",
            "43",
            "109",
            "10",
            "76",
            "42",
            "75",
            "9",
            "74",
            "110",
            "141",
            "41",
            "73",
            "106",
            "140",
            "174",
            "72",
            "173",
            "175",
            "139",
            "172",
            "206",
            "39",
            "240",
            "208",
            "241",
            "38",
            "273",
            "37",
            "274",
            "272",
            "5",
            "6",
            "70",
            "307",
            "36",
            "304",
            "303",
            "340",
            "69",
            "337",
            "3",
            "336",
            "2",
            "369",
            "68",
            "370",
            "341",
            "1",
            "34",
            "505",
            "501",
            "168",
            "166",
            "231",
            "566",
            "603",
            "200",
            "435",
            "438",
            "474",
            "637",
            "404",
            "472",
            "473"
        ],
        "3": [
            "541",
            "504",
            "503",
            "502",
            "470",
            "436",
            "533",
            "467",
            "371",
            "442",
            "377",
            "347",
            "344",
            "381",
            "382",
            "280",
            "380",
            "314",
            "247",
            "313",
            "349",
            "312",
            "316",
            "317",
            "318",
            "320",
            "286",
            "352",
            "319",
            "353",
            "321",
            "287",
            "354",
            "253",
            "220",
            "289",
            "288",
            "254",
            "387",
            "187",
            "221",
            "322",
            "355",
            "186",
            "420",
            "255",
            "323",
            "388",
            "290",
            "185",
            "291",
            "324",
            "257",
            "389",
            "486",
            "292",
            "184",
            "258",
            "325",
            "357",
            "224",
            "454",
            "453",
            "485",
            "390",
            "419",
            "259",
            "358",
            "191",
            "225",
            "487"
        ],
        "4": [
            "1058",
            "1059",
            "1025",
            "1057",
            "1056",
            "992",
            "1023",
            "1060",
            "991",
            "990",
            "1027",
            "1028",
            "925",
            "962",
            "929",
            "893",
            "859",
            "1031",
            "1065",
            "894",
            "826",
            "963",
            "860",
            "827",
            "1066",
            "895",
            "928",
            "793",
            "825",
            "828",
            "792",
            "795",
            "759",
            "761",
            "726",
            "693",
            "760",
            "727",
            "661",
            "628",
            "595",
            "596",
            "629",
            "594",
            "563",
            "530",
            "529",
            "528",
            "495",
            "561",
            "565",
            "606",
            "535",
            "331",
            "429",
            "543",
            "305",
            "672",
            "532",
            "441",
            "434",
            "508",
            "500",
            "468",
            "573"
        ],