{
    "Instance": "Center726_G18",
    "Objective": 342,
    "Infeasibility": 0.0,
    "Starting Time": 1711829552.5734553,
    "Time Taken": 62.944374084472656,
    "Initialization Time": 11.119580745697021,
    "nrInitSolutions": 100,
    "startingLambda": 0.1,
    "nrDistricts": 10,
    "lambdaRange": [
        0.1,
        0.4,
        0.7,
        1
    ],
    "delta": 0.05,
    "llambda": 0.7,
    "rcl_parameter": 0.3,
    "Allocation": {
        "0": [
            "214",
            "182",
            "215",
            "183",
            "151",
            "150",
            "118",
            "19",
            "85",
            "52",
            "18",
            "20",
            "17",
            "21",
            "16",
            "22",
            "49",
            "82",
            "81",
            "88",
            "89",
            "121",
            "122",
            "114",
            "123",
            "113",
            "147",
            "112",
            "156",
            "180",
            "189",
            "179",
            "190",
            "178",
            "191",
            "211",
            "244",
            "277",
            "245",
            "160",
            "126",
            "289",
            "159",
            "256",
            "125",
            "225",
            "224",
            "223",
            "290",
            "452",
            "526",
            "558",
            "32",
            "31",
            "315",
            "381",
            "414",
            "64",
            "63",
            "360",
            "319",
            "282",
            "249",
            "30",
            "250",
            "62",
            "393",
            "458",
            "489",
            "96"
        ],
        "1": [
            "1039",
            "1037",
            "1036",
            "1038",
            "1068",
            "1035",
            "1066",
            "1033",
            "1031",
            "1030",
            "1029",
            "1061",
            "996",
            "1060",
            "964",
            "965",
            "995",
            "963",
            "999",
            "1027",
            "932",
            "962",
            "994",
            "966",
            "930",
            "993",
            "1026",
            "967",
            "899",
            "960",
            "1025",
            "959",
            "992",
            "958",
            "957",
            "924",
            "991",
            "891",
            "900",
            "894",
            "925",
            "929",
            "901",
            "902",
            "903",
            "1023",
            "895",
            "1024",
            "861",
            "893",
            "1057",
            "860",
            "1056",
            "904",
            "937",
            "970",
            "859",
            "928",
            "892",
            "938",
            "826",
            "792",
            "825",
            "739",
            "836",
            "762",
            "710",
            "597",
            "365",
            "542"
        ],
        "2": [
            "940",
            "907",
            "908",
            "909",
            "910",
            "943",
            "977",
            "1042",
            "1012",
            "1041",
            "1045",
            "979",
            "1075",
            "1046",
            "1013",
            "1078",
            "1014",
            "1015",
            "913",
            "1079",
            "981",
            "947",
            "1048",
            "982",
            "914",
            "880",
            "1080",
            "1016",
            "915",
            "916",
            "884",
            "1017",
            "1049",
            "885",
            "918",
            "1082",
            "983",
            "1018",
            "1051",
            "1083",
            "985",
            "847",
            "850",
            "848",
            "817",
            "816",
            "950",
            "815",
            "984",
            "782",
            "814",
            "781",
            "749",
            "818",
            "783",
            "1050",
            "849",
            "780",
            "1084",
            "779",
            "778",
            "657",
            "922",
            "787",
            "724",
            "527",
            "158",
            "257",
            "157",
            "579"
        ],
        "3": [
            "13",
            "12",
            "11",
            "42",
            "8",
            "40",
            "7",
            "39",
            "72",
            "38",
            "105",
            "37",
            "71",
            "5",
            "138",
            "273",
            "70",
            "103",
            "272",
            "104",
            "137",
            "170",
            "305",
            "69",
            "4",
            "136",
            "68",
            "101",
            "135",
            "303",
            "3",
            "237",
            "100",
            "302",
            "236",
            "2",
            "269",
            "301",
            "268",
            "134",
            "167",
            "67",
            "266",
            "267",
            "299",
            "1",
            "232",
            "99",
            "298",
            "201",
            "0",
            "200",
            "199",
            "264",
            "35",
            "66",
            "198",
            "297",
            "265",
            "300",
            "330",
            "166",
            "270",
            "34",
            "736",
            "694",
            "1028",
            "1065",
            "1063",
            "1064",
            "1062",
            "998",
            "927",
            "677",
            "774",
            "933",
            "997",
            "500",
            "348"
        ],
        "4": [
            "512",
            "513",
            "514",
            "515",
            "548",
            "582",
            "583",
            "550",
            "585",
            "551",
            "578",
            "517",
            "617",
            "618",
            "552",
            "586",
            "619",
            "577",
            "484",
            "651",
            "650",
            "519",
            "587",
            "553",
            "451",
            "652",
            "684",
            "649",
            "485",
            "717",
            "486",
            "682",
            "715",
            "588",
            "555",
            "719",
            "522",
            "751",
            "490",
            "589",
            "621",
            "423",
            "654",
            "418",
            "491",
            "720",
            "590",
            "714",
            "623",
            "385",
            "487",
            "386",
            "685",
            "524",
            "653",
            "492",
            "525",
            "353",
            "523",
            "944",
            "1011",
            "980",
            "946",
            "949",
            "1047",
            "973",
            "919",
            "883",
            "612",
            "419",
            "389",
            "877"
        ],