{
    "Instance": "Center726_G25",
    "Objective": 331,
    "Infeasibility": 0.0,
    "Starting Time": 1711829128.33828,
    "Time Taken": 100.0896487236023,
    "Initialization Time": 11.212357759475708,
    "nrInitSolutions": 100,
    "startingLambda": 0.1,
    "nrDistricts": 10,
    "lambdaRange": [
        0.1,
        0.4,
        0.7,
        1
    ],
    "delta": 0.05,
    "llambda": 0.7,
    "rcl_parameter": 0.3,
    "Allocation": {
        "0": [
            "261",
            "294",
            "328",
            "225",
            "326",
            "192",
            "224",
            "160",
            "223",
            "191",
            "161",
            "394",
            "127",
            "189",
            "427",
            "188",
            "157",
            "126",
            "124",
            "125",
            "158",
            "156",
            "128",
            "94",
            "61",
            "187",
            "92",
            "96",
            "63",
            "28",
            "30",
            "29",
            "31",
            "154",
            "60",
            "59",
            "91",
            "26",
            "119",
            "152",
            "57",
            "89",
            "90",
            "23",
            "32",
            "56",
            "97",
            "88",
            "22",
            "122",
            "65",
            "64",
            "24",
            "93",
            "55",
            "25",
            "62",
            "193",
            "295",
            "482",
            "421",
            "986",
            "250",
            "890",
            "692",
            "758",
            "424",
            "953",
            "658",
            "657",
            "987",
            "690",
            "919",
            "821",
            "329",
            "475",
            "689"
        ],
        "1": [
            "239",
            "211",
            "273",
            "34",
            "271",
            "67",
            "337",
            "33",
            "66",
            "270",
            "103",
            "233",
            "435",
            "101",
            "334",
            "266",
            "267",
            "168",
            "231",
            "170",
            "204",
            "133",
            "363",
            "368",
            "302",
            "172",
            "431",
            "364",
            "269",
            "434",
            "268",
            "99",
            "165",
            "429",
            "298",
            "136",
            "400",
            "134",
            "201",
            "132",
            "432",
            "0",
            "167",
            "264",
            "332",
            "301",
            "397",
            "430",
            "234",
            "70",
            "135",
            "396",
            "171",
            "203",
            "169",
            "198",
            "297",
            "265",
            "300",
            "369",
            "367",
            "336",
            "402",
            "3",
            "166",
            "467",
            "463",
            "398",
            "742",
            "237",
            "303",
            "1023",
            "638",
            "472",
            "632",
            "666"
        ],
        "2": [
            "1056",
            "1057",
            "1024",
            "1025",
            "990",
            "992",
            "1026",
            "957",
            "959",
            "1060",
            "994",
            "1028",
            "958",
            "995",
            "1061",
            "925",
            "1030",
            "892",
            "964",
            "1063",
            "965",
            "929",
            "1032",
            "896",
            "891",
            "1033",
            "1064",
            "895",
            "1066",
            "1065",
            "825",
            "859",
            "792",
            "862",
            "793",
            "826",
            "760",
            "761",
            "759",
            "728",
            "726",
            "727",
            "694",
            "693",
            "660",
            "661",
            "627",
            "628",
            "595",
            "561",
            "495",
            "497",
            "464",
            "465",
            "496",
            "498",
            "462",
            "528",
            "860",
            "238",
            "236",
            "76",
            "11",
            "42",
            "145",
            "242",
            "208",
            "37",
            "243",
            "698",
            "6",
            "640",
            "827",
            "366",
            "365",
            "594",
            "833",
            "664",
            "665",
            "146"
        ],
        "3": [
            "1069",
            "1071",
            "1070",
            "1073",
            "1074",
            "1045",
            "980",
            "1078",
            "948",
            "914",
            "1047",
            "1015",
            "949",
            "1079",
            "915",
            "982",
            "882",
            "1048",
            "916",
            "1080",
            "913",
            "1016",
            "1017",
            "1049",
            "1081",
            "847",
            "879",
            "1018",
            "1050",
            "984",
            "1083",
            "985",
            "1084",
            "1082",
            "1085",
            "1052",
            "1086",
            "1087",
            "1054",
            "1055",
            "1088",
            "746",
            "777",
            "842",
            "778",
            "745",
            "843",
            "876",
            "908",
            "907",
            "874",
            "941",
            "973",
            "1020",
            "988",
            "854",
            "871",
            "839",
            "972",
            "755",
            "824",
            "617",
            "872",
            "974",
            "756",
            "952",
            "888",
            "918",
            "909",
            "1072",
            "1022",
            "820"
        ],
        "4": [
            "184",
            "217",
            "251",
            "249",
            "282",
            "315",
            "349",
            "348",
            "350",
            "515",
            "383",
            "517",
            "553",
            "485",
            "519",
            "418",
            "520",
            "554",
            "454",
            "419",
            "587",
            "386",
            "522",
            "590",
            "523",
            "622",
            "388",
            "619",
            "389",
            "591",
            "623",
            "655",
            "390",
            "356",
            "323",
            "392",
            "289",
            "324",
            "393",
            "359",
            "447",
            "256",
            "257",
            "226",
            "979",
            "260",
            "291",
            "1012",
            "358",
            "262",
            "1013",
            "625",
            "325",
            "791",
            "922",
            "1042",
            "889",
            "857",
            "790",
            "809",
            "757",
            "659",
            "881",
            "691",
            "880",
            "131",
            "159",
            "195",
            "229",
            "230",
            "787"
        ],