{
    "Instance": "Center726_G13",
    "Objective": 228,
    "Infeasibility": 0.0,
    "Starting Time": 1711829774.6449418,
    "Time Taken": 64.18857192993164,
    "Initialization Time": 11.02983570098877,
    "nrInitSolutions": 100,
    "startingLambda": 0.1,
    "nrDistricts": 10,
    "lambdaRange": [
        0.1,
        0.4,
        0.7,
        1
    ],
    "delta": 0.05,
    "llambda": 0.7,
    "rcl_parameter": 0.3,
    "Allocation": {
        "0": [
            "10",
            "43",
            "7",
            "107",
            "109",
            "6",
            "142",
            "106",
            "110",
            "139",
            "5",
            "138",
            "172",
            "137",
            "205",
            "136",
            "141",
            "104",
            "204",
            "38",
            "170",
            "238",
            "206",
            "111",
            "237",
            "71",
            "103",
            "135",
            "271",
            "168",
            "37",
            "203",
            "134",
            "236",
            "233",
            "36",
            "200",
            "3",
            "266",
            "235",
            "268",
            "70",
            "299",
            "2",
            "298",
            "300",
            "301",
            "267",
            "72",
            "35",
            "1",
            "232",
            "101",
            "133",
            "0",
            "165",
            "99",
            "100",
            "68",
            "231",
            "198",
            "166",
            "33",
            "67",
            "66",
            "244",
            "213",
            "214",
            "178",
            "147",
            "40",
            "114",
            "247",
            "215"
        ],
        "1": [
            "989",
            "1055",
            "1022",
            "1021",
            "1054",
            "1088",
            "1020",
            "1087",
            "1053",
            "1019",
            "1086",
            "987",
            "1052",
            "1085",
            "1051",
            "954",
            "955",
            "1050",
            "953",
            "1017",
            "1083",
            "922",
            "923",
            "952",
            "920",
            "1016",
            "889",
            "1082",
            "856",
            "983",
            "890",
            "951",
            "1015",
            "888",
            "887",
            "918",
            "855",
            "981",
            "917",
            "1014",
            "822",
            "854",
            "950",
            "948",
            "884",
            "851",
            "823",
            "949",
            "857",
            "885",
            "790",
            "824",
            "886",
            "852",
            "1081",
            "757",
            "819",
            "758",
            "723",
            "791",
            "560",
            "526",
            "461",
            "527",
            "494",
            "492",
            "455",
            "880",
            "515",
            "755",
            "711",
            "781",
            "484",
            "325",
            "686",
            "326"
        ],
        "2": [
            "1075",
            "1074",
            "1073",
            "1072",
            "1039",
            "1071",
            "1038",
            "971",
            "1037",
            "1004",
            "938",
            "937",
            "904",
            "902",
            "903",
            "901",
            "934",
            "900",
            "967",
            "1000",
            "933",
            "932",
            "899",
            "1033",
            "931",
            "1032",
            "898",
            "1066",
            "1031",
            "964",
            "930",
            "1065",
            "897",
            "896",
            "963",
            "929",
            "1067",
            "962",
            "895",
            "1064",
            "863",
            "1030",
            "998",
            "928",
            "830",
            "927",
            "1068",
            "1063",
            "996",
            "1062",
            "960",
            "994",
            "1061",
            "993",
            "1028",
            "959",
            "992",
            "1060",
            "1027",
            "1025",
            "1059",
            "1058",
            "894",
            "604",
            "829",
            "670",
            "767",
            "808"
        ],
        "3": [
            "541",
            "607",
            "574",
            "640",
            "642",
            "673",
            "641",
            "643",
            "644",
            "611",
            "612",
            "613",
            "514",
            "513",
            "448",
            "516",
            "549",
            "449",
            "518",
            "416",
            "519",
            "383",
            "451",
            "520",
            "486",
            "552",
            "487",
            "521",
            "553",
            "419",
            "453",
            "522",
            "554",
            "454",
            "586",
            "386",
            "420",
            "555",
            "489",
            "385",
            "422",
            "387",
            "353",
            "556",
            "352",
            "389",
            "388",
            "390",
            "354",
            "321",
            "589",
            "320",
            "557",
            "357",
            "286",
            "322",
            "622",
            "288",
            "558",
            "323",
            "525",
            "623",
            "591",
            "359",
            "424",
            "559",
            "524",
            "620",
            "619",
            "580",
            "391",
            "488",
            "717",
            "256"
        ],
        "4": [
            "164",
            "130",
            "197",
            "131",
            "196",
            "230",
            "263",
            "229",
            "129",
            "195",
            "296",
            "262",
            "228",
            "128",
            "194",
            "96",
            "162",
            "295",
            "261",
            "193",
            "161",
            "294",
            "260",
            "160",
            "192",
            "159",
            "191",
            "127",
            "293",
            "259",
            "95",
            "190",
            "328",
            "258",
            "291",
            "257",
            "63",
            "64",
            "360",
            "329",
            "292",
            "62",
            "358",
            "29",
            "425",
            "222",
            "458",
            "491",
            "30",
            "65",
            "32",
            "28",
            "31",
            "362",
            "395",
            "324",
            "426",
            "427",
            "27",
            "460",
            "394",
            "593",
            "319",
            "452",
            "493",
            "583",
            "616",
            "392",
            "481",
            "625",
            "691",
            "659",
            "692",
            "724",
            "690",
            "749"
        ],