{
    "Instance": "Center726_G17",
    "Objective": 241,
    "Infeasibility": 0.0,
    "Starting Time": 1711829056.8900332,
    "Time Taken": 71.44110250473022,
    "Initialization Time": 11.140633583068848,
    "nrInitSolutions": 100,
    "startingLambda": 0.1,
    "nrDistricts": 10,
    "lambdaRange": [
        0.1,
        0.4,
        0.7,
        1
    ],
    "delta": 0.05,
    "llambda": 0.7,
    "rcl_parameter": 0.3,
    "Allocation": {
        "0": [
            "570",
            "538",
            "667",
            "697",
            "627",
            "699",
            "732",
            "662",
            "731",
            "730",
            "473",
            "630",
            "442",
            "476",
            "475",
            "694",
            "510",
            "409",
            "474",
            "727",
            "760",
            "763",
            "543",
            "660",
            "729",
            "477",
            "728",
            "726",
            "762",
            "764",
            "661",
            "698",
            "967",
            "858",
            "833",
            "962",
            "895",
            "792",
            "1033",
            "766",
            "964",
            "840",
            "835",
            "577",
            "774",
            "775",
            "709",
            "932",
            "610",
            "1031",
            "928",
            "1066",
            "641",
            "807",
            "839",
            "741",
            "708",
            "707",
            "675",
            "642",
            "710",
            "644",
            "700",
            "711",
            "678",
            "567",
            "637",
            "872",
            "670",
            "1065",
            "679",
            "1000",
            "906",
            "1030",
            "801"
        ],
        "1": [
            "32",
            "31",
            "65",
            "161",
            "61",
            "160",
            "194",
            "163",
            "27",
            "159",
            "193",
            "93",
            "192",
            "26",
            "58",
            "225",
            "92",
            "126",
            "158",
            "197",
            "191",
            "224",
            "190",
            "291",
            "228",
            "292",
            "189",
            "257",
            "295",
            "325",
            "256",
            "91",
            "328",
            "327",
            "329",
            "156",
            "157",
            "326",
            "361",
            "25",
            "24",
            "261",
            "362",
            "394",
            "57",
            "154",
            "395",
            "152",
            "427",
            "217",
            "250",
            "428",
            "185",
            "56",
            "88",
            "22",
            "122",
            "218",
            "188",
            "121",
            "153",
            "260",
            "55",
            "352",
            "589",
            "787",
            "722",
            "485",
            "258",
            "162",
            "415"
        ],
        "2": [
            "1076",
            "1077",
            "1078",
            "1044",
            "1011",
            "1012",
            "1010",
            "978",
            "979",
            "1013",
            "945",
            "1046",
            "1009",
            "980",
            "1014",
            "981",
            "1047",
            "947",
            "1015",
            "1048",
            "1080",
            "982",
            "948",
            "983",
            "1016",
            "949",
            "1049",
            "1050",
            "950",
            "1017",
            "984",
            "1051",
            "916",
            "1082",
            "1018",
            "951",
            "1019",
            "1084",
            "919",
            "986",
            "987",
            "885",
            "954",
            "1085",
            "921",
            "955",
            "888",
            "889",
            "1086",
            "956",
            "923",
            "989",
            "1052",
            "1053",
            "887",
            "1054",
            "1021",
            "1022",
            "1055",
            "1088",
            "881",
            "913",
            "880",
            "847",
            "524",
            "452",
            "553",
            "824",
            "789",
            "555",
            "750",
            "518",
            "520",
            "659"
        ],
        "3": [
            "13",
            "14",
            "47",
            "48",
            "49",
            "50",
            "83",
            "51",
            "52",
            "18",
            "149",
            "117",
            "148",
            "150",
            "183",
            "147",
            "146",
            "176",
            "177",
            "178",
            "242",
            "208",
            "241",
            "274",
            "276",
            "277",
            "239",
            "278",
            "237",
            "236",
            "104",
            "279",
            "280",
            "313",
            "200",
            "168",
            "201",
            "6",
            "169",
            "267",
            "74",
            "300",
            "203",
            "202",
            "234",
            "266",
            "235",
            "271",
            "73",
            "167",
            "142",
            "172",
            "301",
            "268",
            "136",
            "199",
            "11",
            "145",
            "170",
            "173",
            "204",
            "141",
            "108",
            "166",
            "137",
            "400",
            "72",
            "43",
            "399",
            "297"
        ],
        "4": [
            "545",
            "513",
            "546",
            "514",
            "448",
            "481",
            "447",
            "382",
            "349",
            "350",
            "348",
            "351",
            "319",
            "385",
            "286",
            "253",
            "386",
            "418",
            "287",
            "451",
            "254",
            "420",
            "288",
            "354",
            "388",
            "255",
            "453",
            "289",
            "389",
            "421",
            "222",
            "322",
            "290",
            "223",
            "356",
            "355",
            "486",
            "323",
            "422",
            "357",
            "455",
            "456",
            "457",
            "490",
            "358",
            "391",
            "519",
            "392",
            "393",
            "424",
            "359",
            "360",
            "324",
            "423",
            "489",
            "123",
            "229",
            "97",
            "96",
            "29",
            "60",
            "62",
            "98",
            "28",
            "131",
            "296",
            "64",
            "30",
            "263",
            "262",
            "784"
        ],