{
    "Instance": "Center726_G9",
    "Objective": 239,
    "Infeasibility": 0.0,
    "Starting Time": 1692560040.6489284,
    "Time Taken": 58.57740497589111,
    "Initialization Time": 12.25950813293457,
    "nrInitSolutions": 100,
    "startingLambda": 0.1,
    "nrDistricts": 10,
    "lambdaRange": [
        0.1,
        0.4,
        0.7,
        1
    ],
    "delta": 0.05,
    "llambda": 0.7,
    "rcl_parameter": 0.3,
    "Allocation": {
        "0": [
            "200",
            "199",
            "231",
            "167",
            "333",
            "198",
            "365",
            "168",
            "166",
            "134",
            "165",
            "135",
            "364",
            "102",
            "104",
            "105",
            "132",
            "71",
            "171",
            "429",
            "363",
            "330",
            "70",
            "529",
            "528",
            "106",
            "37",
            "99",
            "172",
            "72",
            "173",
            "66",
            "139",
            "205",
            "39",
            "67",
            "101",
            "36",
            "4",
            "138",
            "174",
            "68",
            "9",
            "207",
            "77",
            "40",
            "2",
            "7",
            "33",
            "142",
            "109",
            "45",
            "10",
            "42",
            "46",
            "5",
            "111",
            "73",
            "38",
            "3",
            "35",
            "76",
            "8",
            "206",
            "78",
            "43",
            "0",
            "41",
            "239",
            "1",
            "74",
            "6",
            "11",
            "175",
            "75",
            "112",
            "603"
        ],
        "1": [
            "1041",
            "1075",
            "1074",
            "1076",
            "1043",
            "1044",
            "1045",
            "1046",
            "1078",
            "1012",
            "1079",
            "1047",
            "1013",
            "1080",
            "1048",
            "979",
            "946",
            "980",
            "1014",
            "1081",
            "981",
            "1015",
            "1082",
            "948",
            "1016",
            "1083",
            "983",
            "1084",
            "1017",
            "1085",
            "1050",
            "1052",
            "950",
            "984",
            "1051",
            "985",
            "1086",
            "986",
            "953",
            "954",
            "921",
            "922",
            "888",
            "1053",
            "955",
            "951",
            "889",
            "987",
            "920",
            "1054",
            "1019",
            "952",
            "956",
            "890",
            "989",
            "1087",
            "1022",
            "1088",
            "1055",
            "1020",
            "923",
            "750",
            "656",
            "718",
            "652",
            "692",
            "778"
        ],
        "2": [
            "317",
            "284",
            "283",
            "250",
            "249",
            "216",
            "183",
            "184",
            "151",
            "152",
            "187",
            "154",
            "153",
            "219",
            "188",
            "220",
            "218",
            "189",
            "190",
            "223",
            "156",
            "191",
            "123",
            "124",
            "256",
            "192",
            "122",
            "158",
            "90",
            "125",
            "225",
            "91",
            "289",
            "193",
            "159",
            "92",
            "290",
            "59",
            "26",
            "291",
            "292",
            "323",
            "356",
            "322",
            "325",
            "324",
            "321",
            "259",
            "358",
            "355",
            "354",
            "25",
            "389",
            "387",
            "391",
            "24",
            "422",
            "455",
            "421",
            "23",
            "22",
            "56",
            "55",
            "453",
            "555",
            "484",
            "519",
            "620",
            "491",
            "320",
            "517"
        ],
        "3": [
            "872",
            "905",
            "939",
            "906",
            "972",
            "1005",
            "1038",
            "1070",
            "1072",
            "1071",
            "1069",
            "1068",
            "1035",
            "1001",
            "1002",
            "1000",
            "966",
            "967",
            "965",
            "933",
            "932",
            "998",
            "964",
            "900",
            "899",
            "997",
            "1031",
            "898",
            "901",
            "931",
            "1030",
            "1064",
            "897",
            "996",
            "902",
            "1063",
            "930",
            "865",
            "1065",
            "864",
            "1062",
            "1029",
            "929",
            "863",
            "1066",
            "830",
            "802",
            "861",
            "831",
            "827",
            "770",
            "796",
            "828",
            "959",
            "834",
            "1026",
            "957",
            "962",
            "767",
            "1057",
            "801",
            "894",
            "793",
            "794",
            "862",
            "867",
            "771"
        ],
        "4": [
            "581",
            "615",
            "616",
            "583",
            "584",
            "550",
            "551",
            "585",
            "586",
            "618",
            "451",
            "553",
            "483",
            "485",
            "587",
            "651",
            "482",
            "554",
            "520",
            "418",
            "486",
            "650",
            "521",
            "588",
            "684",
            "419",
            "385",
            "481",
            "386",
            "522",
            "454",
            "556",
            "352",
            "683",
            "448",
            "589",
            "488",
            "353",
            "523",
            "415",
            "490",
            "682",
            "622",
            "524",
            "489",
            "557",
            "653",
            "654",
            "480",
            "715",
            "621",
            "623",
            "686",
            "319",
            "287",
            "479",
            "478",
            "477",
            "655",
            "510",
            "446",
            "413",
            "314",
            "281",
            "347",
            "380",
            "816",
            "689",
            "543",
            "507",
            "541",
            "508",
            "542",
            "575",
            "608",
            "641"
        ],