{
    "Instance": "Center726_G28",
    "Objective": 226,
    "Infeasibility": 0.0,
    "Starting Time": 1711829380.9409878,
    "Time Taken": 45.922704458236694,
    "Initialization Time": 11.364591836929321,
    "nrInitSolutions": 100,
    "startingLambda": 0.1,
    "nrDistricts": 10,
    "lambdaRange": [
        0.1,
        0.4,
        0.7,
        1
    ],
    "delta": 0.05,
    "llambda": 0.7,
    "rcl_parameter": 0.3,
    "Allocation": {
        "0": [
            "1078",
            "1045",
            "1079",
            "1046",
            "1047",
            "1080",
            "1013",
            "1048",
            "980",
            "1014",
            "981",
            "1015",
            "979",
            "1081",
            "1050",
            "982",
            "1016",
            "1017",
            "1051",
            "983",
            "984",
            "949",
            "1018",
            "1083",
            "946",
            "950",
            "1084",
            "978",
            "1052",
            "916",
            "952",
            "1019",
            "918",
            "917",
            "1053",
            "986",
            "977",
            "1010",
            "987",
            "1020",
            "1054",
            "1021",
            "1055",
            "1022",
            "953",
            "1009",
            "1042",
            "1086",
            "989",
            "1087",
            "1041",
            "1088",
            "954",
            "956",
            "923",
            "1040",
            "890",
            "921",
            "1039",
            "1072",
            "889",
            "1038",
            "922",
            "1004",
            "819",
            "850",
            "757",
            "720"
        ],
        "1": [
            "48",
            "47",
            "46",
            "79",
            "145",
            "112",
            "111",
            "110",
            "109",
            "76",
            "108",
            "142",
            "75",
            "43",
            "141",
            "44",
            "107",
            "42",
            "10",
            "74",
            "140",
            "11",
            "174",
            "106",
            "41",
            "173",
            "139",
            "73",
            "8",
            "105",
            "172",
            "138",
            "40",
            "104",
            "205",
            "72",
            "238",
            "171",
            "239",
            "170",
            "103",
            "70",
            "69",
            "272",
            "39",
            "6",
            "7",
            "305",
            "71",
            "38",
            "36",
            "5",
            "37",
            "306",
            "4",
            "240",
            "3",
            "2",
            "307",
            "241",
            "242",
            "137",
            "243",
            "244",
            "245",
            "208",
            "210",
            "278",
            "279",
            "311",
            "280",
            "335",
            "268",
            "269",
            "206"
        ],
        "2": [
            "709",
            "675",
            "642",
            "676",
            "674",
            "706",
            "707",
            "739",
            "772",
            "771",
            "773",
            "804",
            "803",
            "774",
            "837",
            "802",
            "835",
            "870",
            "775",
            "808",
            "801",
            "834",
            "800",
            "833",
            "868",
            "841",
            "768",
            "867",
            "799",
            "901",
            "767",
            "735",
            "832",
            "766",
            "900",
            "866",
            "934",
            "865",
            "734",
            "864",
            "898",
            "931",
            "863",
            "765",
            "932",
            "732",
            "731",
            "897",
            "699",
            "702",
            "899",
            "965",
            "935",
            "966",
            "936",
            "736",
            "969",
            "700",
            "666",
            "703",
            "670",
            "661",
            "999",
            "827",
            "466",
            "728",
            "828",
            "471",
            "339"
        ],
        "3": [
            "149",
            "117",
            "84",
            "118",
            "119",
            "51",
            "121",
            "120",
            "122",
            "88",
            "89",
            "123",
            "155",
            "56",
            "55",
            "156",
            "124",
            "23",
            "90",
            "188",
            "157",
            "189",
            "57",
            "22",
            "91",
            "92",
            "126",
            "24",
            "58",
            "25",
            "59",
            "127",
            "159",
            "60",
            "192",
            "61",
            "27",
            "28",
            "26",
            "62",
            "161",
            "162",
            "194",
            "94",
            "95",
            "195",
            "63",
            "96",
            "29",
            "64",
            "31",
            "129",
            "228",
            "261",
            "97",
            "128",
            "262",
            "196",
            "130",
            "32",
            "229",
            "98",
            "230",
            "197",
            "131",
            "295",
            "263",
            "164",
            "328",
            "296",
            "329",
            "30",
            "550"
        ],
        "4": [
            "376",
            "377",
            "410",
            "443",
            "411",
            "442",
            "476",
            "475",
            "508",
            "541",
            "507",
            "542",
            "506",
            "575",
            "505",
            "543",
            "538",
            "472",
            "544",
            "571",
            "537",
            "439",
            "604",
            "470",
            "438",
            "536",
            "572",
            "603",
            "469",
            "637",
            "503",
            "605",
            "535",
            "437",
            "436",
            "502",
            "534",
            "567",
            "568",
            "566",
            "636",
            "635",
            "565",
            "600",
            "404",
            "633",
            "668",
            "667",
            "569",
            "606",
            "468",
            "405",
            "669",
            "371",
            "467",
            "372",
            "607",
            "500",
            "533",
            "601",
            "499",
            "599",
            "532",
            "531",
            "373",
            "340",
            "564",
            "597",
            "563",
            "829",
            "962",
            "628",
            "660"
        ],