{
    "Instance": "Center726_G22",
    "Objective": 231,
    "Infeasibility": 0.0,
    "Starting Time": 1711829030.0277336,
    "Time Taken": 64.04916071891785,
    "Initialization Time": 11.356365442276001,
    "nrInitSolutions": 100,
    "startingLambda": 0.1,
    "nrDistricts": 10,
    "lambdaRange": [
        0.1,
        0.4,
        0.7,
        1
    ],
    "delta": 0.05,
    "llambda": 0.7,
    "rcl_parameter": 0.3,
    "Allocation": {
        "0": [
            "63",
            "30",
            "62",
            "95",
            "64",
            "61",
            "29",
            "31",
            "97",
            "130",
            "32",
            "98",
            "129",
            "295",
            "296",
            "329",
            "362",
            "263",
            "361",
            "230",
            "425",
            "426",
            "395",
            "428",
            "459",
            "427",
            "197",
            "492",
            "457",
            "458",
            "394",
            "490",
            "461",
            "685",
            "649",
            "650",
            "616",
            "787",
            "583",
            "585",
            "651",
            "656",
            "588",
            "556",
            "789",
            "756",
            "757",
            "614",
            "723",
            "615",
            "754",
            "688",
            "527",
            "682",
            "617",
            "788",
            "822",
            "790",
            "654",
            "625",
            "555",
            "613",
            "552",
            "684",
            "652",
            "584",
            "586",
            "717",
            "28",
            "619",
            "716",
            "524",
            "653",
            "587"
        ],
        "1": [
            "1070",
            "1038",
            "1071",
            "1039",
            "1040",
            "1006",
            "1041",
            "1008",
            "973",
            "972",
            "906",
            "939",
            "873",
            "907",
            "840",
            "872",
            "908",
            "807",
            "941",
            "806",
            "808",
            "805",
            "942",
            "809",
            "772",
            "770",
            "810",
            "771",
            "769",
            "811",
            "778",
            "736",
            "735",
            "801",
            "767",
            "703",
            "734",
            "701",
            "668",
            "700",
            "670",
            "733",
            "732",
            "704",
            "671",
            "702",
            "699",
            "635",
            "667",
            "731",
            "698",
            "666",
            "633",
            "697",
            "665",
            "565",
            "637",
            "468",
            "471",
            "504",
            "472",
            "505",
            "503",
            "470",
            "536",
            "502",
            "500",
            "797",
            "602",
            "603"
        ],
        "2": [
            "2",
            "1",
            "0",
            "34",
            "33",
            "67",
            "66",
            "99",
            "132",
            "134",
            "167",
            "133",
            "136",
            "200",
            "166",
            "199",
            "233",
            "137",
            "138",
            "170",
            "234",
            "232",
            "202",
            "37",
            "171",
            "203",
            "265",
            "235",
            "105",
            "72",
            "4",
            "39",
            "6",
            "5",
            "7",
            "264",
            "236",
            "36",
            "73",
            "38",
            "40",
            "298",
            "267",
            "297",
            "231",
            "8",
            "330",
            "9",
            "268",
            "299",
            "172",
            "331",
            "10",
            "42",
            "43",
            "11",
            "106",
            "275",
            "76",
            "336",
            "252",
            "279",
            "269",
            "380",
            "282",
            "302",
            "109",
            "251",
            "107",
            "277"
        ],
        "3": [
            "1088",
            "1055",
            "1054",
            "1019",
            "987",
            "1085",
            "1018",
            "986",
            "1051",
            "1084",
            "985",
            "1017",
            "984",
            "989",
            "1050",
            "955",
            "920",
            "1049",
            "1083",
            "918",
            "1082",
            "950",
            "919",
            "887",
            "1048",
            "917",
            "885",
            "1081",
            "854",
            "889",
            "949",
            "948",
            "884",
            "1047",
            "1014",
            "916",
            "1046",
            "886",
            "982",
            "1079",
            "947",
            "946",
            "890",
            "914",
            "1078",
            "1080",
            "915",
            "881",
            "821",
            "1077",
            "923",
            "980",
            "1045",
            "820",
            "977",
            "882",
            "791",
            "913",
            "912",
            "1012",
            "979",
            "857",
            "786",
            "1013",
            "853",
            "578",
            "888",
            "456",
            "783",
            "748",
            "612"
        ],
        "4": [
            "1059",
            "1057",
            "1058",
            "1024",
            "1023",
            "990",
            "957",
            "924",
            "925",
            "891",
            "858",
            "892",
            "859",
            "893",
            "825",
            "826",
            "894",
            "792",
            "860",
            "895",
            "861",
            "759",
            "927",
            "793",
            "896",
            "928",
            "794",
            "828",
            "960",
            "862",
            "795",
            "726",
            "897",
            "959",
            "829",
            "863",
            "693",
            "898",
            "796",
            "763",
            "762",
            "761",
            "660",
            "728",
            "694",
            "729",
            "627",
            "594",
            "661",
            "595",
            "696",
            "596",
            "662",
            "597",
            "564",
            "629",
            "563",
            "628",
            "529",
            "398",
            "498",
            "465",
            "399",
            "400",
            "538",
            "366",
            "365",
            "1002",
            "431",
            "969",
            "768"
        ],