{
    "Instance": "Corners726_G5",
    "Objective": 246,
    "Infeasibility": 0.0,
    "Starting Time": 1692559883.2057242,
    "Time Taken": 68.27418327331543,
    "Initialization Time": 11.635308742523193,
    "nrInitSolutions": 100,
    "startingLambda": 0.1,
    "nrDistricts": 10,
    "lambdaRange": [
        0.1,
        0.4,
        0.7,
        1
    ],
    "delta": 0.05,
    "llambda": 0.7,
    "rcl_parameter": 0.3,
    "Allocation": {
        "0": [
            "365",
            "399",
            "366",
            "367",
            "268",
            "301",
            "334",
            "267",
            "234",
            "266",
            "233",
            "299",
            "265",
            "200",
            "232",
            "298",
            "203",
            "297",
            "204",
            "199",
            "305",
            "202",
            "198",
            "330",
            "169",
            "206",
            "173",
            "171",
            "168",
            "403",
            "135",
            "102",
            "69",
            "136",
            "70",
            "71",
            "68",
            "38",
            "67",
            "5",
            "66",
            "75",
            "74",
            "100",
            "43",
            "109",
            "34",
            "8",
            "41",
            "76",
            "104",
            "1",
            "40",
            "6",
            "105",
            "4",
            "137",
            "10",
            "9",
            "110",
            "79",
            "77",
            "12",
            "37",
            "72",
            "11",
            "73",
            "2",
            "78",
            "111",
            "207",
            "244"
        ],
        "1": [
            "985",
            "952",
            "919",
            "918",
            "917",
            "950",
            "983",
            "949",
            "982",
            "1015",
            "981",
            "980",
            "1014",
            "1047",
            "1048",
            "1049",
            "1080",
            "1050",
            "1051",
            "1083",
            "1017",
            "1052",
            "1053",
            "1054",
            "1020",
            "1055",
            "987",
            "1088",
            "989",
            "954",
            "1022",
            "888",
            "921",
            "855",
            "854",
            "887",
            "822",
            "823",
            "856",
            "857",
            "821",
            "789",
            "788",
            "820",
            "890",
            "790",
            "787",
            "757",
            "786",
            "754",
            "791",
            "758",
            "785",
            "752",
            "756",
            "722",
            "721",
            "755",
            "723",
            "720",
            "688",
            "690",
            "724",
            "658",
            "655",
            "624",
            "657",
            "625"
        ],
        "2": [
            "1075",
            "1074",
            "1073",
            "1040",
            "974",
            "1007",
            "941",
            "975",
            "973",
            "972",
            "907",
            "1005",
            "940",
            "906",
            "905",
            "873",
            "872",
            "904",
            "938",
            "903",
            "937",
            "936",
            "870",
            "871",
            "902",
            "935",
            "901",
            "934",
            "868",
            "900",
            "933",
            "967",
            "867",
            "899",
            "1000",
            "932",
            "966",
            "931",
            "965",
            "930",
            "929",
            "866",
            "928",
            "833",
            "896",
            "897",
            "864",
            "831",
            "863",
            "962",
            "998",
            "1033",
            "963",
            "1032",
            "1001",
            "1031",
            "1034",
            "1064",
            "1063",
            "1067",
            "1068",
            "1030",
            "1069",
            "1070",
            "997",
            "1071",
            "1002",
            "1003",
            "835",
            "731",
            "806",
            "642",
            "732",
            "573",
            "727"
        ],
        "3": [
            "851",
            "882",
            "850",
            "849",
            "915",
            "848",
            "847",
            "914",
            "881",
            "913",
            "946",
            "911",
            "912",
            "945",
            "910",
            "978",
            "977",
            "812",
            "943",
            "1011",
            "1010",
            "844",
            "813",
            "778",
            "1043",
            "1044",
            "810",
            "780",
            "843",
            "746",
            "1077",
            "745",
            "809",
            "781",
            "712",
            "713",
            "808",
            "679",
            "841",
            "775",
            "776",
            "875",
            "646",
            "613",
            "1078",
            "678",
            "742",
            "614",
            "648",
            "582",
            "580",
            "548",
            "549",
            "514",
            "516",
            "483",
            "515",
            "484",
            "485",
            "449",
            "384",
            "486",
            "518",
            "383",
            "418",
            "551",
            "419",
            "382",
            "453",
            "319",
            "318",
            "444",
            "353",
            "350"
        ],
        "4": [
            "1028",
            "1026",
            "1027",
            "1060",
            "1058",
            "1025",
            "1059",
            "1057",
            "1024",
            "991",
            "1056",
            "958",
            "1023",
            "959",
            "925",
            "892",
            "924",
            "960",
            "891",
            "826",
            "859",
            "825",
            "792",
            "759",
            "726",
            "694",
            "661",
            "662",
            "628",
            "595",
            "663",
            "627",
            "664",
            "697",
            "729",
            "696",
            "631",
            "665",
            "666",
            "632",
            "762",
            "795",
            "763",
            "828",
            "764",
            "796",
            "829",
            "861",
            "797",
            "765",
            "894",
            "862",
            "534",
            "567",
            "496",
            "563",
            "433",
            "568",
            "766",
            "499",
            "566",
            "531",
            "830",
            "533",
            "465",
            "497",
            "564",
            "498",
            "532",
            "502",
            "597",
            "535",
            "434"
        ],