{
    "Instance": "Corners726_G15",
    "Objective": 210,
    "Infeasibility": 0.0,
    "Starting Time": 1711829179.8741028,
    "Time Taken": 51.97663497924805,
    "Initialization Time": 11.168607473373413,
    "nrInitSolutions": 100,
    "startingLambda": 0.1,
    "nrDistricts": 10,
    "lambdaRange": [
        0.1,
        0.4,
        0.7,
        1
    ],
    "delta": 0.05,
    "llambda": 0.7,
    "rcl_parameter": 0.3,
    "Allocation": {
        "0": [
            "441",
            "408",
            "407",
            "375",
            "406",
            "376",
            "374",
            "405",
            "341",
            "439",
            "472",
            "340",
            "438",
            "372",
            "308",
            "307",
            "437",
            "471",
            "306",
            "504",
            "305",
            "537",
            "503",
            "272",
            "538",
            "338",
            "570",
            "502",
            "603",
            "271",
            "539",
            "569",
            "469",
            "238",
            "568",
            "540",
            "636",
            "601",
            "507",
            "637",
            "541",
            "669",
            "573",
            "635",
            "606",
            "634",
            "600",
            "574",
            "702",
            "638",
            "668",
            "639",
            "667",
            "666",
            "703",
            "734",
            "672",
            "704",
            "673",
            "737",
            "609",
            "644",
            "575",
            "576",
            "799",
            "802",
            "771",
            "643",
            "801",
            "833",
            "800"
        ],
        "1": [
            "236",
            "204",
            "203",
            "171",
            "172",
            "173",
            "174",
            "140",
            "206",
            "175",
            "207",
            "107",
            "141",
            "176",
            "106",
            "209",
            "240",
            "73",
            "110",
            "210",
            "72",
            "241",
            "242",
            "40",
            "243",
            "111",
            "145",
            "211",
            "71",
            "76",
            "103",
            "41",
            "43",
            "75",
            "7",
            "112",
            "6",
            "8",
            "44",
            "113",
            "5",
            "146",
            "179",
            "212",
            "245",
            "42",
            "278",
            "279",
            "12",
            "46",
            "77",
            "11",
            "310",
            "80",
            "277",
            "4",
            "280",
            "47",
            "1",
            "84",
            "85",
            "36",
            "117",
            "166",
            "231",
            "101",
            "114",
            "165"
        ],
        "2": [
            "1088",
            "1055",
            "1087",
            "1086",
            "1022",
            "1054",
            "1053",
            "1021",
            "988",
            "1019",
            "1085",
            "987",
            "954",
            "989",
            "953",
            "952",
            "951",
            "985",
            "919",
            "984",
            "918",
            "885",
            "886",
            "917",
            "983",
            "1017",
            "982",
            "1016",
            "1050",
            "888",
            "949",
            "1051",
            "981",
            "1014",
            "787",
            "855",
            "788",
            "1013",
            "1012",
            "1047",
            "1080",
            "915",
            "1079",
            "856",
            "1081",
            "1082",
            "882",
            "1011",
            "857",
            "822",
            "824",
            "914",
            "1078",
            "1048",
            "849",
            "890",
            "913",
            "923",
            "880",
            "922",
            "881",
            "945",
            "1010",
            "847",
            "814",
            "1009",
            "813",
            "943",
            "911",
            "878",
            "845",
            "688",
            "553",
            "1020",
            "875"
        ],
        "3": [
            "65",
            "64",
            "97",
            "130",
            "96",
            "129",
            "131",
            "195",
            "162",
            "164",
            "161",
            "194",
            "196",
            "229",
            "227",
            "226",
            "260",
            "259",
            "225",
            "293",
            "292",
            "294",
            "325",
            "291",
            "258",
            "326",
            "324",
            "290",
            "359",
            "295",
            "358",
            "323",
            "289",
            "357",
            "391",
            "392",
            "296",
            "393",
            "322",
            "329",
            "425",
            "394",
            "360",
            "395",
            "428",
            "361",
            "288",
            "482",
            "413",
            "384",
            "188",
            "158",
            "189",
            "153",
            "411",
            "287",
            "480",
            "347",
            "448",
            "88",
            "418",
            "518",
            "349",
            "121",
            "486",
            "485",
            "157"
        ],
        "4": [
            "266",
            "268",
            "267",
            "301",
            "334",
            "335",
            "336",
            "303",
            "401",
            "368",
            "434",
            "400",
            "402",
            "435",
            "433",
            "399",
            "403",
            "432",
            "398",
            "466",
            "366",
            "465",
            "364",
            "365",
            "397",
            "332",
            "464",
            "430",
            "497",
            "363",
            "331",
            "298",
            "330",
            "530",
            "297",
            "529",
            "264",
            "562",
            "564",
            "565",
            "198",
            "528",
            "495",
            "598",
            "566",
            "232",
            "532",
            "199",
            "533",
            "462",
            "500",
            "132",
            "534",
            "133",
            "200",
            "167",
            "100",
            "99",
            "134",
            "67",
            "66",
            "68",
            "35",
            "2",
            "136",
            "104",
            "169",
            "70",
            "168",
            "135",
            "105"
        ],