{
    "Instance": "Corners726_G21",
    "Objective": 250,
    "Infeasibility": 0.09981357675139346,
    "Starting Time": 1711829759.5991337,
    "Time Taken": 98.95163702964783,
    "Initialization Time": 10.822088241577148,
    "nrInitSolutions": 100,
    "startingLambda": 0.1,
    "nrDistricts": 10,
    "lambdaRange": [
        0.1,
        0.4,
        0.7,
        1
    ],
    "delta": 0.05,
    "llambda": 0.7,
    "rcl_parameter": 0.3,
    "Allocation": {
        "0": [
            "5",
            "11",
            "13",
            "48",
            "17",
            "212",
            "177",
            "278",
            "277",
            "276",
            "279",
            "312",
            "247",
            "309",
            "248",
            "243",
            "345",
            "217",
            "250",
            "342",
            "346",
            "249",
            "347",
            "341",
            "242",
            "181",
            "180",
            "283",
            "216",
            "314",
            "343",
            "316",
            "183",
            "218",
            "182",
            "375",
            "215",
            "151",
            "184",
            "147",
            "411",
            "350",
            "344",
            "409",
            "349",
            "410",
            "284",
            "380",
            "285",
            "382",
            "377",
            "442",
            "348",
            "318",
            "383",
            "475",
            "543",
            "512",
            "574",
            "541",
            "540",
            "413",
            "508",
            "510",
            "319",
            "573",
            "544",
            "10",
            "6",
            "43"
        ],
        "1": [
            "492",
            "526",
            "493",
            "494",
            "559",
            "592",
            "527",
            "625",
            "558",
            "591",
            "623",
            "593",
            "624",
            "656",
            "657",
            "690",
            "622",
            "621",
            "691",
            "654",
            "723",
            "724",
            "692",
            "589",
            "620",
            "725",
            "619",
            "757",
            "659",
            "686",
            "556",
            "758",
            "586",
            "555",
            "791",
            "553",
            "522",
            "857",
            "719",
            "752",
            "718",
            "856",
            "720",
            "890",
            "721",
            "688",
            "751",
            "855",
            "754",
            "822",
            "784",
            "923",
            "854",
            "787",
            "820",
            "819",
            "788",
            "821",
            "887",
            "920",
            "956",
            "823",
            "786",
            "954",
            "987",
            "783",
            "1020",
            "817",
            "1087",
            "986",
            "1019",
            "1088",
            "1053",
            "988",
            "1055",
            "1086"
        ],
        "2": [
            "332",
            "331",
            "364",
            "298",
            "330",
            "297",
            "363",
            "429",
            "396",
            "462",
            "431",
            "430",
            "464",
            "497",
            "398",
            "399",
            "530",
            "529",
            "562",
            "531",
            "595",
            "561",
            "564",
            "565",
            "597",
            "532",
            "533",
            "630",
            "566",
            "599",
            "631",
            "629",
            "632",
            "697",
            "664",
            "665",
            "730",
            "763",
            "731",
            "764",
            "732",
            "729",
            "765",
            "798",
            "733",
            "699",
            "762",
            "795",
            "794",
            "827",
            "826",
            "825",
            "792",
            "858",
            "759",
            "891",
            "760",
            "727",
            "694",
            "693",
            "660",
            "570",
            "602",
            "569",
            "700",
            "571",
            "605",
            "503",
            "635",
            "636",
            "638",
            "536",
            "537",
            "568",
            "601",
            "606"
        ],
        "3": [
            "925",
            "958",
            "991",
            "990",
            "960",
            "992",
            "993",
            "927",
            "961",
            "894",
            "928",
            "893",
            "895",
            "929",
            "962",
            "861",
            "862",
            "995",
            "963",
            "1028",
            "996",
            "829",
            "1061",
            "1027",
            "830",
            "1062",
            "1060",
            "1059",
            "1064",
            "1030",
            "1031",
            "1058",
            "1065",
            "1032",
            "1057",
            "1033",
            "999",
            "966",
            "1034",
            "1035",
            "965",
            "933",
            "934",
            "935",
            "932",
            "968",
            "1001",
            "967",
            "900",
            "899",
            "898",
            "897",
            "866",
            "902",
            "1002",
            "833",
            "834",
            "801",
            "835",
            "867",
            "767",
            "836",
            "864",
            "771",
            "868",
            "768",
            "832",
            "800",
            "769",
            "1070",
            "770",
            "1009",
            "1008"
        ],
        "4": [
            "456",
            "424",
            "457",
            "423",
            "391",
            "490",
            "392",
            "393",
            "426",
            "394",
            "361",
            "395",
            "362",
            "328",
            "428",
            "295",
            "327",
            "294",
            "296",
            "326",
            "229",
            "261",
            "263",
            "228",
            "196",
            "260",
            "195",
            "292",
            "230",
            "259",
            "197",
            "227",
            "324",
            "291",
            "323",
            "322",
            "357",
            "289",
            "321",
            "256",
            "355",
            "354",
            "387",
            "288",
            "356",
            "389",
            "420",
            "421",
            "454",
            "453",
            "353",
            "52",
            "117",
            "116",
            "21",
            "85",
            "19",
            "82",
            "86",
            "120",
            "51",
            "54",
            "84",
            "119",
            "83",
            "115",
            "156",
            "64",
            "62",
            "128",
            "123",
            "262"
        ],