{
    "Instance": "Corners726_G26",
    "Objective": 240,
    "Infeasibility": 0.0,
    "Starting Time": 1711828774.605268,
    "Time Taken": 80.4107596874237,
    "Initialization Time": 11.136160373687744,
    "nrInitSolutions": 100,
    "startingLambda": 0.1,
    "nrDistricts": 10,
    "lambdaRange": [
        0.1,
        0.4,
        0.7,
        1
    ],
    "delta": 0.05,
    "llambda": 0.7,
    "rcl_parameter": 0.3,
    "Allocation": {
        "0": [
            "693",
            "660",
            "726",
            "694",
            "759",
            "661",
            "695",
            "760",
            "792",
            "793",
            "761",
            "696",
            "663",
            "794",
            "762",
            "697",
            "763",
            "826",
            "730",
            "698",
            "827",
            "630",
            "860",
            "597",
            "859",
            "858",
            "665",
            "596",
            "861",
            "891",
            "893",
            "894",
            "862",
            "895",
            "632",
            "927",
            "599",
            "633",
            "566",
            "563",
            "924",
            "634",
            "567",
            "562",
            "925",
            "565",
            "958",
            "534",
            "532",
            "601",
            "600",
            "501",
            "500",
            "499",
            "957",
            "561",
            "530",
            "990",
            "991",
            "528",
            "1024",
            "495",
            "1023",
            "462",
            "463",
            "992",
            "1056",
            "1025",
            "993",
            "496",
            "1058",
            "1059"
        ],
        "1": [
            "297",
            "265",
            "264",
            "231",
            "198",
            "199",
            "165",
            "166",
            "200",
            "133",
            "167",
            "100",
            "99",
            "101",
            "67",
            "1",
            "35",
            "0",
            "36",
            "3",
            "70",
            "103",
            "71",
            "104",
            "136",
            "137",
            "169",
            "170",
            "138",
            "135",
            "202",
            "235",
            "236",
            "268",
            "267",
            "301",
            "300",
            "333",
            "366",
            "332",
            "365",
            "399",
            "432",
            "364",
            "465",
            "431",
            "397",
            "396",
            "9",
            "45",
            "44",
            "75",
            "74",
            "41",
            "209",
            "243",
            "176",
            "76",
            "12",
            "11",
            "304",
            "47",
            "207",
            "240",
            "141",
            "73",
            "145",
            "239",
            "10",
            "438",
            "238",
            "206"
        ],
        "2": [
            "1088",
            "1054",
            "1087",
            "1021",
            "1019",
            "1020",
            "988",
            "1018",
            "987",
            "986",
            "1051",
            "985",
            "953",
            "1084",
            "1050",
            "1083",
            "920",
            "1082",
            "1085",
            "921",
            "922",
            "888",
            "923",
            "855",
            "890",
            "822",
            "956",
            "821",
            "823",
            "789",
            "788",
            "820",
            "787",
            "790",
            "824",
            "791",
            "757",
            "819",
            "754",
            "753",
            "818",
            "785",
            "758",
            "784",
            "721",
            "720",
            "786",
            "691",
            "725",
            "817",
            "658",
            "689",
            "657",
            "850",
            "751",
            "623",
            "750",
            "622",
            "884",
            "885",
            "949",
            "983",
            "1048",
            "1016",
            "1015",
            "982",
            "624",
            "487",
            "525",
            "912",
            "488",
            "944",
            "490"
        ],
        "3": [
            "701",
            "702",
            "669",
            "670",
            "671",
            "638",
            "605",
            "606",
            "607",
            "639",
            "541",
            "575",
            "574",
            "576",
            "542",
            "544",
            "545",
            "511",
            "510",
            "478",
            "513",
            "546",
            "479",
            "476",
            "480",
            "446",
            "580",
            "547",
            "612",
            "548",
            "581",
            "614",
            "582",
            "644",
            "643",
            "481",
            "615",
            "515",
            "482",
            "549",
            "648",
            "677",
            "613",
            "483",
            "449",
            "516",
            "484",
            "678",
            "550",
            "450",
            "646",
            "551",
            "681",
            "642",
            "684",
            "649",
            "650",
            "584",
            "716",
            "683",
            "585",
            "682",
            "321",
            "709",
            "809",
            "743",
            "385",
            "448",
            "387",
            "577",
            "288",
            "514"
        ],
        "4": [
            "961",
            "929",
            "962",
            "930",
            "864",
            "931",
            "897",
            "865",
            "832",
            "833",
            "800",
            "799",
            "834",
            "801",
            "798",
            "766",
            "867",
            "767",
            "835",
            "797",
            "733",
            "868",
            "836",
            "732",
            "830",
            "803",
            "837",
            "770",
            "838",
            "805",
            "871",
            "839",
            "769",
            "771",
            "872",
            "738",
            "840",
            "739",
            "740",
            "807",
            "774",
            "707",
            "706",
            "841",
            "808",
            "776",
            "842",
            "843",
            "875",
            "876",
            "877",
            "777",
            "908",
            "878",
            "778",
            "744",
            "910",
            "710",
            "742",
            "845",
            "811",
            "745",
            "812",
            "780",
            "746",
            "813",
            "713",
            "680",
            "714",
            "675",
            "645",
            "848",
            "579",
            "916",
            "883"
        ],