{
    "Instance": "Corners726_G14",
    "Objective": 235,
    "Infeasibility": 0.0,
    "Starting Time": 1711828828.2189631,
    "Time Taken": 73.88713526725769,
    "Initialization Time": 10.931084394454956,
    "nrInitSolutions": 100,
    "startingLambda": 0.1,
    "nrDistricts": 10,
    "lambdaRange": [
        0.1,
        0.4,
        0.7,
        1
    ],
    "delta": 0.05,
    "llambda": 0.7,
    "rcl_parameter": 0.3,
    "Allocation": {
        "0": [
            "1046",
            "1013",
            "1047",
            "1048",
            "1014",
            "980",
            "981",
            "947",
            "1081",
            "948",
            "979",
            "982",
            "915",
            "983",
            "949",
            "882",
            "914",
            "946",
            "950",
            "881",
            "849",
            "883",
            "1016",
            "850",
            "880",
            "951",
            "917",
            "847",
            "851",
            "1017",
            "952",
            "818",
            "852",
            "985",
            "846",
            "1050",
            "885",
            "1051",
            "886",
            "1084",
            "919",
            "887",
            "986",
            "888",
            "987",
            "1020",
            "1053",
            "920",
            "1054",
            "889",
            "1087",
            "1088",
            "890",
            "954",
            "856",
            "857",
            "1055",
            "824",
            "922",
            "1022",
            "989",
            "823",
            "1021",
            "822",
            "789",
            "855",
            "754",
            "721",
            "787",
            "820",
            "656",
            "623",
            "622",
            "590",
            "689",
            "755"
        ],
        "1": [
            "228",
            "195",
            "196",
            "162",
            "163",
            "161",
            "129",
            "160",
            "197",
            "164",
            "96",
            "230",
            "128",
            "159",
            "95",
            "193",
            "97",
            "263",
            "131",
            "98",
            "65",
            "94",
            "262",
            "62",
            "64",
            "61",
            "32",
            "93",
            "295",
            "31",
            "60",
            "30",
            "92",
            "125",
            "294",
            "91",
            "27",
            "124",
            "123",
            "58",
            "59",
            "293",
            "257",
            "326",
            "290",
            "359",
            "122",
            "154",
            "360",
            "89",
            "56",
            "260",
            "361",
            "55",
            "362",
            "259",
            "88",
            "258",
            "395",
            "22",
            "191",
            "54",
            "121",
            "120",
            "20",
            "21",
            "23",
            "325",
            "329",
            "24"
        ],
        "2": [
            "1078",
            "1077",
            "1044",
            "1011",
            "1010",
            "977",
            "976",
            "975",
            "943",
            "944",
            "1008",
            "942",
            "911",
            "974",
            "909",
            "1007",
            "876",
            "912",
            "973",
            "941",
            "1006",
            "908",
            "877",
            "1040",
            "1005",
            "940",
            "1073",
            "1004",
            "971",
            "1074",
            "939",
            "1072",
            "1037",
            "1075",
            "1003",
            "1070",
            "970",
            "969",
            "1036",
            "937",
            "1035",
            "906",
            "1068",
            "1042",
            "1071",
            "1067",
            "935",
            "1069",
            "873",
            "1001",
            "1066",
            "1065",
            "905",
            "902",
            "872",
            "839",
            "936",
            "869",
            "1064",
            "1032",
            "999",
            "998",
            "1063",
            "966",
            "870",
            "836",
            "1062",
            "1061",
            "1029",
            "1060",
            "1028",
            "840",
            "932",
            "865",
            "806",
            "794"
        ],
        "3": [
            "35",
            "34",
            "67",
            "66",
            "99",
            "132",
            "165",
            "198",
            "166",
            "199",
            "167",
            "134",
            "232",
            "168",
            "265",
            "264",
            "101",
            "233",
            "266",
            "297",
            "202",
            "299",
            "234",
            "267",
            "203",
            "235",
            "300",
            "204",
            "170",
            "268",
            "205",
            "332",
            "236",
            "269",
            "301",
            "333",
            "366",
            "399",
            "331",
            "364",
            "432",
            "433",
            "400",
            "137",
            "136",
            "431",
            "138",
            "103",
            "70",
            "69",
            "139",
            "104",
            "430",
            "466",
            "334",
            "71",
            "72",
            "365",
            "367",
            "368",
            "369",
            "402",
            "370",
            "336",
            "463",
            "403",
            "404",
            "462",
            "568",
            "468",
            "666",
            "502"
        ],
        "4": [
            "484",
            "485",
            "451",
            "452",
            "453",
            "419",
            "385",
            "387",
            "354",
            "384",
            "352",
            "321",
            "383",
            "351",
            "350",
            "356",
            "318",
            "389",
            "349",
            "390",
            "455",
            "422",
            "391",
            "456",
            "489",
            "488",
            "521",
            "424",
            "457",
            "490",
            "554",
            "425",
            "458",
            "553",
            "491",
            "587",
            "459",
            "492",
            "525",
            "558",
            "426",
            "586",
            "619",
            "618",
            "652",
            "493",
            "527",
            "588",
            "519",
            "653",
            "555",
            "556",
            "654",
            "560",
            "593",
            "626",
            "592",
            "625",
            "659",
            "692",
            "725",
            "758",
            "724",
            "550",
            "650",
            "716",
            "750",
            "581",
            "757",
            "690",
            "723",
            "722",
            "756"
        ],