{
    "Instance": "Corners726_G25",
    "Objective": 216,
    "Infeasibility": 0.0,
    "Starting Time": 1711828909.2803543,
    "Time Taken": 53.50197386741638,
    "Initialization Time": 11.085814237594604,
    "nrInitSolutions": 100,
    "startingLambda": 0.1,
    "nrDistricts": 10,
    "lambdaRange": [
        0.1,
        0.4,
        0.7,
        1
    ],
    "delta": 0.05,
    "llambda": 0.7,
    "rcl_parameter": 0.3,
    "Allocation": {
        "0": [
            "409",
            "376",
            "408",
            "343",
            "541",
            "606",
            "574",
            "510",
            "571",
            "570",
            "569",
            "638",
            "371",
            "604",
            "537",
            "303",
            "637",
            "602",
            "372",
            "670",
            "568",
            "567",
            "534",
            "501",
            "502",
            "671",
            "302",
            "566",
            "609",
            "600",
            "599",
            "335",
            "703",
            "301",
            "269",
            "702",
            "334",
            "268",
            "267",
            "737",
            "736",
            "300",
            "770",
            "364",
            "399",
            "666",
            "367",
            "401",
            "465",
            "698",
            "366",
            "735",
            "332",
            "397",
            "701",
            "205",
            "530",
            "497",
            "800",
            "834",
            "767",
            "733",
            "734",
            "801",
            "768",
            "802",
            "660",
            "865",
            "798"
        ],
        "1": [
            "1021",
            "1022",
            "1055",
            "989",
            "1088",
            "956",
            "1087",
            "1086",
            "955",
            "954",
            "1052",
            "1053",
            "1085",
            "1084",
            "1083",
            "953",
            "1082",
            "986",
            "1050",
            "1081",
            "1049",
            "985",
            "1017",
            "1016",
            "1080",
            "984",
            "1015",
            "1018",
            "983",
            "1047",
            "1014",
            "1013",
            "950",
            "1046",
            "1012",
            "981",
            "980",
            "947",
            "1045",
            "1011",
            "978",
            "1010",
            "1078",
            "945",
            "1009",
            "944",
            "1042",
            "1008",
            "975",
            "1007",
            "1075",
            "1041",
            "941",
            "1006",
            "1040",
            "910",
            "877",
            "973",
            "1073",
            "940",
            "844",
            "972",
            "845",
            "1072",
            "876",
            "843",
            "846",
            "1071",
            "813",
            "847",
            "904",
            "842"
        ],
        "2": [
            "890",
            "857",
            "824",
            "791",
            "823",
            "790",
            "822",
            "821",
            "854",
            "855",
            "820",
            "853",
            "788",
            "887",
            "787",
            "755",
            "819",
            "754",
            "786",
            "753",
            "722",
            "723",
            "724",
            "657",
            "690",
            "624",
            "658",
            "656",
            "659",
            "623",
            "692",
            "622",
            "626",
            "655",
            "590",
            "621",
            "589",
            "593",
            "688",
            "560",
            "687",
            "556",
            "523",
            "592",
            "524",
            "490",
            "525",
            "526",
            "493",
            "494",
            "461",
            "419",
            "519",
            "518",
            "486",
            "485",
            "422",
            "354",
            "425",
            "452",
            "487",
            "420",
            "394",
            "457",
            "484",
            "421",
            "521",
            "388"
        ],
        "3": [
            "32",
            "30",
            "31",
            "64",
            "63",
            "97",
            "130",
            "129",
            "98",
            "162",
            "194",
            "161",
            "160",
            "193",
            "227",
            "127",
            "192",
            "159",
            "226",
            "260",
            "191",
            "158",
            "61",
            "259",
            "94",
            "125",
            "293",
            "261",
            "224",
            "60",
            "294",
            "95",
            "258",
            "59",
            "92",
            "295",
            "124",
            "291",
            "58",
            "26",
            "296",
            "328",
            "25",
            "324",
            "24",
            "23",
            "325",
            "329",
            "361",
            "263",
            "91",
            "230",
            "360",
            "197",
            "229",
            "90",
            "395",
            "488",
            "186",
            "187",
            "88",
            "289",
            "152",
            "54",
            "151",
            "427",
            "424",
            "153",
            "185",
            "393",
            "283"
        ],
        "4": [
            "918",
            "883",
            "884",
            "885",
            "850",
            "882",
            "916",
            "849",
            "915",
            "817",
            "881",
            "784",
            "816",
            "783",
            "815",
            "782",
            "750",
            "751",
            "749",
            "781",
            "717",
            "748",
            "718",
            "716",
            "684",
            "715",
            "747",
            "683",
            "714",
            "685",
            "746",
            "779",
            "713",
            "652",
            "712",
            "778",
            "711",
            "744",
            "743",
            "679",
            "776",
            "646",
            "647",
            "614",
            "613",
            "648",
            "649",
            "775",
            "615",
            "808",
            "616",
            "774",
            "582",
            "617",
            "773",
            "806",
            "549",
            "840",
            "618",
            "805",
            "740",
            "739",
            "872",
            "804",
            "708",
            "706",
            "709",
            "705",
            "906",
            "936",
            "976"
        ],