{
    "Instance": "Corners726_G27",
    "Objective": 249,
    "Infeasibility": 0.0,
    "Starting Time": 1711829650.4974227,
    "Time Taken": 53.92448425292969,
    "Initialization Time": 11.260491847991943,
    "nrInitSolutions": 100,
    "startingLambda": 0.1,
    "nrDistricts": 10,
    "lambdaRange": [
        0.1,
        0.4,
        0.7,
        1
    ],
    "delta": 0.05,
    "llambda": 0.7,
    "rcl_parameter": 0.3,
    "Allocation": {
        "0": [
            "841",
            "842",
            "872",
            "906",
            "973",
            "843",
            "910",
            "877",
            "974",
            "839",
            "938",
            "838",
            "870",
            "911",
            "943",
            "1007",
            "837",
            "903",
            "944",
            "975",
            "937",
            "1040",
            "836",
            "971",
            "977",
            "835",
            "901",
            "1004",
            "900",
            "899",
            "933",
            "1003",
            "1002",
            "770",
            "867",
            "737",
            "736",
            "1005",
            "978",
            "945",
            "1038",
            "735",
            "772",
            "947",
            "769",
            "1010",
            "1009",
            "768",
            "1071",
            "801",
            "1070",
            "1012",
            "1075",
            "1074",
            "773",
            "1076",
            "1077",
            "778",
            "675",
            "1046",
            "708",
            "742",
            "1079",
            "1047",
            "1014",
            "674",
            "709",
            "779",
            "710",
            "1015",
            "1013",
            "1048",
            "979",
            "1045",
            "743"
        ],
        "1": [
            "0",
            "67",
            "66",
            "33",
            "100",
            "68",
            "101",
            "133",
            "35",
            "134",
            "2",
            "102",
            "3",
            "4",
            "37",
            "5",
            "6",
            "38",
            "70",
            "71",
            "7",
            "40",
            "9",
            "8",
            "42",
            "10",
            "43",
            "11",
            "76",
            "44",
            "12",
            "13",
            "110",
            "14",
            "111",
            "46",
            "47",
            "144",
            "112",
            "15",
            "177",
            "80",
            "176",
            "175",
            "209",
            "174",
            "141",
            "108",
            "276",
            "243",
            "275",
            "277",
            "311",
            "242",
            "308",
            "278",
            "341",
            "245",
            "279",
            "344",
            "312",
            "246",
            "342",
            "374",
            "343",
            "270",
            "238",
            "377",
            "305",
            "170",
            "237",
            "204",
            "137",
            "207"
        ],
        "2": [
            "32",
            "65",
            "64",
            "63",
            "62",
            "97",
            "130",
            "129",
            "29",
            "95",
            "94",
            "128",
            "163",
            "127",
            "164",
            "161",
            "197",
            "60",
            "194",
            "126",
            "160",
            "159",
            "227",
            "92",
            "226",
            "158",
            "91",
            "59",
            "259",
            "58",
            "225",
            "124",
            "157",
            "258",
            "292",
            "293",
            "190",
            "25",
            "156",
            "189",
            "222",
            "291",
            "123",
            "24",
            "254",
            "253",
            "256",
            "23",
            "57",
            "122",
            "155",
            "288",
            "121",
            "188",
            "154",
            "187",
            "153",
            "152",
            "88",
            "22",
            "185",
            "186",
            "220",
            "21",
            "55",
            "20",
            "53",
            "219",
            "119",
            "52",
            "49",
            "559",
            "395",
            "515"
        ],
        "3": [
            "595",
            "594",
            "627",
            "561",
            "660",
            "528",
            "661",
            "529",
            "495",
            "662",
            "496",
            "462",
            "530",
            "497",
            "695",
            "663",
            "664",
            "696",
            "728",
            "563",
            "727",
            "429",
            "761",
            "631",
            "697",
            "665",
            "498",
            "564",
            "430",
            "760",
            "666",
            "698",
            "730",
            "762",
            "632",
            "759",
            "397",
            "792",
            "599",
            "795",
            "467",
            "793",
            "398",
            "435",
            "731",
            "699",
            "667",
            "634",
            "601",
            "365",
            "732",
            "399",
            "668",
            "669",
            "701",
            "733",
            "832",
            "829",
            "401",
            "798",
            "830",
            "533",
            "765",
            "536",
            "502",
            "831",
            "797",
            "400",
            "535",
            "799",
            "766",
            "534",
            "644"
        ],
        "4": [
            "370",
            "335",
            "369",
            "336",
            "333",
            "301",
            "334",
            "300",
            "267",
            "268",
            "299",
            "234",
            "298",
            "235",
            "266",
            "297",
            "331",
            "265",
            "201",
            "232",
            "168",
            "200",
            "236",
            "203",
            "169",
            "231",
            "136",
            "198",
            "205",
            "206",
            "138",
            "240",
            "241",
            "274",
            "172",
            "273",
            "139",
            "306",
            "105",
            "140",
            "106",
            "304",
            "472",
            "313",
            "407",
            "115",
            "543",
            "413",
            "180",
            "445",
            "382",
            "345",
            "439",
            "150",
            "351",
            "610",
            "84",
            "469",
            "51",
            "545",
            "386",
            "283",
            "251",
            "250",
            "213",
            "212",
            "77"
        ],