{
    "Instance": "Corners726_G10",
    "Objective": 232,
    "Infeasibility": 0.0,
    "Starting Time": 1711828806.0709417,
    "Time Taken": 92.40145206451416,
    "Initialization Time": 11.210302114486694,
    "nrInitSolutions": 100,
    "startingLambda": 0.1,
    "nrDistricts": 10,
    "lambdaRange": [
        0.1,
        0.4,
        0.7,
        1
    ],
    "delta": 0.05,
    "llambda": 0.7,
    "rcl_parameter": 0.3,
    "Allocation": {
        "0": [
            "316",
            "380",
            "315",
            "447",
            "419",
            "413",
            "347",
            "446",
            "388",
            "412",
            "485",
            "479",
            "445",
            "421",
            "389",
            "486",
            "551",
            "512",
            "356",
            "422",
            "513",
            "357",
            "552",
            "585",
            "411",
            "391",
            "378",
            "456",
            "345",
            "458",
            "425",
            "410",
            "459",
            "344",
            "377",
            "409",
            "376",
            "460",
            "375",
            "490",
            "493",
            "586",
            "556",
            "492",
            "522",
            "620",
            "392",
            "587",
            "555",
            "619",
            "524",
            "588",
            "426",
            "461",
            "312",
            "289",
            "216",
            "279",
            "280",
            "313",
            "259",
            "580",
            "477",
            "476",
            "644",
            "614",
            "746",
            "680",
            "278",
            "245",
            "277",
            "714",
            "707",
            "745",
            "276"
        ],
        "1": [
            "900",
            "867",
            "866",
            "865",
            "898",
            "832",
            "864",
            "799",
            "931",
            "800",
            "798",
            "766",
            "797",
            "765",
            "830",
            "732",
            "731",
            "829",
            "699",
            "666",
            "698",
            "828",
            "862",
            "827",
            "730",
            "697",
            "763",
            "729",
            "762",
            "896",
            "794",
            "793",
            "792",
            "959",
            "825",
            "759",
            "726",
            "858",
            "891",
            "727",
            "693",
            "1024",
            "990",
            "859",
            "892",
            "925",
            "957",
            "1023",
            "1056",
            "1058",
            "1059",
            "1026",
            "1027",
            "1061",
            "1060",
            "1062",
            "1028",
            "993",
            "1063",
            "926",
            "1064",
            "995",
            "1031",
            "1002",
            "1034",
            "997",
            "927",
            "1000",
            "895",
            "961",
            "928"
        ],
        "2": [
            "631",
            "630",
            "629",
            "628",
            "596",
            "661",
            "662",
            "595",
            "695",
            "563",
            "530",
            "562",
            "594",
            "529",
            "464",
            "465",
            "398",
            "432",
            "466",
            "397",
            "399",
            "429",
            "433",
            "499",
            "365",
            "366",
            "364",
            "467",
            "500",
            "462",
            "332",
            "495",
            "468",
            "363",
            "435",
            "469",
            "470",
            "533",
            "402",
            "401",
            "437",
            "436",
            "330",
            "368",
            "297",
            "335",
            "566",
            "369",
            "534",
            "298",
            "565",
            "404",
            "599",
            "265",
            "232",
            "568",
            "601",
            "334",
            "634",
            "371",
            "372",
            "668",
            "669",
            "206",
            "238",
            "239",
            "237",
            "205",
            "207",
            "272",
            "305",
            "430",
            "236",
            "135",
            "275",
            "101"
        ],
        "3": [
            "947",
            "981",
            "1015",
            "846",
            "813",
            "780",
            "847",
            "880",
            "881",
            "886",
            "816",
            "612",
            "852",
            "786",
            "918",
            "814",
            "850",
            "851",
            "643",
            "950",
            "787",
            "709",
            "919",
            "611",
            "916",
            "820",
            "674",
            "853",
            "608",
            "515",
            "815",
            "738",
            "549",
            "548",
            "642",
            "953",
            "921",
            "481",
            "772",
            "516",
            "482",
            "483",
            "547",
            "771",
            "742",
            "613",
            "750",
            "448",
            "654",
            "645",
            "737",
            "716",
            "749",
            "655",
            "621",
            "954",
            "984",
            "983",
            "920",
            "986",
            "955",
            "1012",
            "945",
            "675",
            "748",
            "715",
            "917",
            "890",
            "1079"
        ],
        "4": [
            "1088",
            "1022",
            "1055",
            "1054",
            "1021",
            "1053",
            "989",
            "1086",
            "1020",
            "988",
            "1052",
            "956",
            "1085",
            "987",
            "985",
            "1051",
            "1018",
            "1050",
            "923",
            "1017",
            "885",
            "854",
            "889",
            "856",
            "819",
            "884",
            "949",
            "855",
            "823",
            "785",
            "824",
            "791",
            "758",
            "817",
            "757",
            "756",
            "755",
            "789",
            "752",
            "754",
            "721",
            "725",
            "724",
            "722",
            "656",
            "687",
            "692",
            "686",
            "689",
            "659",
            "718",
            "683",
            "626",
            "720",
            "590",
            "658",
            "593",
            "719",
            "623",
            "592",
            "591",
            "751",
            "554",
            "779",
            "491",
            "457",
            "622",
            "518",
            "453",
            "452",
            "558",
            "882"
        ],