{
    "Instance": "Corners726_G24",
    "Objective": 322,
    "Infeasibility": 0.0,
    "Starting Time": 1711828855.0229056,
    "Time Taken": 66.96822500228882,
    "Initialization Time": 11.189133882522583,
    "nrInitSolutions": 100,
    "startingLambda": 0.1,
    "nrDistricts": 10,
    "lambdaRange": [
        0.1,
        0.4,
        0.7,
        1
    ],
    "delta": 0.05,
    "llambda": 0.7,
    "rcl_parameter": 0.3,
    "Allocation": {
        "0": [
            "592",
            "494",
            "625",
            "626",
            "652",
            "229",
            "122",
            "65",
            "193",
            "653",
            "684",
            "718",
            "31",
            "293",
            "294",
            "687",
            "62",
            "230",
            "292",
            "587",
            "291",
            "128",
            "196",
            "64",
            "26",
            "160",
            "227",
            "61",
            "163",
            "22",
            "782",
            "59",
            "683",
            "131",
            "130",
            "260",
            "258",
            "781",
            "95",
            "154",
            "164",
            "63",
            "197",
            "656",
            "226",
            "25",
            "588",
            "749",
            "228",
            "682",
            "56",
            "221",
            "125",
            "262",
            "685",
            "24",
            "192",
            "123",
            "156",
            "18",
            "755",
            "657",
            "821",
            "854",
            "788",
            "754",
            "723",
            "888",
            "920",
            "220",
            "886",
            "756",
            "758",
            "791",
            "537"
        ],
        "1": [
            "738",
            "706",
            "771",
            "739",
            "804",
            "772",
            "740",
            "805",
            "773",
            "806",
            "838",
            "770",
            "807",
            "837",
            "803",
            "840",
            "839",
            "836",
            "870",
            "906",
            "873",
            "841",
            "875",
            "874",
            "909",
            "877",
            "910",
            "943",
            "944",
            "977",
            "976",
            "1009",
            "974",
            "1074",
            "1075",
            "967",
            "994",
            "830",
            "969",
            "1034",
            "936",
            "1033",
            "1036",
            "1035",
            "937",
            "1032",
            "1068",
            "938",
            "904",
            "1070",
            "1066",
            "973",
            "1069",
            "1031",
            "971",
            "1071",
            "999",
            "1064",
            "1072",
            "1039",
            "1073",
            "1040",
            "963",
            "996",
            "964",
            "1006",
            "998",
            "931",
            "1038"
        ],
        "2": [
            "200",
            "199",
            "232",
            "198",
            "265",
            "166",
            "165",
            "132",
            "133",
            "100",
            "99",
            "66",
            "33",
            "1",
            "0",
            "2",
            "35",
            "36",
            "3",
            "69",
            "4",
            "68",
            "70",
            "103",
            "71",
            "38",
            "7",
            "9",
            "10",
            "42",
            "174",
            "275",
            "105",
            "73",
            "76",
            "109",
            "209",
            "172",
            "75",
            "106",
            "107",
            "80",
            "241",
            "242",
            "210",
            "206",
            "173",
            "239",
            "141",
            "273",
            "171",
            "179",
            "143",
            "207",
            "276",
            "108",
            "176",
            "81",
            "14",
            "181",
            "236",
            "203",
            "177",
            "211",
            "246",
            "238",
            "214",
            "178",
            "169",
            "111",
            "243",
            "39"
        ],
        "3": [
            "365",
            "364",
            "398",
            "397",
            "363",
            "430",
            "396",
            "330",
            "429",
            "463",
            "297",
            "462",
            "496",
            "528",
            "529",
            "495",
            "561",
            "594",
            "595",
            "596",
            "627",
            "660",
            "597",
            "629",
            "693",
            "598",
            "564",
            "726",
            "694",
            "531",
            "631",
            "599",
            "565",
            "566",
            "759",
            "532",
            "498",
            "567",
            "499",
            "432",
            "400",
            "367",
            "309",
            "268",
            "244",
            "344",
            "343",
            "204",
            "202",
            "342",
            "274",
            "337",
            "212",
            "245",
            "300",
            "235",
            "237",
            "299",
            "77",
            "306",
            "546",
            "512",
            "240",
            "411",
            "144",
            "8",
            "742",
            "583",
            "437",
            "649",
            "746",
            "348"
        ],
        "4": [
            "796",
            "729",
            "763",
            "730",
            "728",
            "696",
            "761",
            "794",
            "793",
            "826",
            "825",
            "859",
            "858",
            "860",
            "892",
            "893",
            "861",
            "925",
            "926",
            "927",
            "828",
            "924",
            "959",
            "960",
            "992",
            "993",
            "1026",
            "1027",
            "1028",
            "1059",
            "1058",
            "1029",
            "1057",
            "1024",
            "1056",
            "1023",
            "929",
            "896",
            "897",
            "895",
            "700",
            "765",
            "831",
            "699",
            "863",
            "801",
            "799",
            "666",
            "733",
            "768",
            "766",
            "798",
            "732",
            "735",
            "767",
            "702",
            "968",
            "1008",
            "1001",
            "1004",
            "637",
            "972",
            "1041",
            "940",
            "975",
            "1065",
            "704",
            "908",
            "867",
            "603",
            "911",
            "671",
            "669"
        ],