{
    "Instance": "Diagonal726_G10",
    "Objective": 271,
    "Infeasibility": 0.0,
    "Starting Time": 1711828991.1555965,
    "Time Taken": 62.0805287361145,
    "Initialization Time": 11.338314533233643,
    "nrInitSolutions": 100,
    "startingLambda": 0.1,
    "nrDistricts": 10,
    "lambdaRange": [
        0.1,
        0.4,
        0.7,
        1
    ],
    "delta": 0.05,
    "llambda": 0.7,
    "rcl_parameter": 0.3,
    "Allocation": {
        "0": [
            "680",
            "647",
            "648",
            "649",
            "876",
            "913",
            "977",
            "909",
            "914",
            "1010",
            "875",
            "907",
            "945",
            "881",
            "978",
            "906",
            "1043",
            "1011",
            "1009",
            "1044",
            "939",
            "943",
            "848",
            "1042",
            "937",
            "1072",
            "975",
            "983",
            "1048",
            "970",
            "1003",
            "1018",
            "1035",
            "1040",
            "1004",
            "1041",
            "1006",
            "1036",
            "1050",
            "1069",
            "1016",
            "941",
            "849",
            "1068",
            "938",
            "1013",
            "1007",
            "1012",
            "1070",
            "1083",
            "1014",
            "835",
            "1081",
            "1039",
            "1071",
            "1073",
            "1051",
            "850",
            "985",
            "1045",
            "981",
            "984",
            "1001",
            "1015",
            "969",
            "1075",
            "1037",
            "974",
            "972",
            "1046",
            "1066",
            "998",
            "1028",
            "994",
            "965"
        ],
        "1": [
            "658",
            "625",
            "592",
            "591",
            "590",
            "589",
            "588",
            "557",
            "555",
            "523",
            "521",
            "489",
            "488",
            "520",
            "456",
            "519",
            "487",
            "553",
            "486",
            "455",
            "552",
            "457",
            "518",
            "458",
            "422",
            "485",
            "424",
            "425",
            "517",
            "452",
            "484",
            "391",
            "451",
            "426",
            "392",
            "418",
            "427",
            "394",
            "388",
            "387",
            "390",
            "428",
            "393",
            "355",
            "461",
            "494",
            "395",
            "550",
            "357",
            "460",
            "358",
            "322",
            "493",
            "361",
            "516",
            "321",
            "328",
            "329",
            "288",
            "359",
            "326",
            "325",
            "296",
            "492",
            "527",
            "525",
            "560",
            "220",
            "51",
            "32",
            "194",
            "291",
            "449",
            "162"
        ],
        "2": [
            "5",
            "4",
            "37",
            "70",
            "103",
            "69",
            "102",
            "35",
            "68",
            "67",
            "2",
            "66",
            "99",
            "1",
            "132",
            "0",
            "165",
            "198",
            "166",
            "232",
            "199",
            "233",
            "265",
            "234",
            "298",
            "201",
            "235",
            "299",
            "331",
            "236",
            "332",
            "202",
            "268",
            "365",
            "300",
            "237",
            "330",
            "169",
            "398",
            "170",
            "399",
            "397",
            "137",
            "430",
            "432",
            "463",
            "464",
            "497",
            "530",
            "563",
            "529",
            "562",
            "596",
            "528",
            "595",
            "629",
            "597",
            "561",
            "628",
            "594",
            "627",
            "661",
            "532",
            "662",
            "531",
            "565",
            "567",
            "663",
            "727",
            "664",
            "694",
            "568"
        ],
        "3": [
            "106",
            "73",
            "40",
            "41",
            "42",
            "7",
            "75",
            "76",
            "77",
            "109",
            "78",
            "11",
            "44",
            "111",
            "45",
            "79",
            "112",
            "46",
            "12",
            "113",
            "13",
            "47",
            "145",
            "146",
            "144",
            "114",
            "14",
            "178",
            "143",
            "147",
            "81",
            "48",
            "179",
            "180",
            "211",
            "176",
            "15",
            "244",
            "148",
            "209",
            "16",
            "175",
            "276",
            "17",
            "49",
            "210",
            "50",
            "174",
            "84",
            "173",
            "18",
            "83",
            "19",
            "140",
            "117",
            "172",
            "20",
            "206",
            "52",
            "85",
            "53",
            "118",
            "86",
            "21",
            "54",
            "323",
            "377",
            "536",
            "124",
            "538",
            "342",
            "389",
            "257",
            "543",
            "601"
        ],
        "4": [
            "272",
            "304",
            "271",
            "303",
            "337",
            "336",
            "302",
            "338",
            "370",
            "335",
            "334",
            "403",
            "339",
            "402",
            "404",
            "405",
            "435",
            "434",
            "466",
            "501",
            "534",
            "600",
            "566",
            "569",
            "634",
            "602",
            "666",
            "632",
            "665",
            "667",
            "699",
            "668",
            "700",
            "631",
            "698",
            "697",
            "701",
            "730",
            "733",
            "767",
            "800",
            "799",
            "798",
            "797",
            "801",
            "833",
            "866",
            "865",
            "867",
            "771",
            "993",
            "739",
            "830",
            "827",
            "898",
            "893",
            "1027",
            "825",
            "891",
            "903",
            "770",
            "803",
            "935",
            "925",
            "968",
            "807",
            "693",
            "660",
            "726",
            "990"
        ],