{
    "Instance": "Diagonal726_G19",
    "Objective": 294,
    "Infeasibility": 0.0,
    "Starting Time": 1711829676.3788364,
    "Time Taken": 79.11904311180115,
    "Initialization Time": 11.37002682685852,
    "nrInitSolutions": 100,
    "startingLambda": 0.1,
    "nrDistricts": 10,
    "lambdaRange": [
        0.1,
        0.4,
        0.7,
        1
    ],
    "delta": 0.05,
    "llambda": 0.7,
    "rcl_parameter": 0.3,
    "Allocation": {
        "0": [
            "748",
            "842",
            "744",
            "875",
            "841",
            "908",
            "750",
            "710",
            "774",
            "907",
            "807",
            "906",
            "905",
            "806",
            "839",
            "940",
            "938",
            "971",
            "1045",
            "1040",
            "872",
            "970",
            "741",
            "871",
            "1004",
            "770",
            "870",
            "804",
            "1003",
            "836",
            "1005",
            "739",
            "867",
            "808",
            "771",
            "835",
            "1038",
            "1071",
            "1073",
            "939",
            "772",
            "1074",
            "969",
            "837",
            "838",
            "607",
            "994",
            "963",
            "602",
            "1029",
            "864",
            "992",
            "993",
            "927",
            "960",
            "1027",
            "962",
            "996",
            "1028",
            "932",
            "991",
            "958",
            "743",
            "1057",
            "924",
            "831",
            "943",
            "763",
            "666",
            "706",
            "705",
            "672",
            "704",
            "694"
        ],
        "1": [
            "816",
            "817",
            "784",
            "785",
            "753",
            "752",
            "720",
            "687",
            "755",
            "754",
            "722",
            "787",
            "820",
            "689",
            "723",
            "819",
            "724",
            "821",
            "656",
            "725",
            "852",
            "623",
            "822",
            "757",
            "692",
            "855",
            "624",
            "823",
            "626",
            "625",
            "592",
            "593",
            "559",
            "557",
            "525",
            "526",
            "527",
            "493",
            "494",
            "461",
            "556",
            "489",
            "523",
            "491",
            "524",
            "490",
            "521",
            "390",
            "587",
            "391",
            "453",
            "421",
            "456",
            "422",
            "554",
            "620",
            "325",
            "684",
            "617",
            "319",
            "518",
            "191",
            "159",
            "355",
            "487",
            "189",
            "158",
            "284",
            "157",
            "558"
        ],
        "2": [
            "336",
            "301",
            "302",
            "335",
            "236",
            "235",
            "268",
            "203",
            "234",
            "237",
            "233",
            "270",
            "271",
            "200",
            "167",
            "166",
            "165",
            "168",
            "135",
            "136",
            "198",
            "103",
            "70",
            "37",
            "69",
            "38",
            "72",
            "68",
            "36",
            "101",
            "5",
            "35",
            "105",
            "100",
            "2",
            "40",
            "138",
            "99",
            "1",
            "66",
            "0",
            "205",
            "172",
            "206",
            "108",
            "107",
            "110",
            "139",
            "239",
            "77",
            "73",
            "173",
            "144",
            "13",
            "277",
            "145",
            "14",
            "310",
            "243",
            "115",
            "84",
            "81",
            "211",
            "15",
            "51",
            "71",
            "18",
            "275",
            "80",
            "53",
            "46",
            "17",
            "106"
        ],
        "3": [
            "614",
            "612",
            "613",
            "611",
            "610",
            "609",
            "544",
            "642",
            "511",
            "545",
            "543",
            "478",
            "675",
            "510",
            "676",
            "546",
            "542",
            "509",
            "479",
            "514",
            "547",
            "446",
            "515",
            "548",
            "549",
            "481",
            "482",
            "474",
            "441",
            "473",
            "582",
            "410",
            "378",
            "412",
            "444",
            "345",
            "312",
            "347",
            "344",
            "380",
            "381",
            "282",
            "283",
            "249",
            "382",
            "250",
            "317",
            "349",
            "252",
            "219",
            "253",
            "372",
            "373",
            "184",
            "178",
            "371",
            "339",
            "338",
            "113",
            "435",
            "346",
            "404",
            "423",
            "21",
            "399",
            "454",
            "55",
            "54",
            "431",
            "112"
        ],
        "4": [
            "32",
            "64",
            "65",
            "31",
            "98",
            "30",
            "97",
            "129",
            "162",
            "161",
            "131",
            "160",
            "164",
            "193",
            "226",
            "197",
            "124",
            "192",
            "26",
            "230",
            "196",
            "259",
            "260",
            "263",
            "59",
            "229",
            "292",
            "293",
            "91",
            "25",
            "24",
            "156",
            "57",
            "23",
            "22",
            "258",
            "328",
            "228",
            "155",
            "257",
            "291",
            "324",
            "329",
            "123",
            "296",
            "154",
            "88",
            "190",
            "89",
            "120",
            "121",
            "56",
            "261",
            "327",
            "183",
            "652",
            "262",
            "194",
            "78",
            "286",
            "406",
            "114",
            "209",
            "177",
            "109",
            "125",
            "513"
        ],