{
    "Instance": "Diagonal726_G1",
    "Objective": 272,
    "Infeasibility": 0.0,
    "Starting Time": 1692559541.1323047,
    "Time Taken": 73.52412009239197,
    "Initialization Time": 12.034218549728394,
    "nrInitSolutions": 100,
    "startingLambda": 0.1,
    "nrDistricts": 10,
    "lambdaRange": [
        0.1,
        0.4,
        0.7,
        1
    ],
    "delta": 0.05,
    "llambda": 0.7,
    "rcl_parameter": 0.3,
    "Allocation": {
        "0": [
            "83",
            "408",
            "85",
            "119",
            "111",
            "117",
            "82",
            "51",
            "80",
            "43",
            "109",
            "49",
            "89",
            "19",
            "13",
            "42",
            "52",
            "81",
            "54",
            "21",
            "44",
            "47",
            "86",
            "15",
            "10",
            "122",
            "110",
            "12",
            "16",
            "123",
            "20",
            "121",
            "18",
            "88",
            "75",
            "120",
            "155",
            "22",
            "78",
            "87",
            "189",
            "454",
            "394",
            "126",
            "427",
            "522",
            "489",
            "395",
            "488",
            "362",
            "423",
            "520",
            "393",
            "455",
            "487",
            "486",
            "422",
            "360",
            "553",
            "519",
            "485",
            "518",
            "125",
            "390",
            "355",
            "288",
            "356",
            "322",
            "389",
            "452",
            "451",
            "449",
            "190",
            "183",
            "180",
            "118",
            "418"
        ],
        "1": [
            "591",
            "592",
            "625",
            "658",
            "659",
            "692",
            "725",
            "724",
            "791",
            "758",
            "690",
            "723",
            "824",
            "857",
            "689",
            "756",
            "656",
            "890",
            "889",
            "923",
            "888",
            "921",
            "987",
            "955",
            "953",
            "989",
            "988",
            "1053",
            "1085",
            "1087",
            "1084",
            "1051",
            "1083",
            "1050",
            "980",
            "1049",
            "1046",
            "620",
            "977",
            "1011",
            "686",
            "653",
            "687",
            "787",
            "753",
            "853",
            "720",
            "721",
            "820",
            "788",
            "854",
            "886",
            "919",
            "785",
            "887",
            "855",
            "951",
            "916",
            "884",
            "851",
            "1086",
            "949",
            "918",
            "948",
            "1077",
            "786",
            "982",
            "1013",
            "1079",
            "1076",
            "1010",
            "1015"
        ],
        "2": [
            "198",
            "199",
            "232",
            "265",
            "299",
            "298",
            "332",
            "300",
            "365",
            "398",
            "397",
            "364",
            "396",
            "363",
            "464",
            "496",
            "429",
            "463",
            "529",
            "528",
            "595",
            "530",
            "531",
            "564",
            "563",
            "628",
            "594",
            "597",
            "627",
            "662",
            "629",
            "630",
            "663",
            "664",
            "665",
            "666",
            "699",
            "633",
            "800",
            "931",
            "891",
            "726",
            "898",
            "834",
            "796",
            "768",
            "733",
            "858",
            "892",
            "404",
            "372",
            "859",
            "371",
            "338",
            "893",
            "860",
            "337",
            "638",
            "894",
            "794",
            "500",
            "335",
            "728",
            "827",
            "434",
            "336",
            "828",
            "863",
            "895",
            "861",
            "830",
            "694"
        ],
        "3": [
            "1056",
            "1024",
            "1057",
            "1023",
            "990",
            "991",
            "1058",
            "1025",
            "992",
            "958",
            "1026",
            "957",
            "1027",
            "959",
            "993",
            "960",
            "994",
            "1028",
            "961",
            "995",
            "1061",
            "1062",
            "962",
            "1063",
            "930",
            "964",
            "1030",
            "1064",
            "1031",
            "1065",
            "1032",
            "897",
            "965",
            "999",
            "932",
            "933",
            "934",
            "935",
            "1000",
            "967",
            "1001",
            "1002",
            "902",
            "903",
            "869",
            "870",
            "1034",
            "1069",
            "970",
            "938",
            "872",
            "1067",
            "838",
            "805",
            "776",
            "808",
            "714",
            "446",
            "609",
            "778",
            "435",
            "538",
            "412",
            "614",
            "679",
            "648",
            "877",
            "542",
            "540",
            "1070",
            "647",
            "767",
            "477",
            "661"
        ],
        "4": [
            "350",
            "316",
            "315",
            "514",
            "283",
            "317",
            "348",
            "250",
            "314",
            "318",
            "251",
            "352",
            "384",
            "385",
            "417",
            "185",
            "320",
            "217",
            "286",
            "186",
            "252",
            "579",
            "249",
            "351",
            "218",
            "281",
            "580",
            "220",
            "216",
            "253",
            "547",
            "184",
            "248",
            "219",
            "187",
            "254",
            "221",
            "287",
            "154",
            "151",
            "152",
            "188",
            "91",
            "387",
            "584",
            "229",
            "263",
            "294",
            "358",
            "255",
            "357",
            "94",
            "93",
            "324",
            "583",
            "326",
            "289",
            "295",
            "551",
            "617",
            "182",
            "60",
            "150",
            "92",
            "148",
            "130",
            "116",
            "17",
            "238",
            "156"
        ],