{
    "Instance": "Center600_G18",
    "Objective": 252,
    "Infeasibility": 0.00010187984750870601,
    "Starting Time": 1711826161.008806,
    "Time Taken": 164.50947618484497,
    "Initialization Time": 132.62755608558655,
    "nrEliteSolutions": 20,
    "i_max": 500,
    "nrDistricts": 10,
    "delta": 0.05,
    "llambda": 0.7,
    "rcl_parameter": 0.3,
    "Allocation": {
        "0": [
            "564",
            "594",
            "565",
            "534",
            "624",
            "593",
            "563",
            "566",
            "592",
            "595",
            "562",
            "533",
            "561",
            "596",
            "532",
            "655",
            "591",
            "597",
            "590",
            "531",
            "621",
            "569",
            "538",
            "539",
            "599",
            "509",
            "629",
            "479",
            "508",
            "628",
            "659",
            "478",
            "448",
            "507",
            "418",
            "419",
            "417",
            "689",
            "389",
            "359",
            "358",
            "357",
            "328",
            "298",
            "268",
            "299",
            "238",
            "208",
            "267",
            "297",
            "296",
            "266",
            "327",
            "864",
            "236",
            "868",
            "863",
            "179",
            "686",
            "235",
            "502",
            "777",
            "410"
        ],
        "1": [
            "780",
            "810",
            "840",
            "841",
            "842",
            "870",
            "871",
            "812",
            "872",
            "782",
            "752",
            "722",
            "784",
            "751",
            "814",
            "754",
            "844",
            "662",
            "723",
            "691",
            "755",
            "632",
            "690",
            "694",
            "633",
            "720",
            "603",
            "634",
            "635",
            "665",
            "604",
            "606",
            "631",
            "573",
            "543",
            "601",
            "575",
            "483",
            "572",
            "544",
            "545",
            "600",
            "570",
            "540",
            "571",
            "481",
            "510",
            "664",
            "450",
            "420",
            "692",
            "521",
            "304",
            "308",
            "188",
            "94",
            "369",
            "727",
            "397"
        ],
        "2": [
            "69",
            "39",
            "130",
            "68",
            "99",
            "98",
            "129",
            "38",
            "67",
            "97",
            "37",
            "159",
            "127",
            "158",
            "7",
            "36",
            "126",
            "189",
            "157",
            "6",
            "219",
            "156",
            "35",
            "162",
            "34",
            "218",
            "132",
            "125",
            "192",
            "187",
            "5",
            "33",
            "65",
            "133",
            "124",
            "155",
            "123",
            "134",
            "63",
            "95",
            "104",
            "105",
            "106",
            "136",
            "76",
            "45",
            "46",
            "231",
            "172",
            "142",
            "260",
            "53",
            "21",
            "199",
            "140",
            "201",
            "80"
        ],
        "3": [
            "738",
            "739",
            "740",
            "770",
            "771",
            "800",
            "801",
            "831",
            "830",
            "802",
            "832",
            "829",
            "860",
            "861",
            "828",
            "890",
            "833",
            "827",
            "862",
            "891",
            "798",
            "826",
            "892",
            "893",
            "894",
            "796",
            "865",
            "895",
            "795",
            "866",
            "766",
            "836",
            "837",
            "806",
            "805",
            "804",
            "775",
            "776",
            "746",
            "716",
            "717",
            "747",
            "687",
            "688",
            "748",
            "778",
            "749",
            "719",
            "715",
            "779",
            "808",
            "714",
            "809",
            "899",
            "897",
            "898",
            "839",
            "869",
            "567",
            "744"
        ],
        "4": [
            "23",
            "22",
            "24",
            "54",
            "52",
            "20",
            "84",
            "51",
            "50",
            "55",
            "56",
            "86",
            "57",
            "85",
            "26",
            "27",
            "116",
            "115",
            "58",
            "117",
            "88",
            "87",
            "59",
            "146",
            "147",
            "110",
            "78",
            "89",
            "118",
            "170",
            "148",
            "176",
            "29",
            "77",
            "119",
            "178",
            "149",
            "141",
            "175",
            "200",
            "209",
            "239",
            "111",
            "237",
            "204",
            "230",
            "207",
            "228",
            "198",
            "143",
            "173",
            "537",
            "530",
            "587",
            "202",
            "568",
            "443",
            "505",
            "626",
            "536",
            "79",
            "174",
            "388",
            "658",
            "504"
        ],
        "5": [
            "732",
            "763",
            "733",
            "734",
            "674",
            "705",
            "644",
            "706",
            "645",
            "647",
            "646",
            "614",
            "617",
            "618",
            "557",
            "586",
            "556",
            "526",
            "497",
            "498",
            "501",
            "560",
            "442",
            "650",
            "680",
            "413",
            "441",
            "414",
            "681",
            "415",
            "445",
            "384",
            "446",
            "385",
            "447",
            "682",
            "354",
            "711",
            "416",
            "386",
            "355",
            "712",
            "652",
            "653",
            "683",
            "324",
            "387",
            "356",
            "742",
            "325",
            "295",
            "326",
            "743",
            "261",
            "625",
            "440",
            "499",
            "315",
            "473"
        ],