{
    "Instance": "Center600_G2",
    "Objective": 229,
    "Infeasibility": 0.034614522052423505,
    "Starting Time": 1692558675.479313,
    "Time Taken": 181.89216876029968,
    "Initialization Time": 145.5019187927246,
    "nrEliteSolutions": 20,
    "i_max": 500,
    "nrDistricts": 10,
    "delta": 0.05,
    "llambda": 0.7,
    "rcl_parameter": 0.3,
    "Allocation": {
        "0": [
            "90",
            "60",
            "120",
            "91",
            "150",
            "30",
            "92",
            "151",
            "61",
            "180",
            "210",
            "181",
            "62",
            "1",
            "122",
            "93",
            "63",
            "2",
            "33",
            "64",
            "3",
            "123",
            "153",
            "124",
            "154",
            "125",
            "95",
            "156",
            "126",
            "127",
            "96",
            "215",
            "66",
            "128",
            "67",
            "157",
            "158",
            "68",
            "36",
            "37",
            "7",
            "38",
            "35",
            "8",
            "129",
            "214",
            "39",
            "98",
            "69",
            "9",
            "5",
            "40",
            "99",
            "41",
            "42",
            "315",
            "284",
            "248",
            "458",
            "337"
        ],
        "1": [
            "738",
            "737",
            "767",
            "797",
            "799",
            "800",
            "801",
            "830",
            "802",
            "831",
            "772",
            "860",
            "832",
            "803",
            "742",
            "741",
            "861",
            "804",
            "743",
            "862",
            "711",
            "712",
            "713",
            "892",
            "891",
            "681",
            "863",
            "714",
            "651",
            "744",
            "652",
            "710",
            "622",
            "623",
            "715",
            "650",
            "624",
            "593",
            "653",
            "654",
            "594",
            "592",
            "564",
            "591",
            "561",
            "560",
            "595",
            "531",
            "590",
            "563",
            "534",
            "562",
            "501",
            "503",
            "559",
            "470",
            "446",
            "413",
            "505",
            "448",
            "898",
            "442"
        ],
        "2": [
            "527",
            "497",
            "526",
            "556",
            "496",
            "466",
            "436",
            "437",
            "407",
            "377",
            "318",
            "378",
            "348",
            "288",
            "258",
            "228",
            "198",
            "227",
            "199",
            "226",
            "170",
            "200",
            "201",
            "230",
            "225",
            "140",
            "171",
            "202",
            "261",
            "290",
            "203",
            "320",
            "262",
            "137",
            "204",
            "321",
            "173",
            "350",
            "234",
            "322",
            "235",
            "236",
            "352",
            "207",
            "147",
            "148",
            "208",
            "209",
            "383",
            "384",
            "412",
            "328",
            "382",
            "443",
            "325",
            "324"
        ],
        "3": [
            "856",
            "795",
            "826",
            "825",
            "794",
            "793",
            "792",
            "763",
            "822",
            "733",
            "703",
            "732",
            "852",
            "882",
            "731",
            "704",
            "730",
            "705",
            "729",
            "759",
            "699",
            "675",
            "789",
            "728",
            "669",
            "758",
            "698",
            "727",
            "676",
            "788",
            "819",
            "757",
            "726",
            "639",
            "609",
            "608",
            "638",
            "579",
            "725",
            "668",
            "818",
            "677",
            "694",
            "667",
            "640",
            "647",
            "697",
            "641",
            "611",
            "724",
            "870",
            "488",
            "631",
            "308",
            "516",
            "871",
            "391",
            "368",
            "541"
        ],
        "4": [
            "111",
            "80",
            "81",
            "50",
            "79",
            "20",
            "78",
            "48",
            "77",
            "76",
            "21",
            "75",
            "22",
            "46",
            "105",
            "74",
            "23",
            "52",
            "44",
            "24",
            "135",
            "134",
            "54",
            "14",
            "25",
            "84",
            "26",
            "114",
            "85",
            "56",
            "83",
            "113",
            "144",
            "57",
            "115",
            "86",
            "87",
            "143",
            "116",
            "58",
            "174",
            "145",
            "59",
            "175",
            "146",
            "117",
            "89",
            "118",
            "176",
            "29",
            "142",
            "119",
            "149",
            "179",
            "177",
            "206",
            "164",
            "193",
            "165",
            "237",
            "194",
            "233",
            "263"
        ],
        "5": [
            "419",
            "389",
            "418",
            "449",
            "359",
            "388",
            "417",
            "479",
            "387",
            "447",
            "478",
            "357",
            "416",
            "509",
            "476",
            "386",
            "507",
            "356",
            "327",
            "415",
            "385",
            "297",
            "298",
            "355",
            "414",
            "506",
            "296",
            "539",
            "266",
            "444",
            "267",
            "353",
            "294",
            "475",
            "295",
            "299",
            "238",
            "239",
            "441",
            "268",
            "474",
            "535",
            "269",
            "472",
            "410",
            "774",
            "502",
            "500",
            "565",
            "533",
            "682",
            "88",
            "231",
            "139",
            "138",
            "358",
            "260"
        ],