{
    "Instance": "Center600_G19",
    "Objective": 267,
    "Infeasibility": 0.01368356132163337,
    "Starting Time": 1711827645.4250839,
    "Time Taken": 167.2297384738922,
    "Initialization Time": 135.11682033538818,
    "nrEliteSolutions": 20,
    "i_max": 500,
    "nrDistricts": 10,
    "delta": 0.05,
    "llambda": 0.7,
    "rcl_parameter": 0.3,
    "Allocation": {
        "0": [
            "36",
            "35",
            "66",
            "5",
            "7",
            "34",
            "96",
            "126",
            "4",
            "33",
            "97",
            "94",
            "64",
            "125",
            "3",
            "98",
            "156",
            "124",
            "63",
            "69",
            "39",
            "2",
            "157",
            "186",
            "154",
            "216",
            "158",
            "185",
            "1",
            "31",
            "71",
            "153",
            "152",
            "30",
            "182",
            "215",
            "214",
            "61",
            "128",
            "41",
            "213",
            "160",
            "181",
            "121",
            "120",
            "73",
            "91",
            "150",
            "90",
            "164",
            "134",
            "43",
            "123",
            "240",
            "194",
            "210",
            "270",
            "162",
            "211",
            "698"
        ],
        "1": [
            "899",
            "898",
            "869",
            "868",
            "839",
            "867",
            "838",
            "866",
            "807",
            "865",
            "809",
            "896",
            "836",
            "777",
            "835",
            "806",
            "894",
            "805",
            "776",
            "863",
            "834",
            "775",
            "804",
            "893",
            "833",
            "832",
            "862",
            "892",
            "801",
            "773",
            "772",
            "771",
            "741",
            "861",
            "769",
            "745",
            "779",
            "715",
            "717",
            "749",
            "686",
            "748",
            "687",
            "718",
            "719",
            "688",
            "830",
            "658",
            "628",
            "627",
            "597",
            "569",
            "539",
            "625",
            "567",
            "357",
            "659",
            "596"
        ],
        "2": [
            "75",
            "47",
            "45",
            "46",
            "78",
            "48",
            "18",
            "79",
            "80",
            "81",
            "50",
            "111",
            "20",
            "112",
            "52",
            "141",
            "171",
            "142",
            "83",
            "53",
            "113",
            "172",
            "143",
            "23",
            "54",
            "114",
            "200",
            "144",
            "24",
            "145",
            "25",
            "26",
            "174",
            "169",
            "173",
            "56",
            "55",
            "115",
            "204",
            "146",
            "168",
            "86",
            "205",
            "27",
            "147",
            "148",
            "178",
            "117",
            "179",
            "118",
            "88",
            "58",
            "59",
            "89",
            "29",
            "449",
            "238",
            "590",
            "327",
            "359",
            "624",
            "325"
        ],
        "3": [
            "643",
            "613",
            "614",
            "615",
            "585",
            "584",
            "616",
            "555",
            "556",
            "526",
            "527",
            "497",
            "467",
            "466",
            "465",
            "464",
            "433",
            "434",
            "373",
            "341",
            "310",
            "309",
            "308",
            "339",
            "279",
            "307",
            "369",
            "278",
            "337",
            "306",
            "277",
            "248",
            "276",
            "368",
            "275",
            "367",
            "218",
            "247",
            "217",
            "188",
            "189",
            "219",
            "187",
            "399",
            "459",
            "159",
            "488",
            "366",
            "427",
            "362",
            "549",
            "397",
            "516",
            "426",
            "155",
            "489",
            "398",
            "333",
            "183",
            "486"
        ],
        "4": [
            "881",
            "879",
            "880",
            "878",
            "877",
            "848",
            "876",
            "847",
            "817",
            "818",
            "846",
            "788",
            "819",
            "789",
            "820",
            "759",
            "757",
            "815",
            "728",
            "729",
            "790",
            "756",
            "785",
            "813",
            "760",
            "699",
            "761",
            "726",
            "725",
            "724",
            "694",
            "844",
            "843",
            "762",
            "873",
            "782",
            "763",
            "752",
            "751",
            "781",
            "750",
            "723",
            "784",
            "720",
            "668",
            "842",
            "874",
            "812",
            "841",
            "871",
            "872",
            "755",
            "840",
            "810",
            "811",
            "870",
            "360",
            "301",
            "605"
        ],
        "5": [
            "418",
            "419",
            "389",
            "388",
            "417",
            "358",
            "328",
            "329",
            "326",
            "446",
            "416",
            "476",
            "356",
            "415",
            "445",
            "297",
            "386",
            "444",
            "385",
            "267",
            "475",
            "354",
            "414",
            "384",
            "474",
            "266",
            "236",
            "206",
            "504",
            "207",
            "235",
            "234",
            "208",
            "503",
            "534",
            "533",
            "564",
            "264",
            "565",
            "594",
            "295",
            "626",
            "209",
            "269",
            "239",
            "566",
            "537",
            "536",
            "265",
            "595",
            "293",
            "568",
            "508",
            "538",
            "294",
            "323",
            "84",
            "654"
        ],