{
    "Instance": "Center600_G7",
    "Objective": 244,
    "Infeasibility": 0.006456287716453304,
    "Starting Time": 1692558563.6892312,
    "Time Taken": 183.25765776634216,
    "Initialization Time": 147.3139455318451,
    "nrEliteSolutions": 20,
    "i_max": 500,
    "nrDistricts": 10,
    "delta": 0.05,
    "llambda": 0.7,
    "rcl_parameter": 0.3,
    "Allocation": {
        "0": [
            "421",
            "452",
            "511",
            "453",
            "391",
            "422",
            "510",
            "361",
            "390",
            "454",
            "392",
            "424",
            "331",
            "360",
            "540",
            "362",
            "513",
            "542",
            "393",
            "484",
            "332",
            "455",
            "425",
            "330",
            "300",
            "485",
            "426",
            "515",
            "394",
            "396",
            "427",
            "570",
            "333",
            "303",
            "363",
            "428",
            "572",
            "270",
            "302",
            "602",
            "271",
            "240",
            "601",
            "600",
            "630",
            "661",
            "544",
            "660",
            "720",
            "870",
            "721",
            "811",
            "810",
            "691",
            "840",
            "751",
            "812",
            "841",
            "750",
            "780",
            "782"
        ],
        "1": [
            "137",
            "136",
            "105",
            "76",
            "75",
            "74",
            "44",
            "79",
            "80",
            "110",
            "81",
            "50",
            "141",
            "170",
            "82",
            "21",
            "19",
            "52",
            "171",
            "83",
            "113",
            "22",
            "230",
            "144",
            "115",
            "172",
            "143",
            "84",
            "173",
            "24",
            "145",
            "146",
            "147",
            "116",
            "55",
            "25",
            "117",
            "118",
            "176",
            "206",
            "86",
            "88",
            "209",
            "179",
            "89",
            "208",
            "269",
            "56",
            "299",
            "57",
            "58",
            "29",
            "149",
            "59",
            "87",
            "28",
            "268",
            "119",
            "26",
            "286"
        ],
        "2": [
            "884",
            "885",
            "855",
            "856",
            "887",
            "888",
            "857",
            "889",
            "890",
            "891",
            "861",
            "862",
            "863",
            "833",
            "864",
            "865",
            "894",
            "803",
            "895",
            "866",
            "835",
            "896",
            "773",
            "804",
            "802",
            "836",
            "774",
            "897",
            "744",
            "772",
            "806",
            "776",
            "898",
            "746",
            "745",
            "837",
            "807",
            "777",
            "808",
            "775",
            "838",
            "899",
            "868",
            "869",
            "747",
            "809",
            "712",
            "704",
            "741",
            "749",
            "714",
            "677",
            "440",
            "411",
            "443",
            "412",
            "477",
            "684",
            "681",
            "569"
        ],
        "3": [
            "882",
            "852",
            "822",
            "821",
            "819",
            "820",
            "790",
            "879",
            "849",
            "878",
            "847",
            "877",
            "876",
            "846",
            "816",
            "875",
            "815",
            "845",
            "814",
            "786",
            "874",
            "785",
            "784",
            "787",
            "844",
            "873",
            "757",
            "843",
            "756",
            "872",
            "788",
            "728",
            "727",
            "699",
            "730",
            "638",
            "667",
            "666",
            "731",
            "608",
            "607",
            "636",
            "606",
            "635",
            "671",
            "634",
            "664",
            "604",
            "694",
            "663",
            "573",
            "725",
            "723",
            "724",
            "693",
            "695",
            "631",
            "514",
            "692",
            "512",
            "545",
            "722",
            "543"
        ],
        "4": [
            "194",
            "195",
            "225",
            "196",
            "255",
            "256",
            "316",
            "317",
            "318",
            "347",
            "319",
            "320",
            "350",
            "351",
            "291",
            "380",
            "323",
            "410",
            "352",
            "292",
            "324",
            "353",
            "262",
            "382",
            "263",
            "354",
            "470",
            "294",
            "439",
            "413",
            "414",
            "355",
            "264",
            "234",
            "203",
            "204",
            "235",
            "468",
            "265",
            "236",
            "175",
            "237",
            "207",
            "267",
            "112",
            "239",
            "23",
            "77",
            "135",
            "148",
            "140",
            "201",
            "114",
            "178",
            "20",
            "85",
            "205",
            "473"
        ],
        "5": [
            "734",
            "674",
            "675",
            "676",
            "678",
            "679",
            "680",
            "650",
            "710",
            "682",
            "711",
            "651",
            "683",
            "740",
            "652",
            "621",
            "770",
            "653",
            "742",
            "623",
            "654",
            "771",
            "769",
            "800",
            "624",
            "594",
            "715",
            "685",
            "564",
            "625",
            "716",
            "768",
            "655",
            "830",
            "738",
            "717",
            "687",
            "657",
            "737",
            "718",
            "719",
            "798",
            "797",
            "377",
            "441",
            "260",
            "232",
            "322",
            "438",
            "174",
            "202",
            "231",
            "404",
            "539",
            "589"
        ],