{
    "Instance": "Center600_G4",
    "Objective": 250,
    "Infeasibility": 0.002103840785797671,
    "Starting Time": 1692558680.4689786,
    "Time Taken": 179.29534816741943,
    "Initialization Time": 143.59869289398193,
    "nrEliteSolutions": 20,
    "i_max": 500,
    "nrDistricts": 10,
    "delta": 0.05,
    "llambda": 0.7,
    "rcl_parameter": 0.3,
    "Allocation": {
        "0": [
            "839",
            "869",
            "809",
            "868",
            "749",
            "779",
            "778",
            "719",
            "748",
            "747",
            "746",
            "717",
            "687",
            "776",
            "745",
            "775",
            "716",
            "744",
            "657",
            "714",
            "806",
            "715",
            "805",
            "807",
            "656",
            "835",
            "743",
            "804",
            "837",
            "685",
            "803",
            "655",
            "833",
            "832",
            "625",
            "865",
            "863",
            "864",
            "866",
            "893",
            "896",
            "892",
            "862",
            "626",
            "861",
            "860",
            "831",
            "830",
            "894",
            "890",
            "800",
            "560",
            "742",
            "588",
            "740",
            "614",
            "566",
            "568",
            "612",
            "553",
            "353",
            "659"
        ],
        "1": [
            "43",
            "73",
            "103",
            "72",
            "133",
            "163",
            "193",
            "194",
            "192",
            "224",
            "254",
            "222",
            "252",
            "255",
            "256",
            "226",
            "196",
            "166",
            "136",
            "77",
            "106",
            "76",
            "79",
            "78",
            "48",
            "51",
            "50",
            "80",
            "20",
            "110",
            "81",
            "111",
            "52",
            "21",
            "82",
            "53",
            "141",
            "22",
            "112",
            "83",
            "23",
            "142",
            "172",
            "143",
            "173",
            "203",
            "200",
            "201",
            "202",
            "231",
            "146",
            "56",
            "24",
            "263",
            "84",
            "144"
        ],
        "2": [
            "0",
            "1",
            "30",
            "3",
            "2",
            "32",
            "61",
            "62",
            "34",
            "33",
            "63",
            "90",
            "93",
            "122",
            "94",
            "5",
            "121",
            "65",
            "182",
            "95",
            "151",
            "120",
            "124",
            "181",
            "96",
            "66",
            "213",
            "67",
            "37",
            "68",
            "69",
            "7",
            "154",
            "38",
            "8",
            "97",
            "243",
            "244",
            "211",
            "184",
            "210",
            "128",
            "158",
            "129",
            "9",
            "180",
            "214",
            "159",
            "240",
            "130",
            "70",
            "270",
            "189",
            "11",
            "10",
            "271",
            "301",
            "131",
            "273"
        ],
        "3": [
            "882",
            "884",
            "883",
            "854",
            "855",
            "823",
            "824",
            "795",
            "794",
            "822",
            "821",
            "765",
            "820",
            "819",
            "849",
            "789",
            "818",
            "848",
            "879",
            "759",
            "788",
            "817",
            "787",
            "847",
            "878",
            "816",
            "758",
            "877",
            "729",
            "786",
            "815",
            "876",
            "875",
            "756",
            "814",
            "728",
            "845",
            "698",
            "813",
            "697",
            "668",
            "812",
            "726",
            "755",
            "843",
            "874",
            "873",
            "727",
            "638",
            "699",
            "783",
            "785",
            "872",
            "871",
            "841",
            "870",
            "840",
            "842",
            "339",
            "570",
            "630",
            "480"
        ],
        "4": [
            "29",
            "28",
            "59",
            "58",
            "88",
            "89",
            "57",
            "87",
            "118",
            "117",
            "148",
            "119",
            "116",
            "26",
            "147",
            "178",
            "25",
            "179",
            "208",
            "145",
            "209",
            "176",
            "207",
            "238",
            "175",
            "268",
            "239",
            "237",
            "298",
            "114",
            "205",
            "269",
            "113",
            "267",
            "328",
            "204",
            "54",
            "358",
            "85",
            "234",
            "206",
            "236",
            "359",
            "357",
            "264",
            "329",
            "299",
            "388",
            "174",
            "500",
            "502",
            "297",
            "527",
            "324",
            "718",
            "348",
            "293",
            "587",
            "680"
        ],
        "5": [
            "316",
            "376",
            "346",
            "406",
            "436",
            "405",
            "466",
            "496",
            "404",
            "403",
            "342",
            "373",
            "343",
            "341",
            "311",
            "310",
            "371",
            "281",
            "309",
            "308",
            "369",
            "279",
            "307",
            "338",
            "278",
            "277",
            "248",
            "399",
            "337",
            "429",
            "428",
            "430",
            "427",
            "458",
            "247",
            "306",
            "217",
            "187",
            "246",
            "157",
            "156",
            "126",
            "186",
            "367",
            "185",
            "215",
            "397",
            "216",
            "426",
            "366",
            "396",
            "365",
            "368",
            "398",
            "305",
            "335",
            "304",
            "275",
            "303",
            "334",
            "218",
            "91",
            "39"
        ],