{
    "Instance": "Center600_G11",
    "Objective": 248,
    "Infeasibility": 0.0,
    "Starting Time": 1711826838.962506,
    "Time Taken": 162.21975374221802,
    "Initialization Time": 130.5936930179596,
    "nrEliteSolutions": 20,
    "i_max": 500,
    "nrDistricts": 10,
    "delta": 0.05,
    "llambda": 0.7,
    "rcl_parameter": 0.3,
    "Allocation": {
        "0": [
            "620",
            "650",
            "651",
            "619",
            "618",
            "652",
            "588",
            "653",
            "587",
            "682",
            "622",
            "623",
            "586",
            "624",
            "712",
            "684",
            "713",
            "742",
            "616",
            "685",
            "711",
            "625",
            "743",
            "615",
            "715",
            "626",
            "595",
            "503",
            "627",
            "686",
            "597",
            "504",
            "567",
            "537",
            "536",
            "657",
            "598",
            "474",
            "645",
            "675",
            "475",
            "534",
            "599",
            "674",
            "535",
            "658",
            "705",
            "735",
            "659",
            "566",
            "539",
            "734",
            "673",
            "629",
            "703",
            "569",
            "838",
            "740",
            "383",
            "718",
            "867"
        ],
        "1": [
            "881",
            "851",
            "850",
            "849",
            "879",
            "878",
            "877",
            "847",
            "876",
            "875",
            "846",
            "817",
            "845",
            "874",
            "815",
            "818",
            "787",
            "816",
            "844",
            "757",
            "814",
            "786",
            "788",
            "785",
            "843",
            "813",
            "755",
            "842",
            "758",
            "841",
            "783",
            "872",
            "840",
            "725",
            "726",
            "724",
            "782",
            "696",
            "871",
            "666",
            "870",
            "781",
            "723",
            "722",
            "752",
            "780",
            "664",
            "810",
            "695",
            "812",
            "759",
            "691",
            "720",
            "698",
            "455",
            "390",
            "450",
            "607"
        ],
        "2": [
            "134",
            "104",
            "74",
            "75",
            "14",
            "44",
            "43",
            "15",
            "71",
            "102",
            "69",
            "132",
            "99",
            "68",
            "97",
            "129",
            "96",
            "38",
            "127",
            "95",
            "159",
            "126",
            "8",
            "157",
            "189",
            "219",
            "9",
            "125",
            "7",
            "6",
            "5",
            "124",
            "35",
            "123",
            "154",
            "65",
            "93",
            "36",
            "63",
            "64",
            "33",
            "32",
            "31",
            "1",
            "3",
            "0",
            "2",
            "454",
            "333",
            "637",
            "549",
            "303",
            "30",
            "427",
            "300",
            "397",
            "215",
            "61",
            "90",
            "459",
            "576",
            "335"
        ],
        "3": [
            "404",
            "402",
            "372",
            "403",
            "343",
            "342",
            "313",
            "283",
            "314",
            "253",
            "223",
            "252",
            "224",
            "281",
            "251",
            "225",
            "311",
            "226",
            "227",
            "310",
            "309",
            "339",
            "258",
            "279",
            "338",
            "337",
            "249",
            "278",
            "336",
            "307",
            "248",
            "366",
            "277",
            "218",
            "247",
            "305",
            "217",
            "187",
            "216",
            "186",
            "156",
            "66",
            "211",
            "67",
            "547",
            "210",
            "98",
            "94",
            "551",
            "92",
            "42",
            "482",
            "158",
            "697",
            "72",
            "246",
            "304",
            "184",
            "552",
            "519",
            "521",
            "452",
            "491"
        ],
        "4": [
            "25",
            "26",
            "27",
            "57",
            "28",
            "87",
            "58",
            "86",
            "88",
            "29",
            "59",
            "85",
            "116",
            "84",
            "89",
            "118",
            "115",
            "119",
            "146",
            "145",
            "149",
            "83",
            "144",
            "175",
            "176",
            "53",
            "205",
            "174",
            "206",
            "179",
            "177",
            "207",
            "237",
            "238",
            "209",
            "239",
            "268",
            "235",
            "269",
            "298",
            "328",
            "299",
            "208",
            "505",
            "259",
            "526",
            "231",
            "321",
            "441",
            "387",
            "322",
            "654",
            "260",
            "173",
            "508",
            "596",
            "353",
            "656",
            "746",
            "138"
        ],
        "5": [
            "462",
            "461",
            "431",
            "400",
            "430",
            "489",
            "398",
            "488",
            "368",
            "487",
            "396",
            "518",
            "457",
            "426",
            "548",
            "517",
            "395",
            "425",
            "365",
            "546",
            "515",
            "456",
            "577",
            "579",
            "609",
            "453",
            "639",
            "484",
            "514",
            "513",
            "483",
            "606",
            "669",
            "635",
            "575",
            "699",
            "603",
            "541",
            "731",
            "571",
            "610",
            "631",
            "540",
            "600",
            "700",
            "573",
            "632",
            "633",
            "601",
            "608",
            "668",
            "570",
            "660",
            "542",
            "662",
            "692",
            "572",
            "544",
            "701",
            "661",
            "70",
            "301"
        ],