{
    "Instance": "Center600_G13",
    "Objective": 305,
    "Infeasibility": 0.0,
    "Starting Time": 1711827211.1122532,
    "Time Taken": 164.40395665168762,
    "Initialization Time": 131.7643964290619,
    "nrEliteSolutions": 20,
    "i_max": 500,
    "nrDistricts": 10,
    "delta": 0.05,
    "llambda": 0.7,
    "rcl_parameter": 0.3,
    "Allocation": {
        "0": [
            "282",
            "312",
            "283",
            "342",
            "372",
            "253",
            "223",
            "373",
            "222",
            "194",
            "221",
            "375",
            "195",
            "404",
            "196",
            "376",
            "166",
            "436",
            "316",
            "437",
            "136",
            "106",
            "407",
            "317",
            "135",
            "134",
            "105",
            "493",
            "318",
            "287",
            "408",
            "378",
            "76",
            "77",
            "524",
            "379",
            "257",
            "133",
            "522",
            "227",
            "47",
            "103",
            "554",
            "521",
            "17",
            "584",
            "16",
            "583",
            "613",
            "470",
            "519",
            "374",
            "428",
            "518",
            "516",
            "579",
            "427",
            "463"
        ],
        "1": [
            "672",
            "733",
            "732",
            "702",
            "734",
            "704",
            "764",
            "705",
            "675",
            "794",
            "853",
            "824",
            "854",
            "856",
            "855",
            "852",
            "827",
            "826",
            "828",
            "830",
            "801",
            "860",
            "831",
            "802",
            "890",
            "861",
            "891",
            "803",
            "833",
            "804",
            "892",
            "863",
            "893",
            "528",
            "597",
            "567",
            "770",
            "598",
            "626",
            "569",
            "657",
            "739",
            "772",
            "746",
            "798",
            "415",
            "747",
            "418",
            "808",
            "590",
            "869",
            "446",
            "749",
            "619",
            "898",
            "561",
            "416",
            "805",
            "294",
            "293"
        ],
        "2": [
            "31",
            "1",
            "0",
            "2",
            "33",
            "4",
            "3",
            "6",
            "5",
            "36",
            "7",
            "37",
            "66",
            "67",
            "8",
            "65",
            "64",
            "68",
            "97",
            "95",
            "9",
            "69",
            "10",
            "94",
            "39",
            "98",
            "125",
            "99",
            "40",
            "93",
            "11",
            "92",
            "124",
            "129",
            "91",
            "100",
            "154",
            "101",
            "128",
            "90",
            "155",
            "156",
            "185",
            "159",
            "62",
            "126",
            "158",
            "157",
            "187",
            "60",
            "306",
            "366",
            "246",
            "605",
            "570",
            "422",
            "523",
            "218",
            "330",
            "363",
            "270",
            "451",
            "600"
        ],
        "3": [
            "840",
            "872",
            "810",
            "842",
            "811",
            "812",
            "781",
            "782",
            "780",
            "783",
            "751",
            "815",
            "784",
            "845",
            "720",
            "844",
            "753",
            "691",
            "785",
            "722",
            "874",
            "876",
            "661",
            "631",
            "724",
            "725",
            "660",
            "692",
            "786",
            "632",
            "756",
            "601",
            "693",
            "630",
            "817",
            "571",
            "818",
            "847",
            "603",
            "572",
            "788",
            "602",
            "542",
            "819",
            "757",
            "758",
            "510",
            "789",
            "480",
            "540",
            "759",
            "849",
            "787",
            "878",
            "634",
            "573",
            "726",
            "879",
            "429",
            "242"
        ],
        "4": [
            "29",
            "28",
            "58",
            "59",
            "27",
            "57",
            "26",
            "56",
            "55",
            "25",
            "117",
            "24",
            "147",
            "85",
            "177",
            "53",
            "118",
            "146",
            "148",
            "84",
            "176",
            "145",
            "119",
            "207",
            "83",
            "144",
            "174",
            "22",
            "21",
            "296",
            "297",
            "298",
            "295",
            "51",
            "239",
            "111",
            "110",
            "175",
            "173",
            "324",
            "52",
            "200",
            "230",
            "234",
            "291",
            "80",
            "265",
            "264",
            "202",
            "263",
            "170",
            "231",
            "140",
            "143",
            "209",
            "261",
            "262",
            "290",
            "171",
            "456"
        ],
        "5": [
            "899",
            "868",
            "897",
            "839",
            "867",
            "809",
            "779",
            "866",
            "748",
            "777",
            "836",
            "865",
            "719",
            "776",
            "835",
            "895",
            "775",
            "717",
            "689",
            "745",
            "716",
            "688",
            "894",
            "658",
            "744",
            "628",
            "659",
            "627",
            "568",
            "566",
            "715",
            "599",
            "629",
            "537",
            "435",
            "713",
            "412",
            "434",
            "23",
            "769",
            "449",
            "799",
            "441",
            "325",
            "116",
            "268",
            "54",
            "149",
            "236",
            "530",
            "683",
            "477",
            "114",
            "707",
            "201",
            "50"
        ],