{
    "Instance": "Center600_G15",
    "Objective": 233,
    "Infeasibility": 0.0028519099947671217,
    "Starting Time": 1711826183.0303977,
    "Time Taken": 161.90580034255981,
    "Initialization Time": 130.26094007492065,
    "nrEliteSolutions": 20,
    "i_max": 500,
    "nrDistricts": 10,
    "delta": 0.05,
    "llambda": 0.7,
    "rcl_parameter": 0.3,
    "Allocation": {
        "0": [
            "313",
            "343",
            "312",
            "342",
            "283",
            "344",
            "253",
            "345",
            "252",
            "346",
            "376",
            "377",
            "347",
            "401",
            "406",
            "405",
            "348",
            "251",
            "432",
            "281",
            "430",
            "433",
            "429",
            "459",
            "463",
            "428",
            "458",
            "399",
            "489",
            "457",
            "487",
            "519",
            "427",
            "426",
            "517",
            "549",
            "398",
            "518",
            "396",
            "548",
            "493",
            "488",
            "494",
            "524",
            "516",
            "525",
            "551",
            "365",
            "582",
            "585",
            "586",
            "552",
            "556",
            "335",
            "526",
            "668",
            "695",
            "725",
            "609",
            "481",
            "159",
            "129"
        ],
        "1": [
            "16",
            "46",
            "45",
            "76",
            "79",
            "78",
            "77",
            "50",
            "80",
            "20",
            "110",
            "51",
            "140",
            "21",
            "111",
            "170",
            "52",
            "141",
            "22",
            "112",
            "171",
            "23",
            "172",
            "82",
            "201",
            "53",
            "142",
            "173",
            "83",
            "24",
            "84",
            "54",
            "143",
            "144",
            "114",
            "231",
            "55",
            "261",
            "262",
            "232",
            "56",
            "291",
            "26",
            "27",
            "233",
            "28",
            "58",
            "29",
            "59",
            "88",
            "87",
            "119",
            "89",
            "297",
            "530",
            "476",
            "350",
            "593"
        ],
        "2": [
            "868",
            "899",
            "898",
            "897",
            "896",
            "895",
            "866",
            "836",
            "894",
            "893",
            "806",
            "835",
            "864",
            "837",
            "776",
            "834",
            "807",
            "862",
            "775",
            "777",
            "861",
            "832",
            "804",
            "808",
            "860",
            "831",
            "891",
            "745",
            "774",
            "803",
            "809",
            "773",
            "715",
            "744",
            "685",
            "684",
            "714",
            "779",
            "624",
            "839",
            "595",
            "657",
            "658",
            "565",
            "564",
            "596",
            "597",
            "749",
            "568",
            "659",
            "569",
            "689",
            "629",
            "719",
            "628",
            "717",
            "748",
            "718",
            "475",
            "326"
        ],
        "3": [
            "256",
            "257",
            "227",
            "197",
            "165",
            "167",
            "166",
            "195",
            "194",
            "193",
            "133",
            "163",
            "132",
            "101",
            "134",
            "102",
            "100",
            "99",
            "98",
            "69",
            "68",
            "39",
            "38",
            "67",
            "9",
            "8",
            "160",
            "189",
            "10",
            "188",
            "7",
            "219",
            "11",
            "187",
            "249",
            "6",
            "248",
            "157",
            "12",
            "279",
            "247",
            "278",
            "217",
            "127",
            "309",
            "277",
            "92",
            "65",
            "216",
            "61",
            "334",
            "66",
            "369",
            "304",
            "246",
            "94",
            "211"
        ],
        "4": [
            "870",
            "840",
            "871",
            "841",
            "872",
            "810",
            "811",
            "874",
            "873",
            "843",
            "781",
            "780",
            "844",
            "875",
            "814",
            "783",
            "876",
            "784",
            "815",
            "785",
            "877",
            "752",
            "846",
            "754",
            "724",
            "786",
            "816",
            "847",
            "787",
            "817",
            "848",
            "819",
            "694",
            "879",
            "726",
            "723",
            "663",
            "692",
            "727",
            "691",
            "665",
            "697",
            "696",
            "636",
            "637",
            "667",
            "690",
            "669",
            "699",
            "670",
            "638",
            "698",
            "878",
            "720",
            "759",
            "639",
            "633",
            "758",
            "728",
            "521",
            "331",
            "514",
            "243",
            "372"
        ],
        "5": [
            "0",
            "31",
            "30",
            "60",
            "32",
            "90",
            "62",
            "2",
            "91",
            "33",
            "3",
            "63",
            "34",
            "121",
            "151",
            "122",
            "35",
            "64",
            "4",
            "5",
            "181",
            "95",
            "150",
            "124",
            "125",
            "180",
            "155",
            "154",
            "153",
            "184",
            "183",
            "185",
            "156",
            "186",
            "126",
            "213",
            "212",
            "241",
            "276",
            "240",
            "270",
            "300",
            "271",
            "306",
            "245",
            "336",
            "244",
            "242",
            "338",
            "520",
            "693",
            "397",
            "395",
            "601",
            "339",
            "431",
            "635",
            "371",
            "337"
        ],