{
    "Instance": "Center600_G9",
    "Objective": 260,
    "Infeasibility": 0.0008800559505769851,
    "Starting Time": 1692558164.1185856,
    "Time Taken": 180.1955225467682,
    "Initialization Time": 144.54463934898376,
    "nrEliteSolutions": 20,
    "i_max": 500,
    "nrDistricts": 10,
    "delta": 0.05,
    "llambda": 0.7,
    "rcl_parameter": 0.3,
    "Allocation": {
        "0": [
            "561",
            "560",
            "562",
            "591",
            "590",
            "532",
            "620",
            "500",
            "533",
            "651",
            "564",
            "502",
            "622",
            "650",
            "503",
            "534",
            "681",
            "565",
            "471",
            "623",
            "504",
            "652",
            "505",
            "683",
            "535",
            "536",
            "595",
            "654",
            "649",
            "537",
            "648",
            "443",
            "567",
            "474",
            "412",
            "440",
            "597",
            "439",
            "438",
            "568",
            "627",
            "437",
            "618",
            "508",
            "588",
            "494",
            "383",
            "408",
            "464",
            "434",
            "445",
            "436",
            "497",
            "616",
            "524",
            "509",
            "617",
            "554",
            "477",
            "377",
            "264"
        ],
        "1": [
            "875",
            "845",
            "876",
            "815",
            "877",
            "846",
            "814",
            "847",
            "817",
            "785",
            "848",
            "818",
            "813",
            "878",
            "787",
            "849",
            "788",
            "784",
            "783",
            "819",
            "843",
            "879",
            "789",
            "782",
            "754",
            "842",
            "812",
            "753",
            "811",
            "820",
            "752",
            "724",
            "873",
            "728",
            "841",
            "698",
            "840",
            "870",
            "723",
            "727",
            "694",
            "781",
            "729",
            "759",
            "780",
            "722",
            "721",
            "720",
            "695",
            "543",
            "368",
            "541",
            "272",
            "516",
            "303",
            "512",
            "872",
            "429",
            "152"
        ],
        "2": [
            "9",
            "8",
            "39",
            "38",
            "37",
            "7",
            "68",
            "67",
            "98",
            "36",
            "6",
            "97",
            "35",
            "127",
            "96",
            "5",
            "65",
            "34",
            "4",
            "95",
            "157",
            "125",
            "33",
            "94",
            "93",
            "155",
            "154",
            "123",
            "185",
            "32",
            "3",
            "2",
            "62",
            "61",
            "31",
            "91",
            "60",
            "122",
            "153",
            "63",
            "90",
            "151",
            "183",
            "1",
            "150",
            "180",
            "210",
            "211",
            "120",
            "664",
            "634",
            "362",
            "665",
            "758",
            "521",
            "274",
            "218"
        ],
        "3": [
            "342",
            "343",
            "315",
            "285",
            "224",
            "194",
            "195",
            "196",
            "198",
            "167",
            "231",
            "230",
            "260",
            "261",
            "290",
            "201",
            "291",
            "202",
            "320",
            "171",
            "292",
            "203",
            "173",
            "233",
            "351",
            "170",
            "141",
            "322",
            "352",
            "111",
            "293",
            "81",
            "323",
            "411",
            "139",
            "294",
            "51",
            "80",
            "295",
            "325",
            "18",
            "19",
            "444",
            "177",
            "116",
            "204",
            "356",
            "470",
            "56",
            "145",
            "296",
            "530",
            "472",
            "298",
            "415",
            "144",
            "140",
            "531",
            "149"
        ],
        "4": [
            "59",
            "28",
            "29",
            "27",
            "57",
            "26",
            "87",
            "86",
            "25",
            "117",
            "55",
            "118",
            "24",
            "147",
            "146",
            "54",
            "115",
            "23",
            "176",
            "22",
            "207",
            "53",
            "114",
            "175",
            "52",
            "21",
            "113",
            "236",
            "205",
            "208",
            "174",
            "238",
            "209",
            "142",
            "239",
            "328",
            "178",
            "20",
            "82",
            "358",
            "359",
            "179",
            "267",
            "50",
            "389",
            "357",
            "266",
            "388",
            "327",
            "416",
            "446",
            "418",
            "386",
            "417",
            "414",
            "447",
            "448",
            "355",
            "354",
            "419",
            "407",
            "384",
            "506",
            "344",
            "653"
        ],
        "5": [
            "42",
            "13",
            "43",
            "14",
            "15",
            "16",
            "46",
            "76",
            "106",
            "105",
            "104",
            "133",
            "134",
            "132",
            "164",
            "162",
            "131",
            "130",
            "129",
            "188",
            "159",
            "158",
            "248",
            "187",
            "217",
            "219",
            "216",
            "249",
            "247",
            "278",
            "277",
            "308",
            "279",
            "246",
            "276",
            "215",
            "245",
            "275",
            "244",
            "184",
            "213",
            "172",
            "214",
            "228",
            "112",
            "281",
            "367",
            "254",
            "336",
            "255",
            "312",
            "206",
            "338",
            "372",
            "110",
            "193",
            "381",
            "380",
            "235",
            "66",
            "314",
            "229",
            "197",
            "282"
        ],