{
    "Instance": "Corners600_G17",
    "Objective": 234,
    "Infeasibility": 0.004137907121814135,
    "Starting Time": 1711825374.6041455,
    "Time Taken": 164.5373718738556,
    "Initialization Time": 133.6634304523468,
    "nrEliteSolutions": 20,
    "i_max": 500,
    "nrDistricts": 10,
    "delta": 0.05,
    "llambda": 0.7,
    "rcl_parameter": 0.3,
    "Allocation": {
        "0": [
            "433",
            "463",
            "432",
            "464",
            "435",
            "431",
            "493",
            "436",
            "523",
            "375",
            "524",
            "376",
            "467",
            "408",
            "554",
            "409",
            "439",
            "378",
            "440",
            "498",
            "410",
            "380",
            "471",
            "348",
            "349",
            "584",
            "527",
            "556",
            "614",
            "469",
            "379",
            "615",
            "587",
            "528",
            "585",
            "588",
            "529",
            "617",
            "618",
            "647",
            "582",
            "589",
            "679",
            "648",
            "531",
            "649",
            "711",
            "678",
            "530",
            "560",
            "621",
            "740",
            "595",
            "684",
            "562",
            "477",
            "504",
            "472",
            "502",
            "297"
        ],
        "1": [
            "60",
            "90",
            "61",
            "120",
            "91",
            "121",
            "92",
            "122",
            "151",
            "152",
            "181",
            "153",
            "183",
            "182",
            "180",
            "212",
            "213",
            "210",
            "242",
            "243",
            "184",
            "185",
            "214",
            "273",
            "244",
            "215",
            "241",
            "245",
            "155",
            "186",
            "271",
            "303",
            "275",
            "270",
            "304",
            "301",
            "334",
            "331",
            "332",
            "361",
            "362",
            "364",
            "276",
            "360",
            "300",
            "390",
            "306",
            "336",
            "366",
            "426",
            "399",
            "279",
            "342",
            "400",
            "341",
            "339",
            "250"
        ],
        "2": [
            "746",
            "747",
            "748",
            "717",
            "718",
            "749",
            "688",
            "779",
            "719",
            "689",
            "809",
            "839",
            "838",
            "869",
            "868",
            "837",
            "897",
            "867",
            "836",
            "896",
            "806",
            "835",
            "895",
            "865",
            "834",
            "864",
            "833",
            "863",
            "803",
            "893",
            "892",
            "773",
            "802",
            "801",
            "772",
            "891",
            "743",
            "742",
            "774",
            "771",
            "800",
            "775",
            "831",
            "890",
            "830",
            "799",
            "860",
            "765",
            "651",
            "828",
            "791",
            "703",
            "702",
            "681",
            "643",
            "707",
            "710"
        ],
        "3": [
            "1",
            "33",
            "2",
            "3",
            "4",
            "34",
            "63",
            "5",
            "35",
            "36",
            "37",
            "7",
            "67",
            "38",
            "66",
            "68",
            "97",
            "96",
            "95",
            "127",
            "98",
            "69",
            "70",
            "99",
            "94",
            "100",
            "40",
            "130",
            "131",
            "41",
            "101",
            "102",
            "103",
            "104",
            "105",
            "74",
            "134",
            "106",
            "44",
            "45",
            "76",
            "14",
            "77",
            "15",
            "13",
            "78",
            "16",
            "47",
            "79",
            "48",
            "108",
            "49",
            "138",
            "18",
            "50",
            "19",
            "168",
            "20",
            "142",
            "230",
            "194",
            "110",
            "84",
            "200"
        ],
        "4": [
            "840",
            "841",
            "870",
            "871",
            "872",
            "873",
            "874",
            "875",
            "845",
            "876",
            "815",
            "846",
            "814",
            "784",
            "816",
            "813",
            "754",
            "817",
            "812",
            "818",
            "724",
            "753",
            "755",
            "787",
            "756",
            "848",
            "694",
            "725",
            "664",
            "757",
            "878",
            "879",
            "693",
            "665",
            "692",
            "849",
            "666",
            "696",
            "758",
            "722",
            "635",
            "697",
            "728",
            "698",
            "721",
            "720",
            "750",
            "780",
            "735",
            "641",
            "609",
            "616",
            "796",
            "729",
            "640",
            "852",
            "737",
            "731",
            "583",
            "525",
            "555"
        ],
        "5": [
            "460",
            "490",
            "520",
            "519",
            "521",
            "549",
            "548",
            "547",
            "546",
            "576",
            "516",
            "606",
            "515",
            "607",
            "514",
            "485",
            "544",
            "637",
            "484",
            "543",
            "483",
            "513",
            "573",
            "454",
            "453",
            "572",
            "424",
            "603",
            "423",
            "452",
            "602",
            "571",
            "570",
            "600",
            "451",
            "425",
            "633",
            "393",
            "541",
            "392",
            "422",
            "394",
            "395",
            "601",
            "631",
            "427",
            "540",
            "456",
            "630",
            "660",
            "457",
            "428",
            "510",
            "487",
            "429",
            "480",
            "251",
            "340",
            "368",
            "313",
            "123",
            "249"
        ],