{
    "Instance": "Corners600_G5",
    "Objective": 234,
    "Infeasibility": 0.01934152320306556,
    "Starting Time": 1692558126.3061004,
    "Time Taken": 180.82758045196533,
    "Initialization Time": 145.78626561164856,
    "nrEliteSolutions": 20,
    "i_max": 500,
    "nrDistricts": 10,
    "delta": 0.05,
    "llambda": 0.7,
    "rcl_parameter": 0.3,
    "Allocation": {
        "0": [
            "510",
            "511",
            "540",
            "480",
            "481",
            "541",
            "542",
            "571",
            "482",
            "451",
            "543",
            "573",
            "572",
            "601",
            "544",
            "574",
            "602",
            "452",
            "483",
            "631",
            "575",
            "421",
            "422",
            "632",
            "484",
            "453",
            "576",
            "630",
            "391",
            "420",
            "633",
            "606",
            "662",
            "390",
            "361",
            "660",
            "360",
            "423",
            "330",
            "424",
            "300",
            "663",
            "425",
            "607",
            "692",
            "393",
            "693",
            "395",
            "362",
            "455",
            "332",
            "664",
            "694",
            "248",
            "638",
            "243",
            "181",
            "336",
            "245",
            "750",
            "610"
        ],
        "1": [
            "352",
            "353",
            "323",
            "383",
            "354",
            "324",
            "413",
            "355",
            "385",
            "443",
            "444",
            "473",
            "445",
            "415",
            "474",
            "475",
            "446",
            "504",
            "416",
            "477",
            "476",
            "507",
            "538",
            "508",
            "568",
            "569",
            "567",
            "598",
            "628",
            "597",
            "566",
            "596",
            "658",
            "565",
            "536",
            "627",
            "659",
            "629",
            "564",
            "689",
            "563",
            "533",
            "719",
            "562",
            "749",
            "532",
            "718",
            "592",
            "561",
            "748",
            "747",
            "714",
            "470",
            "716",
            "744",
            "501",
            "686",
            "712"
        ],
        "2": [
            "479",
            "448",
            "449",
            "419",
            "359",
            "418",
            "389",
            "358",
            "387",
            "388",
            "328",
            "298",
            "299",
            "268",
            "297",
            "267",
            "296",
            "238",
            "266",
            "239",
            "237",
            "236",
            "326",
            "265",
            "208",
            "178",
            "205",
            "176",
            "148",
            "146",
            "147",
            "118",
            "204",
            "119",
            "174",
            "177",
            "117",
            "173",
            "115",
            "114",
            "144",
            "172",
            "87",
            "112",
            "57",
            "141",
            "143",
            "85",
            "88",
            "56",
            "27",
            "58",
            "26",
            "59",
            "23",
            "29",
            "24",
            "53",
            "25"
        ],
        "3": [
            "899",
            "869",
            "898",
            "839",
            "897",
            "838",
            "896",
            "837",
            "808",
            "867",
            "865",
            "866",
            "807",
            "836",
            "806",
            "835",
            "864",
            "834",
            "833",
            "863",
            "804",
            "894",
            "832",
            "774",
            "893",
            "892",
            "862",
            "861",
            "891",
            "775",
            "802",
            "831",
            "860",
            "773",
            "859",
            "829",
            "828",
            "858",
            "800",
            "769",
            "715",
            "887",
            "713",
            "717",
            "656",
            "682",
            "655",
            "711",
            "625",
            "741",
            "857",
            "771",
            "653",
            "624",
            "623",
            "797",
            "826",
            "795",
            "735",
            "765"
        ],
        "4": [
            "6",
            "8",
            "9",
            "10",
            "11",
            "12",
            "42",
            "71",
            "72",
            "70",
            "102",
            "100",
            "75",
            "133",
            "130",
            "129",
            "76",
            "160",
            "77",
            "106",
            "159",
            "46",
            "136",
            "158",
            "127",
            "47",
            "107",
            "189",
            "108",
            "109",
            "79",
            "139",
            "49",
            "110",
            "15",
            "161",
            "80",
            "137",
            "167",
            "197",
            "19",
            "168",
            "198",
            "140",
            "20",
            "111",
            "18",
            "54",
            "233",
            "84",
            "83",
            "206",
            "203",
            "51",
            "145",
            "116",
            "142",
            "52"
        ],
        "5": [
            "436",
            "407",
            "437",
            "467",
            "408",
            "438",
            "378",
            "377",
            "497",
            "409",
            "439",
            "379",
            "498",
            "469",
            "527",
            "349",
            "440",
            "410",
            "528",
            "319",
            "411",
            "526",
            "558",
            "559",
            "525",
            "555",
            "500",
            "495",
            "381",
            "524",
            "494",
            "320",
            "493",
            "290",
            "492",
            "463",
            "530",
            "291",
            "230",
            "292",
            "464",
            "502",
            "554",
            "229",
            "553",
            "551",
            "582",
            "200",
            "550",
            "228",
            "199",
            "521",
            "262",
            "201",
            "202",
            "677",
            "619",
            "643",
            "171",
            "672",
            "263",
            "707"
        ],