{
    "Instance": "Corners600_G29",
    "Objective": 238,
    "Infeasibility": 0.006341551088877594,
    "Starting Time": 1711826650.8116438,
    "Time Taken": 170.79607963562012,
    "Initialization Time": 138.3607702255249,
    "nrEliteSolutions": 20,
    "i_max": 500,
    "nrDistricts": 10,
    "delta": 0.05,
    "llambda": 0.7,
    "rcl_parameter": 0.3,
    "Allocation": {
        "0": [
            "834",
            "864",
            "804",
            "835",
            "836",
            "863",
            "803",
            "866",
            "893",
            "773",
            "867",
            "892",
            "896",
            "772",
            "743",
            "897",
            "832",
            "898",
            "771",
            "801",
            "742",
            "831",
            "713",
            "712",
            "770",
            "683",
            "682",
            "684",
            "711",
            "830",
            "652",
            "651",
            "654",
            "861",
            "686",
            "656",
            "625",
            "655",
            "657",
            "626",
            "595",
            "776",
            "597",
            "777",
            "629",
            "778",
            "659",
            "689",
            "779",
            "719",
            "688",
            "749",
            "809",
            "718",
            "838",
            "839",
            "475",
            "474",
            "530",
            "869"
        ],
        "1": [
            "60",
            "90",
            "61",
            "91",
            "62",
            "120",
            "31",
            "92",
            "122",
            "123",
            "152",
            "32",
            "1",
            "182",
            "153",
            "151",
            "2",
            "212",
            "181",
            "242",
            "213",
            "180",
            "4",
            "3",
            "214",
            "210",
            "184",
            "215",
            "240",
            "5",
            "245",
            "186",
            "155",
            "125",
            "126",
            "96",
            "95",
            "270",
            "65",
            "94",
            "66",
            "246",
            "97",
            "300",
            "276",
            "128",
            "68",
            "7",
            "38",
            "277",
            "307",
            "338",
            "368",
            "339",
            "12",
            "224",
            "45",
            "44"
        ],
        "2": [
            "701",
            "670",
            "700",
            "699",
            "698",
            "697",
            "728",
            "727",
            "667",
            "757",
            "786",
            "726",
            "787",
            "816",
            "785",
            "755",
            "784",
            "876",
            "846",
            "783",
            "845",
            "847",
            "814",
            "875",
            "844",
            "813",
            "753",
            "843",
            "723",
            "752",
            "874",
            "724",
            "722",
            "693",
            "751",
            "781",
            "721",
            "663",
            "664",
            "811",
            "780",
            "691",
            "841",
            "690",
            "634",
            "665",
            "810",
            "635",
            "660",
            "871",
            "695",
            "605",
            "606",
            "575",
            "576",
            "510",
            "513",
            "394",
            "399",
            "542",
            "451",
            "486"
        ],
        "3": [
            "54",
            "55",
            "25",
            "26",
            "57",
            "27",
            "28",
            "87",
            "86",
            "88",
            "116",
            "147",
            "148",
            "115",
            "89",
            "177",
            "178",
            "114",
            "149",
            "145",
            "59",
            "207",
            "176",
            "113",
            "144",
            "237",
            "206",
            "83",
            "236",
            "82",
            "235",
            "234",
            "233",
            "265",
            "52",
            "266",
            "296",
            "204",
            "22",
            "326",
            "297",
            "81",
            "295",
            "325",
            "294",
            "327",
            "356",
            "298",
            "355",
            "23",
            "354",
            "268",
            "269",
            "239",
            "349",
            "479",
            "162",
            "199",
            "419"
        ],
        "4": [
            "672",
            "643",
            "613",
            "673",
            "582",
            "612",
            "611",
            "581",
            "610",
            "552",
            "609",
            "553",
            "522",
            "551",
            "608",
            "639",
            "579",
            "492",
            "550",
            "554",
            "521",
            "493",
            "549",
            "638",
            "463",
            "555",
            "584",
            "464",
            "519",
            "548",
            "433",
            "547",
            "517",
            "516",
            "434",
            "525",
            "432",
            "404",
            "374",
            "435",
            "487",
            "585",
            "488",
            "586",
            "616",
            "617",
            "436",
            "405",
            "518",
            "466",
            "402",
            "467",
            "496",
            "278",
            "398",
            "108",
            "202",
            "308",
            "261"
        ],
        "5": [
            "469",
            "409",
            "439",
            "410",
            "408",
            "378",
            "407",
            "348",
            "318",
            "319",
            "346",
            "347",
            "317",
            "288",
            "345",
            "316",
            "287",
            "286",
            "376",
            "257",
            "228",
            "315",
            "256",
            "227",
            "229",
            "259",
            "230",
            "255",
            "231",
            "200",
            "169",
            "139",
            "140",
            "170",
            "138",
            "78",
            "110",
            "111",
            "232",
            "197",
            "314",
            "284",
            "109",
            "291",
            "260",
            "172",
            "141",
            "48",
            "49",
            "18",
            "50",
            "19",
            "20",
            "17",
            "117",
            "324",
            "163",
            "43"
        ],