{
    "Instance": "Corners600_G11",
    "Objective": 314,
    "Infeasibility": 0.0,
    "Starting Time": 1711825539.1470501,
    "Time Taken": 176.38392663002014,
    "Initialization Time": 139.20361351966858,
    "nrEliteSolutions": 20,
    "i_max": 500,
    "nrDistricts": 10,
    "delta": 0.05,
    "llambda": 0.7,
    "rcl_parameter": 0.3,
    "Allocation": {
        "0": [
            "822",
            "823",
            "851",
            "853",
            "882",
            "883",
            "880",
            "854",
            "884",
            "789",
            "885",
            "878",
            "788",
            "886",
            "846",
            "760",
            "845",
            "815",
            "875",
            "844",
            "874",
            "843",
            "842",
            "872",
            "764",
            "876",
            "841",
            "730",
            "782",
            "698",
            "752",
            "870",
            "721",
            "795",
            "753",
            "691",
            "783",
            "692",
            "750",
            "725",
            "780",
            "726",
            "810",
            "619",
            "799",
            "621",
            "744",
            "758",
            "620",
            "739",
            "890",
            "834",
            "778",
            "668",
            "800",
            "798",
            "646",
            "746",
            "825",
            "779",
            "618"
        ],
        "1": [
            "66",
            "36",
            "6",
            "7",
            "8",
            "9",
            "39",
            "40",
            "10",
            "11",
            "41",
            "70",
            "42",
            "71",
            "43",
            "13",
            "73",
            "44",
            "45",
            "46",
            "15",
            "16",
            "18",
            "47",
            "19",
            "81",
            "51",
            "111",
            "52",
            "112",
            "105",
            "201",
            "257",
            "315",
            "169",
            "137",
            "167",
            "259",
            "229",
            "136",
            "79",
            "255",
            "231",
            "261",
            "48",
            "323",
            "318",
            "440",
            "140",
            "351",
            "353",
            "466",
            "292",
            "321",
            "192",
            "468",
            "443",
            "354",
            "386",
            "296"
        ],
        "2": [
            "92",
            "61",
            "91",
            "90",
            "60",
            "30",
            "120",
            "1",
            "2",
            "0",
            "32",
            "34",
            "33",
            "64",
            "94",
            "124",
            "95",
            "154",
            "123",
            "153",
            "184",
            "155",
            "185",
            "156",
            "157",
            "126",
            "186",
            "159",
            "127",
            "128",
            "98",
            "68",
            "132",
            "222",
            "195",
            "248",
            "430",
            "310",
            "339",
            "161",
            "370",
            "436",
            "102",
            "199",
            "608",
            "165",
            "313",
            "171",
            "280",
            "522",
            "340",
            "577",
            "581",
            "548",
            "613",
            "250",
            "322",
            "578",
            "640",
            "249",
            "549",
            "221",
            "352"
        ],
        "3": [
            "694",
            "664",
            "634",
            "663",
            "604",
            "632",
            "633",
            "631",
            "630",
            "600",
            "571",
            "660",
            "570",
            "510",
            "540",
            "480",
            "481",
            "450",
            "451",
            "482",
            "420",
            "421",
            "484",
            "422",
            "483",
            "423",
            "454",
            "393",
            "394",
            "424",
            "485",
            "486",
            "456",
            "364",
            "395",
            "425",
            "426",
            "427",
            "516",
            "428",
            "429",
            "457",
            "546",
            "545",
            "575",
            "544",
            "397",
            "398",
            "543",
            "338",
            "518",
            "611",
            "580",
            "606",
            "728",
            "615",
            "645"
        ],
        "4": [
            "299",
            "237",
            "359",
            "388",
            "327",
            "326",
            "295",
            "357",
            "387",
            "265",
            "356",
            "355",
            "293",
            "264",
            "385",
            "383",
            "233",
            "416",
            "413",
            "447",
            "445",
            "411",
            "475",
            "410",
            "419",
            "474",
            "505",
            "535",
            "506",
            "536",
            "538",
            "507",
            "537",
            "508",
            "532",
            "837",
            "763",
            "833",
            "775",
            "740",
            "733",
            "741",
            "786",
            "850",
            "831",
            "832",
            "848",
            "762",
            "652",
            "819",
            "636",
            "761",
            "759",
            "755",
            "641",
            "585",
            "638",
            "772",
            "703",
            "787",
            "756",
            "889",
            "776"
        ],
        "5": [
            "119",
            "89",
            "88",
            "59",
            "58",
            "57",
            "28",
            "27",
            "56",
            "29",
            "86",
            "26",
            "85",
            "115",
            "84",
            "116",
            "146",
            "117",
            "114",
            "54",
            "83",
            "113",
            "144",
            "176",
            "175",
            "143",
            "174",
            "24",
            "206",
            "177",
            "173",
            "204",
            "23",
            "178",
            "179",
            "148",
            "285",
            "254",
            "256",
            "197",
            "346",
            "106",
            "168",
            "381",
            "316",
            "320",
            "376",
            "170",
            "415",
            "191",
            "406",
            "189",
            "504",
            "328",
            "444",
            "502",
            "412"
        ],