{
    "Instance": "Corners600_G16",
    "Objective": 213,
    "Infeasibility": 0.007023313311250868,
    "Starting Time": 1711826989.732228,
    "Time Taken": 162.9134931564331,
    "Initialization Time": 131.45895051956177,
    "nrEliteSolutions": 20,
    "i_max": 500,
    "nrDistricts": 10,
    "delta": 0.05,
    "llambda": 0.7,
    "rcl_parameter": 0.3,
    "Allocation": {
        "0": [
            "493",
            "463",
            "433",
            "494",
            "495",
            "524",
            "496",
            "434",
            "403",
            "554",
            "432",
            "435",
            "553",
            "466",
            "497",
            "584",
            "373",
            "527",
            "431",
            "583",
            "372",
            "585",
            "374",
            "430",
            "343",
            "557",
            "371",
            "582",
            "460",
            "613",
            "581",
            "611",
            "641",
            "642",
            "559",
            "640",
            "671",
            "587",
            "370",
            "610",
            "617",
            "490",
            "340",
            "647",
            "520",
            "556",
            "313",
            "283",
            "521",
            "282",
            "470",
            "471",
            "500",
            "339",
            "530",
            "249",
            "195",
            "346"
        ],
        "1": [
            "117",
            "147",
            "118",
            "148",
            "119",
            "149",
            "177",
            "179",
            "89",
            "207",
            "208",
            "209",
            "239",
            "268",
            "269",
            "266",
            "297",
            "296",
            "327",
            "265",
            "357",
            "264",
            "356",
            "328",
            "263",
            "358",
            "387",
            "294",
            "355",
            "233",
            "234",
            "204",
            "417",
            "354",
            "418",
            "447",
            "419",
            "384",
            "448",
            "389",
            "449",
            "477",
            "414",
            "478",
            "476",
            "413",
            "415",
            "444",
            "412",
            "442",
            "411",
            "320",
            "509",
            "566",
            "351",
            "172",
            "379"
        ],
        "2": [
            "28",
            "58",
            "57",
            "56",
            "55",
            "86",
            "26",
            "115",
            "25",
            "85",
            "84",
            "54",
            "24",
            "83",
            "145",
            "23",
            "82",
            "113",
            "22",
            "21",
            "52",
            "143",
            "51",
            "20",
            "50",
            "173",
            "19",
            "49",
            "202",
            "48",
            "201",
            "171",
            "231",
            "170",
            "230",
            "261",
            "107",
            "76",
            "291",
            "260",
            "259",
            "292",
            "321",
            "199",
            "289",
            "288",
            "352",
            "319",
            "349",
            "348",
            "378",
            "380",
            "377",
            "438",
            "468",
            "406",
            "437",
            "407",
            "376",
            "439",
            "382"
        ],
        "3": [
            "899",
            "869",
            "868",
            "839",
            "808",
            "809",
            "778",
            "779",
            "748",
            "749",
            "719",
            "689",
            "659",
            "688",
            "629",
            "628",
            "687",
            "599",
            "657",
            "627",
            "686",
            "598",
            "716",
            "685",
            "569",
            "626",
            "655",
            "625",
            "715",
            "714",
            "596",
            "595",
            "713",
            "654",
            "567",
            "594",
            "565",
            "564",
            "537",
            "712",
            "743",
            "593",
            "534",
            "507",
            "538",
            "533",
            "682",
            "508",
            "504",
            "652",
            "532",
            "503",
            "505",
            "651",
            "562",
            "359",
            "267",
            "325",
            "383",
            "329",
            "388"
        ],
        "4": [
            "843",
            "842",
            "873",
            "872",
            "871",
            "870",
            "840",
            "810",
            "780",
            "750",
            "752",
            "751",
            "722",
            "753",
            "783",
            "692",
            "754",
            "724",
            "784",
            "691",
            "755",
            "662",
            "814",
            "663",
            "756",
            "664",
            "632",
            "726",
            "631",
            "786",
            "665",
            "601",
            "666",
            "630",
            "696",
            "695",
            "697",
            "667",
            "571",
            "660",
            "636",
            "606",
            "637",
            "541",
            "576",
            "605",
            "540",
            "511",
            "546",
            "604",
            "575",
            "542",
            "510",
            "545",
            "480",
            "580",
            "700",
            "454",
            "483",
            "484",
            "550",
            "455",
            "424"
        ],
        "5": [
            "775",
            "804",
            "774",
            "805",
            "833",
            "834",
            "864",
            "863",
            "894",
            "895",
            "893",
            "896",
            "862",
            "892",
            "866",
            "891",
            "836",
            "890",
            "860",
            "889",
            "888",
            "859",
            "829",
            "858",
            "857",
            "799",
            "887",
            "856",
            "769",
            "798",
            "826",
            "797",
            "768",
            "739",
            "770",
            "738",
            "796",
            "708",
            "737",
            "771",
            "766",
            "772",
            "736",
            "801",
            "678",
            "677",
            "831",
            "679",
            "648",
            "706",
            "676",
            "680",
            "649",
            "619",
            "675",
            "710",
            "674",
            "620",
            "621",
            "681",
            "529",
            "854"
        ],