{
    "Instance": "Corners600_G8",
    "Objective": 268,
    "Infeasibility": 0.024474326483638408,
    "Starting Time": 1692557613.3067164,
    "Time Taken": 185.26893854141235,
    "Initialization Time": 149.44305658340454,
    "nrEliteSolutions": 20,
    "i_max": 500,
    "nrDistricts": 10,
    "delta": 0.05,
    "llambda": 0.7,
    "rcl_parameter": 0.3,
    "Allocation": {
        "0": [
            "398",
            "397",
            "428",
            "399",
            "368",
            "458",
            "429",
            "396",
            "338",
            "459",
            "369",
            "366",
            "400",
            "337",
            "488",
            "308",
            "460",
            "489",
            "336",
            "395",
            "370",
            "339",
            "394",
            "461",
            "371",
            "278",
            "306",
            "462",
            "431",
            "424",
            "520",
            "425",
            "340",
            "521",
            "275",
            "279",
            "280",
            "244",
            "273",
            "214",
            "243",
            "272",
            "551",
            "303",
            "552",
            "553",
            "334",
            "364",
            "362",
            "361",
            "392",
            "390",
            "480",
            "540",
            "422",
            "330",
            "583",
            "510",
            "452",
            "331",
            "420",
            "450",
            "421",
            "453"
        ],
        "1": [
            "486",
            "485",
            "484",
            "514",
            "543",
            "544",
            "513",
            "545",
            "573",
            "512",
            "575",
            "542",
            "572",
            "571",
            "603",
            "633",
            "663",
            "632",
            "634",
            "601",
            "662",
            "664",
            "661",
            "692",
            "665",
            "691",
            "660",
            "666",
            "695",
            "630",
            "636",
            "667",
            "637",
            "638",
            "639",
            "640",
            "669",
            "609",
            "699",
            "579",
            "670",
            "580",
            "549",
            "548",
            "547",
            "577",
            "517",
            "852",
            "855",
            "733",
            "795",
            "825",
            "886",
            "826",
            "705",
            "851",
            "853",
            "673"
        ],
        "2": [
            "748",
            "688",
            "718",
            "719",
            "689",
            "687",
            "659",
            "629",
            "657",
            "656",
            "627",
            "599",
            "569",
            "598",
            "568",
            "539",
            "509",
            "597",
            "538",
            "567",
            "596",
            "595",
            "537",
            "625",
            "594",
            "565",
            "536",
            "564",
            "505",
            "475",
            "504",
            "474",
            "503",
            "444",
            "414",
            "533",
            "471",
            "441",
            "417",
            "386",
            "411",
            "447",
            "387",
            "448",
            "357",
            "449",
            "478",
            "320",
            "350",
            "204",
            "290",
            "200",
            "259",
            "419",
            "292",
            "617",
            "473",
            "296",
            "145",
            "356",
            "175"
        ],
        "3": [
            "652",
            "653",
            "682",
            "683",
            "713",
            "684",
            "743",
            "744",
            "745",
            "775",
            "805",
            "776",
            "835",
            "804",
            "834",
            "803",
            "866",
            "777",
            "802",
            "837",
            "807",
            "808",
            "838",
            "867",
            "896",
            "832",
            "772",
            "895",
            "868",
            "831",
            "898",
            "771",
            "862",
            "894",
            "770",
            "861",
            "899",
            "741",
            "863",
            "800",
            "740",
            "739",
            "710",
            "799",
            "560",
            "676",
            "674",
            "620",
            "590",
            "678",
            "621",
            "531",
            "530",
            "556",
            "586",
            "615",
            "765",
            "381",
            "591",
            "702",
            "495"
        ],
        "4": [
            "28",
            "27",
            "57",
            "56",
            "86",
            "55",
            "54",
            "25",
            "117",
            "147",
            "53",
            "84",
            "118",
            "52",
            "177",
            "23",
            "119",
            "113",
            "143",
            "207",
            "176",
            "149",
            "89",
            "59",
            "144",
            "179",
            "209",
            "205",
            "234",
            "235",
            "265",
            "295",
            "233",
            "326",
            "239",
            "294",
            "269",
            "297",
            "268",
            "355",
            "238",
            "267",
            "354",
            "327",
            "263",
            "328",
            "329",
            "299",
            "353",
            "352",
            "383",
            "321",
            "507",
            "291",
            "168",
            "227",
            "196",
            "140",
            "166",
            "433",
            "314"
        ],
        "5": [
            "499",
            "439",
            "469",
            "438",
            "437",
            "467",
            "436",
            "466",
            "406",
            "526",
            "434",
            "464",
            "377",
            "494",
            "403",
            "374",
            "346",
            "555",
            "316",
            "402",
            "318",
            "524",
            "285",
            "493",
            "255",
            "288",
            "258",
            "349",
            "379",
            "358",
            "253",
            "232",
            "172",
            "222",
            "287",
            "14",
            "348",
            "262",
            "79",
            "163",
            "11",
            "83",
            "317",
            "221",
            "112",
            "219",
            "116",
            "99",
            "324",
            "325",
            "106",
            "8",
            "137",
            "201",
            "218",
            "133",
            "128",
            "39",
            "110"
        ],