{
    "Instance": "Corners600_G23",
    "Objective": 332,
    "Infeasibility": 0.1360333061169996,
    "Starting Time": 1711825599.9367316,
    "Time Taken": 165.44866275787354,
    "Initialization Time": 132.82631492614746,
    "nrEliteSolutions": 20,
    "i_max": 500,
    "nrDistricts": 10,
    "delta": 0.05,
    "llambda": 0.7,
    "rcl_parameter": 0.3,
    "Allocation": {
        "0": [
            "564",
            "565",
            "563",
            "595",
            "593",
            "503",
            "532",
            "535",
            "625",
            "504",
            "623",
            "596",
            "592",
            "624",
            "626",
            "622",
            "536",
            "653",
            "591",
            "652",
            "506",
            "537",
            "561",
            "590",
            "413",
            "684",
            "620",
            "507",
            "598",
            "619",
            "442",
            "500",
            "477",
            "567",
            "599",
            "682",
            "499",
            "469",
            "478",
            "568",
            "498",
            "569",
            "448",
            "629",
            "439",
            "418",
            "388",
            "358",
            "328",
            "327",
            "417",
            "384",
            "419",
            "445",
            "587",
            "558",
            "446",
            "440",
            "557",
            "508",
            "357",
            "538",
            "528",
            "178"
        ],
        "1": [
            "693",
            "723",
            "753",
            "754",
            "783",
            "813",
            "752",
            "782",
            "843",
            "844",
            "873",
            "842",
            "841",
            "845",
            "872",
            "871",
            "846",
            "811",
            "815",
            "875",
            "816",
            "785",
            "876",
            "810",
            "817",
            "750",
            "780",
            "720",
            "690",
            "660",
            "630",
            "661",
            "600",
            "570",
            "540",
            "480",
            "453",
            "391",
            "364",
            "510",
            "420",
            "278",
            "277",
            "307",
            "302",
            "422",
            "427",
            "332",
            "394",
            "452",
            "424",
            "393",
            "512",
            "602",
            "330",
            "216",
            "218"
        ],
        "2": [
            "214",
            "153",
            "124",
            "152",
            "122",
            "121",
            "126",
            "64",
            "95",
            "156",
            "120",
            "96",
            "65",
            "150",
            "127",
            "97",
            "90",
            "35",
            "67",
            "4",
            "98",
            "5",
            "60",
            "30",
            "32",
            "31",
            "36",
            "61",
            "0",
            "161",
            "39",
            "69",
            "70",
            "10",
            "101",
            "73",
            "13",
            "14",
            "74",
            "103",
            "132",
            "44",
            "11",
            "137",
            "12",
            "166",
            "227",
            "312",
            "106",
            "342",
            "253",
            "200",
            "45",
            "232",
            "371",
            "262",
            "199",
            "254",
            "105",
            "110",
            "193"
        ],
        "3": [
            "881",
            "851",
            "850",
            "849",
            "879",
            "820",
            "819",
            "790",
            "848",
            "789",
            "788",
            "758",
            "759",
            "728",
            "757",
            "729",
            "699",
            "698",
            "727",
            "669",
            "638",
            "668",
            "636",
            "637",
            "607",
            "606",
            "666",
            "605",
            "696",
            "665",
            "604",
            "695",
            "603",
            "573",
            "633",
            "632",
            "543",
            "572",
            "513",
            "542",
            "514",
            "515",
            "545",
            "546",
            "485",
            "455",
            "456",
            "488",
            "241",
            "219",
            "217",
            "191"
        ],
        "4": [
            "23",
            "22",
            "52",
            "21",
            "83",
            "51",
            "82",
            "84",
            "54",
            "113",
            "115",
            "85",
            "55",
            "145",
            "56",
            "116",
            "144",
            "117",
            "175",
            "174",
            "147",
            "58",
            "87",
            "204",
            "173",
            "27",
            "59",
            "29",
            "148",
            "149",
            "172",
            "208",
            "209",
            "238",
            "207",
            "237",
            "233",
            "239",
            "268",
            "261",
            "230",
            "263",
            "269",
            "293",
            "266",
            "264",
            "294",
            "299",
            "296",
            "265",
            "415",
            "501",
            "521",
            "201",
            "414",
            "641",
            "550",
            "133"
        ],
        "5": [
            "181",
            "210",
            "211",
            "242",
            "271",
            "240",
            "301",
            "243",
            "300",
            "333",
            "362",
            "360",
            "392",
            "334",
            "363",
            "335",
            "423",
            "336",
            "482",
            "481",
            "305",
            "337",
            "275",
            "367",
            "397",
            "338",
            "274",
            "451",
            "428",
            "457",
            "426",
            "398",
            "450",
            "308",
            "306",
            "279",
            "309",
            "247",
            "246",
            "280",
            "487",
            "517",
            "157",
            "125",
            "93",
            "189",
            "33",
            "6",
            "94",
            "158",
            "123",
            "159",
            "34",
            "190",
            "155",
            "160",
            "129",
            "7",
            "38",
            "184",
            "2",
            "71",
            "183",
            "8",
            "100"
        ],