{
    "Instance": "Corners600_G25",
    "Objective": 244,
    "Infeasibility": 0.04953343621323532,
    "Starting Time": 1711827542.3678684,
    "Time Taken": 168.0950620174408,
    "Initialization Time": 135.5172836780548,
    "nrEliteSolutions": 20,
    "i_max": 500,
    "nrDistricts": 10,
    "delta": 0.05,
    "llambda": 0.7,
    "rcl_parameter": 0.3,
    "Allocation": {
        "0": [
            "407",
            "436",
            "438",
            "404",
            "375",
            "374",
            "346",
            "373",
            "372",
            "343",
            "317",
            "348",
            "371",
            "318",
            "341",
            "256",
            "378",
            "311",
            "226",
            "379",
            "255",
            "401",
            "380",
            "410",
            "227",
            "252",
            "197",
            "254",
            "288",
            "440",
            "198",
            "431",
            "284",
            "350",
            "167",
            "462",
            "165",
            "250",
            "137",
            "195",
            "138",
            "136",
            "78",
            "107",
            "38",
            "130",
            "39",
            "41",
            "50",
            "236",
            "166",
            "247",
            "201",
            "551",
            "368",
            "141",
            "264",
            "294",
            "293",
            "323"
        ],
        "1": [
            "268",
            "298",
            "299",
            "328",
            "329",
            "359",
            "389",
            "418",
            "388",
            "448",
            "417",
            "447",
            "478",
            "479",
            "449",
            "477",
            "446",
            "508",
            "476",
            "509",
            "538",
            "445",
            "415",
            "505",
            "475",
            "474",
            "535",
            "444",
            "534",
            "385",
            "473",
            "386",
            "472",
            "564",
            "442",
            "356",
            "471",
            "412",
            "357",
            "536",
            "565",
            "413",
            "355",
            "595",
            "569",
            "739",
            "772",
            "626",
            "585",
            "705",
            "655",
            "597",
            "657",
            "834",
            "558",
            "747",
            "807",
            "809",
            "711"
        ],
        "2": [
            "870",
            "841",
            "871",
            "842",
            "843",
            "873",
            "874",
            "845",
            "875",
            "815",
            "816",
            "814",
            "786",
            "787",
            "756",
            "757",
            "726",
            "758",
            "725",
            "695",
            "724",
            "665",
            "759",
            "729",
            "760",
            "754",
            "664",
            "730",
            "635",
            "666",
            "699",
            "663",
            "753",
            "761",
            "669",
            "667",
            "662",
            "633",
            "636",
            "668",
            "692",
            "752",
            "783",
            "661",
            "639",
            "782",
            "751",
            "607",
            "750",
            "721",
            "608",
            "720",
            "780",
            "810",
            "485",
            "518",
            "576",
            "425"
        ],
        "3": [
            "847",
            "848",
            "849",
            "878",
            "819",
            "880",
            "882",
            "852",
            "883",
            "822",
            "853",
            "884",
            "854",
            "821",
            "855",
            "885",
            "856",
            "857",
            "886",
            "827",
            "859",
            "767",
            "829",
            "860",
            "768",
            "769",
            "830",
            "799",
            "800",
            "737",
            "831",
            "709",
            "707",
            "677",
            "708",
            "736",
            "832",
            "710",
            "862",
            "680",
            "741",
            "681",
            "771",
            "613",
            "703",
            "654",
            "593",
            "788",
            "702",
            "637",
            "643",
            "498",
            "584",
            "532",
            "672"
        ],
        "4": [
            "2",
            "3",
            "33",
            "63",
            "93",
            "64",
            "62",
            "92",
            "94",
            "61",
            "122",
            "60",
            "91",
            "121",
            "31",
            "30",
            "120",
            "152",
            "151",
            "182",
            "150",
            "212",
            "211",
            "242",
            "272",
            "210",
            "271",
            "273",
            "302",
            "274",
            "270",
            "303",
            "301",
            "275",
            "305",
            "276",
            "277",
            "244",
            "214",
            "184",
            "215",
            "185",
            "154",
            "155",
            "308",
            "125",
            "338",
            "339",
            "369",
            "340",
            "399",
            "158",
            "221",
            "97",
            "159",
            "402",
            "217",
            "67",
            "35",
            "10",
            "188"
        ],
        "5": [
            "601",
            "600",
            "630",
            "570",
            "540",
            "511",
            "541",
            "512",
            "481",
            "513",
            "480",
            "451",
            "452",
            "453",
            "421",
            "391",
            "423",
            "392",
            "361",
            "390",
            "362",
            "456",
            "426",
            "363",
            "395",
            "396",
            "427",
            "364",
            "366",
            "457",
            "336",
            "394",
            "458",
            "459",
            "460",
            "489",
            "491",
            "521",
            "520",
            "550",
            "580",
            "579",
            "549",
            "312",
            "435",
            "434",
            "281",
            "316",
            "310",
            "190",
            "432",
            "313",
            "347",
            "251",
            "286",
            "189",
            "278",
            "342",
            "191",
            "437"
        ],