{
    "Instance": "Corners600_G19",
    "Objective": 234,
    "Infeasibility": 0.011542657131944821,
    "Starting Time": 1711827375.5215607,
    "Time Taken": 166.840993642807,
    "Initialization Time": 134.34862542152405,
    "nrEliteSolutions": 20,
    "i_max": 500,
    "nrDistricts": 10,
    "delta": 0.05,
    "llambda": 0.7,
    "rcl_parameter": 0.3,
    "Allocation": {
        "0": [
            "691",
            "661",
            "690",
            "720",
            "751",
            "750",
            "780",
            "752",
            "810",
            "781",
            "782",
            "840",
            "722",
            "841",
            "870",
            "723",
            "871",
            "693",
            "724",
            "754",
            "663",
            "725",
            "755",
            "756",
            "786",
            "787",
            "816",
            "846",
            "788",
            "876",
            "815",
            "789",
            "847",
            "877",
            "875",
            "758",
            "814",
            "874",
            "790",
            "848",
            "819",
            "878",
            "844",
            "849",
            "760",
            "820",
            "879",
            "813",
            "636",
            "577",
            "575",
            "576",
            "696",
            "665",
            "547"
        ],
        "1": [
            "719",
            "749",
            "748",
            "779",
            "808",
            "778",
            "838",
            "837",
            "868",
            "836",
            "869",
            "898",
            "899",
            "806",
            "835",
            "805",
            "834",
            "804",
            "864",
            "803",
            "774",
            "773",
            "863",
            "832",
            "802",
            "894",
            "893",
            "772",
            "831",
            "895",
            "829",
            "859",
            "799",
            "892",
            "889",
            "827",
            "857",
            "888",
            "797",
            "890",
            "825",
            "767",
            "824",
            "707",
            "794",
            "854",
            "823",
            "822",
            "885",
            "853",
            "793",
            "762",
            "792",
            "764",
            "883",
            "765",
            "882",
            "736"
        ],
        "2": [
            "29",
            "28",
            "27",
            "58",
            "88",
            "57",
            "56",
            "87",
            "55",
            "86",
            "25",
            "89",
            "118",
            "54",
            "116",
            "148",
            "146",
            "115",
            "176",
            "114",
            "147",
            "177",
            "144",
            "143",
            "207",
            "174",
            "142",
            "173",
            "112",
            "111",
            "82",
            "110",
            "83",
            "80",
            "79",
            "52",
            "140",
            "200",
            "20",
            "78",
            "19",
            "21",
            "171",
            "169",
            "199",
            "48",
            "108",
            "168",
            "18",
            "229",
            "47",
            "138",
            "76",
            "167",
            "106",
            "137",
            "259",
            "136",
            "291",
            "260",
            "261",
            "77"
        ],
        "3": [
            "642",
            "610",
            "641",
            "611",
            "581",
            "609",
            "580",
            "639",
            "551",
            "521",
            "669",
            "638",
            "488",
            "487",
            "459",
            "429",
            "457",
            "486",
            "458",
            "456",
            "431",
            "427",
            "398",
            "461",
            "455",
            "454",
            "401",
            "425",
            "424",
            "371",
            "372",
            "342",
            "367",
            "373",
            "395",
            "426",
            "313",
            "341",
            "314",
            "315",
            "316",
            "345",
            "317",
            "287",
            "347",
            "377",
            "407",
            "318",
            "319",
            "320",
            "379",
            "380",
            "349",
            "70",
            "496",
            "556",
            "523",
            "405"
        ],
        "4": [
            "202",
            "233",
            "234",
            "232",
            "236",
            "235",
            "265",
            "205",
            "295",
            "266",
            "267",
            "296",
            "294",
            "297",
            "325",
            "327",
            "324",
            "268",
            "355",
            "328",
            "354",
            "323",
            "269",
            "358",
            "385",
            "384",
            "239",
            "383",
            "359",
            "388",
            "382",
            "209",
            "414",
            "352",
            "387",
            "417",
            "389",
            "351",
            "412",
            "386",
            "416",
            "411",
            "441",
            "447",
            "413",
            "448",
            "449",
            "471",
            "440",
            "470",
            "479",
            "509",
            "472",
            "443",
            "410",
            "446",
            "538",
            "508",
            "737"
        ],
        "5": [
            "6",
            "5",
            "4",
            "34",
            "64",
            "33",
            "3",
            "2",
            "95",
            "65",
            "124",
            "62",
            "154",
            "125",
            "155",
            "126",
            "127",
            "128",
            "97",
            "157",
            "98",
            "67",
            "99",
            "158",
            "159",
            "68",
            "69",
            "160",
            "190",
            "191",
            "40",
            "71",
            "10",
            "161",
            "131",
            "130",
            "39",
            "132",
            "101",
            "102",
            "133",
            "41",
            "9",
            "42",
            "8",
            "38",
            "103",
            "12",
            "104",
            "73",
            "74",
            "44",
            "14",
            "45",
            "15",
            "16",
            "107",
            "50",
            "170",
            "366",
            "278"
        ],