{
    "Instance": "Corners600_G2",
    "Objective": 270,
    "Infeasibility": 0.0,
    "Starting Time": 1692558194.7823026,
    "Time Taken": 185.55565190315247,
    "Initialization Time": 150.08019876480103,
    "nrEliteSolutions": 20,
    "i_max": 500,
    "nrDistricts": 10,
    "delta": 0.05,
    "llambda": 0.7,
    "rcl_parameter": 0.3,
    "Allocation": {
        "0": [
            "720",
            "750",
            "690",
            "721",
            "751",
            "722",
            "780",
            "781",
            "660",
            "692",
            "752",
            "630",
            "661",
            "811",
            "693",
            "631",
            "662",
            "663",
            "694",
            "812",
            "841",
            "601",
            "695",
            "813",
            "842",
            "840",
            "871",
            "665",
            "696",
            "754",
            "726",
            "814",
            "666",
            "697",
            "698",
            "636",
            "699",
            "786",
            "728",
            "668",
            "606",
            "755",
            "637",
            "872",
            "758",
            "667",
            "788",
            "873",
            "818",
            "787",
            "816",
            "817",
            "848",
            "874",
            "846",
            "819",
            "876",
            "878",
            "849",
            "670",
            "703",
            "832",
            "588",
            "545"
        ],
        "1": [
            "208",
            "148",
            "178",
            "118",
            "88",
            "149",
            "87",
            "58",
            "28",
            "57",
            "55",
            "56",
            "29",
            "54",
            "25",
            "85",
            "24",
            "84",
            "53",
            "115",
            "23",
            "116",
            "21",
            "22",
            "146",
            "176",
            "51",
            "206",
            "81",
            "80",
            "82",
            "111",
            "141",
            "110",
            "79",
            "171",
            "140",
            "109",
            "49",
            "170",
            "48",
            "108",
            "139",
            "19",
            "18",
            "47",
            "169",
            "138",
            "199",
            "168",
            "198",
            "197",
            "228",
            "227",
            "258",
            "440",
            "200",
            "407",
            "418",
            "497"
        ],
        "2": [
            "420",
            "421",
            "391",
            "422",
            "361",
            "392",
            "331",
            "332",
            "393",
            "360",
            "302",
            "333",
            "394",
            "303",
            "364",
            "304",
            "334",
            "274",
            "365",
            "335",
            "244",
            "275",
            "213",
            "243",
            "242",
            "211",
            "241",
            "271",
            "181",
            "270",
            "210",
            "300",
            "180",
            "150",
            "249",
            "121",
            "215",
            "32",
            "308",
            "62",
            "247",
            "96",
            "93",
            "35",
            "124",
            "216",
            "337",
            "217",
            "120",
            "5",
            "60",
            "94",
            "184",
            "122",
            "91",
            "279",
            "30",
            "31",
            "64",
            "192",
            "182"
        ],
        "3": [
            "37",
            "8",
            "9",
            "7",
            "10",
            "40",
            "11",
            "42",
            "72",
            "41",
            "73",
            "102",
            "101",
            "132",
            "100",
            "99",
            "130",
            "162",
            "163",
            "222",
            "191",
            "68",
            "193",
            "164",
            "221",
            "190",
            "189",
            "134",
            "165",
            "135",
            "188",
            "136",
            "166",
            "194",
            "105",
            "195",
            "75",
            "106",
            "220",
            "250",
            "280",
            "45",
            "44",
            "14",
            "13",
            "375",
            "516",
            "343",
            "397",
            "317",
            "495",
            "458",
            "439",
            "404",
            "575",
            "433",
            "468"
        ],
        "4": [
            "652",
            "651",
            "622",
            "621",
            "623",
            "591",
            "561",
            "562",
            "560",
            "563",
            "532",
            "502",
            "533",
            "472",
            "503",
            "473",
            "471",
            "534",
            "442",
            "535",
            "474",
            "470",
            "565",
            "505",
            "469",
            "444",
            "506",
            "445",
            "446",
            "567",
            "568",
            "596",
            "598",
            "499",
            "410",
            "597",
            "415",
            "569",
            "628",
            "595",
            "626",
            "507",
            "411",
            "627",
            "508",
            "477",
            "509",
            "447",
            "625",
            "498",
            "467",
            "594",
            "528",
            "599",
            "539",
            "259",
            "566",
            "448",
            "232",
            "384",
            "715",
            "804"
        ],
        "5": [
            "604",
            "603",
            "573",
            "572",
            "541",
            "542",
            "512",
            "511",
            "540",
            "483",
            "481",
            "570",
            "510",
            "484",
            "454",
            "456",
            "455",
            "426",
            "457",
            "428",
            "398",
            "518",
            "548",
            "578",
            "549",
            "550",
            "519",
            "515",
            "489",
            "430",
            "608",
            "431",
            "432",
            "580",
            "609",
            "461",
            "581",
            "582",
            "612",
            "552",
            "614",
            "492",
            "465",
            "522",
            "554",
            "494",
            "521",
            "613",
            "643",
            "583",
            "464",
            "756",
            "315",
            "610",
            "877",
            "824",
            "875",
            "724"
        ],