{
    "Instance": "Corners600_G18",
    "Objective": 239,
    "Infeasibility": 0.0,
    "Starting Time": 1711826674.9616933,
    "Time Taken": 163.99542450904846,
    "Initialization Time": 133.52787446975708,
    "nrEliteSolutions": 20,
    "i_max": 500,
    "nrDistricts": 10,
    "delta": 0.05,
    "llambda": 0.7,
    "rcl_parameter": 0.3,
    "Allocation": {
        "0": [
            "476",
            "507",
            "566",
            "478",
            "477",
            "596",
            "479",
            "567",
            "597",
            "448",
            "565",
            "509",
            "626",
            "568",
            "595",
            "449",
            "418",
            "539",
            "419",
            "564",
            "657",
            "569",
            "594",
            "655",
            "417",
            "534",
            "599",
            "533",
            "629",
            "593",
            "563",
            "389",
            "504",
            "654",
            "658",
            "688",
            "623",
            "659",
            "503",
            "532",
            "531",
            "622",
            "388",
            "358",
            "328",
            "329",
            "357",
            "327",
            "561",
            "562",
            "297",
            "299",
            "269",
            "296",
            "239",
            "238",
            "209",
            "236",
            "237",
            "413"
        ],
        "1": [
            "29",
            "28",
            "27",
            "26",
            "57",
            "87",
            "88",
            "118",
            "116",
            "117",
            "148",
            "115",
            "146",
            "119",
            "149",
            "178",
            "176",
            "114",
            "177",
            "113",
            "175",
            "174",
            "143",
            "205",
            "112",
            "111",
            "83",
            "142",
            "81",
            "53",
            "141",
            "52",
            "140",
            "22",
            "139",
            "54",
            "24",
            "55",
            "109",
            "138",
            "79",
            "49",
            "19",
            "48",
            "20",
            "18",
            "17",
            "224",
            "285",
            "103",
            "256",
            "75",
            "135",
            "12",
            "197",
            "132",
            "221",
            "255",
            "198",
            "104",
            "160"
        ],
        "2": [
            "843",
            "872",
            "873",
            "874",
            "871",
            "870",
            "841",
            "811",
            "840",
            "812",
            "782",
            "752",
            "722",
            "692",
            "751",
            "721",
            "750",
            "753",
            "693",
            "694",
            "663",
            "780",
            "695",
            "664",
            "633",
            "725",
            "696",
            "632",
            "602",
            "631",
            "572",
            "630",
            "542",
            "661",
            "660",
            "573",
            "571",
            "512",
            "541",
            "600",
            "690",
            "540",
            "511",
            "482",
            "481",
            "480",
            "451",
            "421",
            "422",
            "420",
            "390",
            "824",
            "878",
            "454",
            "637",
            "729",
            "272",
            "822",
            "333",
            "303"
        ],
        "3": [
            "839",
            "868",
            "869",
            "867",
            "897",
            "866",
            "837",
            "896",
            "807",
            "777",
            "806",
            "808",
            "895",
            "778",
            "805",
            "748",
            "835",
            "894",
            "804",
            "834",
            "864",
            "749",
            "863",
            "719",
            "833",
            "832",
            "802",
            "831",
            "773",
            "772",
            "743",
            "713",
            "714",
            "712",
            "683",
            "715",
            "682",
            "716",
            "745",
            "711",
            "681",
            "710",
            "746",
            "717",
            "651",
            "740",
            "739",
            "770",
            "769",
            "800",
            "799",
            "768",
            "798",
            "829",
            "679",
            "676"
        ],
        "4": [
            "0",
            "1",
            "30",
            "60",
            "2",
            "61",
            "90",
            "3",
            "120",
            "62",
            "33",
            "91",
            "4",
            "34",
            "92",
            "63",
            "122",
            "64",
            "5",
            "94",
            "93",
            "65",
            "152",
            "124",
            "123",
            "154",
            "125",
            "153",
            "182",
            "155",
            "126",
            "184",
            "183",
            "156",
            "96",
            "186",
            "216",
            "214",
            "217",
            "157",
            "158",
            "244",
            "245",
            "215",
            "247",
            "248",
            "277",
            "275",
            "276",
            "305",
            "278",
            "249",
            "279",
            "250",
            "106",
            "372",
            "8",
            "40",
            "168",
            "36"
        ],
        "5": [
            "892",
            "890",
            "891",
            "889",
            "858",
            "888",
            "860",
            "827",
            "857",
            "856",
            "826",
            "886",
            "825",
            "796",
            "795",
            "885",
            "766",
            "794",
            "765",
            "854",
            "823",
            "884",
            "736",
            "853",
            "735",
            "737",
            "882",
            "705",
            "704",
            "674",
            "734",
            "733",
            "646",
            "703",
            "677",
            "675",
            "647",
            "678",
            "648",
            "616",
            "615",
            "618",
            "619",
            "614",
            "585",
            "588",
            "613",
            "620",
            "558",
            "555",
            "587",
            "557",
            "590",
            "528",
            "524",
            "820",
            "523",
            "456",
            "344",
            "497"
        ],