{
    "Instance": "Corners600_G22",
    "Objective": 247,
    "Infeasibility": 0.01295468963982584,
    "Starting Time": 1711826325.5237029,
    "Time Taken": 158.97622752189636,
    "Initialization Time": 128.34390473365784,
    "nrEliteSolutions": 20,
    "i_max": 500,
    "nrDistricts": 10,
    "delta": 0.05,
    "llambda": 0.7,
    "rcl_parameter": 0.3,
    "Allocation": {
        "0": [
            "420",
            "390",
            "450",
            "421",
            "391",
            "360",
            "480",
            "481",
            "482",
            "483",
            "543",
            "513",
            "544",
            "573",
            "572",
            "545",
            "603",
            "602",
            "575",
            "571",
            "546",
            "515",
            "576",
            "541",
            "632",
            "605",
            "547",
            "485",
            "606",
            "631",
            "548",
            "662",
            "455",
            "607",
            "486",
            "549",
            "636",
            "516",
            "630",
            "635",
            "665",
            "487",
            "457",
            "600",
            "488",
            "634",
            "660",
            "519",
            "454",
            "427",
            "690",
            "694",
            "426",
            "396",
            "499",
            "557"
        ],
        "1": [
            "844",
            "874",
            "873",
            "872",
            "842",
            "871",
            "812",
            "813",
            "841",
            "782",
            "840",
            "783",
            "752",
            "784",
            "810",
            "781",
            "751",
            "722",
            "785",
            "721",
            "750",
            "815",
            "723",
            "816",
            "786",
            "848",
            "846",
            "847",
            "849",
            "877",
            "818",
            "879",
            "850",
            "851",
            "880",
            "821",
            "881",
            "852",
            "822",
            "882",
            "853",
            "883",
            "884",
            "885",
            "886",
            "887",
            "857",
            "827",
            "795",
            "859",
            "799",
            "829",
            "798",
            "765",
            "768",
            "826",
            "828",
            "824",
            "796",
            "825",
            "794"
        ],
        "2": [
            "2",
            "1",
            "0",
            "30",
            "60",
            "90",
            "91",
            "121",
            "92",
            "151",
            "122",
            "123",
            "94",
            "150",
            "152",
            "63",
            "181",
            "124",
            "211",
            "95",
            "64",
            "125",
            "65",
            "33",
            "210",
            "34",
            "66",
            "212",
            "96",
            "4",
            "37",
            "213",
            "68",
            "242",
            "243",
            "7",
            "183",
            "244",
            "274",
            "304",
            "9",
            "275",
            "98",
            "334",
            "303",
            "364",
            "365",
            "363",
            "362",
            "393",
            "332",
            "423",
            "331",
            "301",
            "271",
            "270",
            "217",
            "188",
            "341",
            "369",
            "132"
        ],
        "3": [
            "59",
            "27",
            "29",
            "28",
            "26",
            "57",
            "56",
            "25",
            "87",
            "24",
            "55",
            "88",
            "117",
            "23",
            "116",
            "54",
            "85",
            "53",
            "84",
            "52",
            "146",
            "145",
            "176",
            "51",
            "82",
            "21",
            "177",
            "144",
            "175",
            "206",
            "112",
            "236",
            "113",
            "143",
            "111",
            "142",
            "178",
            "237",
            "179",
            "148",
            "209",
            "238",
            "174",
            "204",
            "203",
            "233",
            "268",
            "239",
            "234",
            "149",
            "119",
            "263",
            "293",
            "262",
            "292",
            "389",
            "329",
            "295",
            "349",
            "359"
        ],
        "4": [
            "898",
            "899",
            "869",
            "839",
            "809",
            "838",
            "808",
            "778",
            "748",
            "837",
            "747",
            "749",
            "746",
            "717",
            "719",
            "689",
            "659",
            "715",
            "745",
            "714",
            "685",
            "683",
            "656",
            "682",
            "624",
            "626",
            "652",
            "657",
            "627",
            "622",
            "711",
            "566",
            "567",
            "650",
            "709",
            "679",
            "590",
            "568",
            "649",
            "589",
            "569",
            "538",
            "619",
            "559",
            "539",
            "558",
            "509",
            "479",
            "357",
            "297",
            "296",
            "388",
            "530",
            "267",
            "298",
            "327",
            "556",
            "628",
            "348",
            "535"
        ],
        "5": [
            "806",
            "804",
            "805",
            "834",
            "774",
            "803",
            "773",
            "802",
            "864",
            "833",
            "772",
            "865",
            "832",
            "863",
            "894",
            "862",
            "866",
            "742",
            "893",
            "861",
            "891",
            "892",
            "860",
            "890",
            "889",
            "797",
            "738",
            "737",
            "708",
            "707",
            "678",
            "706",
            "793",
            "764",
            "677",
            "735",
            "676",
            "705",
            "618",
            "654",
            "440",
            "621",
            "710",
            "770",
            "740",
            "686",
            "681",
            "596",
            "505",
            "591",
            "438",
            "377",
            "554",
            "524",
            "495",
            "501",
            "564",
            "380",
            "498",
            "410",
            "503"
        ],