{
    "Instance": "Diagonal600_G20",
    "Objective": 267,
    "Infeasibility": 0.004744792995644278,
    "Starting Time": 1711825831.5778093,
    "Time Taken": 166.02272152900696,
    "Initialization Time": 134.83006238937378,
    "nrEliteSolutions": 20,
    "i_max": 500,
    "nrDistricts": 10,
    "delta": 0.05,
    "llambda": 0.7,
    "rcl_parameter": 0.3,
    "Allocation": {
        "0": [
            "434",
            "404",
            "435",
            "374",
            "403",
            "436",
            "405",
            "406",
            "376",
            "407",
            "408",
            "343",
            "314",
            "342",
            "315",
            "284",
            "283",
            "372",
            "285",
            "282",
            "254",
            "253",
            "286",
            "225",
            "256",
            "287",
            "223",
            "257",
            "194",
            "288",
            "192",
            "164",
            "320",
            "162",
            "133",
            "321",
            "134",
            "351",
            "348",
            "350",
            "191",
            "380",
            "190",
            "221",
            "220",
            "250",
            "251",
            "189",
            "188",
            "280",
            "187",
            "308",
            "340",
            "338",
            "401",
            "310",
            "337",
            "400",
            "370",
            "339"
        ],
        "1": [
            "180",
            "211",
            "181",
            "241",
            "242",
            "272",
            "273",
            "274",
            "275",
            "305",
            "276",
            "246",
            "335",
            "365",
            "216",
            "247",
            "215",
            "395",
            "214",
            "396",
            "394",
            "426",
            "184",
            "393",
            "183",
            "456",
            "457",
            "486",
            "487",
            "458",
            "455",
            "488",
            "428",
            "489",
            "460",
            "519",
            "518",
            "461",
            "491",
            "549",
            "492",
            "550",
            "579",
            "578",
            "580",
            "522",
            "609",
            "523",
            "669",
            "638",
            "640",
            "670",
            "699",
            "641",
            "700",
            "611",
            "730",
            "612",
            "760",
            "761",
            "606",
            "484"
        ],
        "2": [
            "713",
            "744",
            "714",
            "745",
            "746",
            "775",
            "747",
            "716",
            "717",
            "748",
            "719",
            "749",
            "779",
            "659",
            "689",
            "809",
            "838",
            "808",
            "837",
            "836",
            "868",
            "869",
            "866",
            "899",
            "865",
            "895",
            "896",
            "864",
            "863",
            "862",
            "897",
            "832",
            "802",
            "803",
            "801",
            "800",
            "830",
            "829",
            "859",
            "889",
            "888",
            "890",
            "887",
            "857",
            "827",
            "856",
            "855",
            "825",
            "794",
            "764",
            "763",
            "762",
            "792",
            "824",
            "651",
            "822"
        ],
        "3": [
            "361",
            "390",
            "360",
            "420",
            "421",
            "480",
            "510",
            "481",
            "540",
            "511",
            "453",
            "513",
            "515",
            "514",
            "544",
            "574",
            "545",
            "573",
            "546",
            "604",
            "575",
            "572",
            "605",
            "634",
            "547",
            "633",
            "664",
            "571",
            "663",
            "725",
            "694",
            "607",
            "666",
            "636",
            "637",
            "667",
            "601",
            "608",
            "577",
            "631",
            "600",
            "697",
            "668",
            "630",
            "727",
            "698",
            "728",
            "729",
            "639",
            "871",
            "459",
            "795",
            "870",
            "810",
            "691",
            "721",
            "840",
            "767"
        ],
        "4": [
            "539",
            "569",
            "599",
            "598",
            "597",
            "628",
            "596",
            "626",
            "566",
            "565",
            "536",
            "625",
            "656",
            "624",
            "594",
            "537",
            "654",
            "657",
            "507",
            "417",
            "446",
            "448",
            "387",
            "418",
            "449",
            "415",
            "386",
            "388",
            "414",
            "389",
            "444",
            "443",
            "442",
            "441",
            "358",
            "329",
            "299",
            "269",
            "474",
            "475",
            "412",
            "384",
            "413",
            "383",
            "440",
            "471",
            "439",
            "469",
            "499",
            "529",
            "498",
            "559",
            "530",
            "560",
            "531",
            "532",
            "533",
            "556",
            "236",
            "676",
            "494"
        ],
        "5": [
            "93",
            "92",
            "91",
            "90",
            "60",
            "120",
            "30",
            "31",
            "0",
            "32",
            "33",
            "2",
            "3",
            "4",
            "5",
            "35",
            "65",
            "64",
            "95",
            "125",
            "96",
            "124",
            "155",
            "156",
            "97",
            "99",
            "98",
            "67",
            "69",
            "70",
            "38",
            "8",
            "71",
            "40",
            "72",
            "101",
            "10",
            "131",
            "42",
            "73",
            "132",
            "12",
            "103",
            "74",
            "104",
            "130",
            "13",
            "44",
            "105",
            "160",
            "45",
            "135",
            "136",
            "76",
            "15",
            "68",
            "163",
            "102",
            "255",
            "193",
            "224",
            "227"
        ],