{
    "Instance": "Diagonal600_G3",
    "Objective": 326,
    "Infeasibility": 0.0038681948424068766,
    "Starting Time": 1692558125.0669851,
    "Time Taken": 189.546457529068,
    "Initialization Time": 151.1510968208313,
    "nrEliteSolutions": 20,
    "i_max": 500,
    "nrDistricts": 10,
    "delta": 0.05,
    "llambda": 0.7,
    "rcl_parameter": 0.3,
    "Allocation": {
        "0": [
            "366",
            "367",
            "365",
            "336",
            "364",
            "337",
            "338",
            "398",
            "363",
            "399",
            "308",
            "362",
            "393",
            "278",
            "309",
            "361",
            "303",
            "273",
            "423",
            "248",
            "454",
            "455",
            "484",
            "485",
            "513",
            "545",
            "546",
            "543",
            "573",
            "575",
            "605",
            "542",
            "427",
            "516",
            "541",
            "576",
            "571",
            "511",
            "481",
            "578",
            "510",
            "480",
            "482",
            "459",
            "390",
            "420",
            "460",
            "432",
            "519",
            "450",
            "421",
            "462",
            "430",
            "431",
            "280",
            "255",
            "548",
            "875",
            "849",
            "165"
        ],
        "1": [
            "565",
            "564",
            "563",
            "594",
            "593",
            "533",
            "503",
            "504",
            "506",
            "505",
            "476",
            "507",
            "537",
            "446",
            "508",
            "538",
            "478",
            "416",
            "445",
            "568",
            "509",
            "415",
            "417",
            "448",
            "386",
            "598",
            "569",
            "387",
            "356",
            "449",
            "597",
            "419",
            "357",
            "596",
            "358",
            "328",
            "327",
            "298",
            "268",
            "359",
            "297",
            "329",
            "299",
            "238",
            "239",
            "250",
            "146",
            "381",
            "56",
            "259",
            "103",
            "208",
            "258",
            "80",
            "324",
            "323",
            "320",
            "172",
            "264",
            "203",
            "107"
        ],
        "2": [
            "719",
            "749",
            "747",
            "748",
            "777",
            "778",
            "808",
            "776",
            "775",
            "774",
            "773",
            "804",
            "834",
            "835",
            "865",
            "895",
            "894",
            "896",
            "897",
            "892",
            "891",
            "898",
            "861",
            "890",
            "899",
            "868",
            "831",
            "869",
            "832",
            "839",
            "801",
            "766",
            "700",
            "697",
            "858",
            "822",
            "698",
            "823",
            "792",
            "793",
            "701",
            "856",
            "884",
            "702",
            "636",
            "763",
            "694",
            "883",
            "632",
            "818",
            "663",
            "606",
            "600",
            "486",
            "755",
            "731",
            "765",
            "784",
            "815",
            "853",
            "647"
        ],
        "3": [
            "37",
            "97",
            "67",
            "68",
            "69",
            "70",
            "100",
            "40",
            "9",
            "41",
            "10",
            "72",
            "8",
            "42",
            "131",
            "102",
            "160",
            "132",
            "190",
            "159",
            "43",
            "133",
            "162",
            "104",
            "220",
            "163",
            "74",
            "44",
            "219",
            "251",
            "45",
            "281",
            "15",
            "282",
            "283",
            "134",
            "252",
            "222",
            "135",
            "314",
            "223",
            "164",
            "312",
            "341",
            "136",
            "372",
            "197",
            "106",
            "191",
            "254",
            "345",
            "196",
            "371",
            "194",
            "376",
            "370",
            "404",
            "167",
            "599",
            "383"
        ],
        "4": [
            "658",
            "657",
            "656",
            "655",
            "653",
            "654",
            "684",
            "682",
            "714",
            "683",
            "712",
            "680",
            "681",
            "679",
            "649",
            "678",
            "648",
            "677",
            "618",
            "708",
            "676",
            "646",
            "738",
            "617",
            "675",
            "587",
            "588",
            "616",
            "645",
            "706",
            "557",
            "736",
            "589",
            "739",
            "586",
            "527",
            "674",
            "705",
            "615",
            "673",
            "590",
            "704",
            "497",
            "528",
            "644",
            "769",
            "585",
            "734",
            "529",
            "672",
            "496",
            "495",
            "494",
            "893",
            "696",
            "720",
            "783",
            "844",
            "286"
        ],
        "5": [
            "25",
            "26",
            "27",
            "28",
            "57",
            "29",
            "86",
            "85",
            "116",
            "59",
            "84",
            "88",
            "117",
            "115",
            "89",
            "145",
            "118",
            "83",
            "147",
            "148",
            "177",
            "144",
            "53",
            "113",
            "82",
            "52",
            "149",
            "112",
            "22",
            "207",
            "174",
            "142",
            "237",
            "179",
            "171",
            "201",
            "21",
            "200",
            "202",
            "199",
            "111",
            "229",
            "110",
            "109",
            "140",
            "169",
            "141",
            "170",
            "139",
            "138",
            "108",
            "49",
            "18",
            "77",
            "20",
            "48",
            "17",
            "19",
            "198",
            "78"
        ],