{
    "Instance": "Diagonal600_G29",
    "Objective": 271,
    "Infeasibility": 0.00789240450438826,
    "Starting Time": 1711826773.824024,
    "Time Taken": 166.34466934204102,
    "Initialization Time": 133.87782549858093,
    "nrEliteSolutions": 20,
    "i_max": 500,
    "nrDistricts": 10,
    "delta": 0.05,
    "llambda": 0.7,
    "rcl_parameter": 0.3,
    "Allocation": {
        "0": [
            "743",
            "742",
            "714",
            "772",
            "715",
            "801",
            "771",
            "716",
            "654",
            "770",
            "717",
            "653",
            "831",
            "624",
            "832",
            "655",
            "740",
            "718",
            "594",
            "833",
            "862",
            "564",
            "719",
            "834",
            "835",
            "534",
            "836",
            "837",
            "767",
            "859",
            "689",
            "889",
            "827",
            "563",
            "659",
            "629",
            "865",
            "562",
            "532",
            "858",
            "838",
            "808",
            "855",
            "854",
            "807",
            "868",
            "853",
            "852",
            "898",
            "776",
            "779",
            "883",
            "885",
            "778",
            "886",
            "869",
            "777",
            "744",
            "737",
            "684",
            "729"
        ],
        "1": [
            "210",
            "150",
            "180",
            "120",
            "121",
            "90",
            "91",
            "61",
            "92",
            "93",
            "123",
            "124",
            "125",
            "126",
            "154",
            "184",
            "155",
            "183",
            "96",
            "98",
            "67",
            "97",
            "37",
            "99",
            "100",
            "36",
            "129",
            "69",
            "130",
            "70",
            "35",
            "65",
            "71",
            "64",
            "34",
            "6",
            "72",
            "73",
            "74",
            "33",
            "10",
            "42",
            "12",
            "32",
            "41",
            "2",
            "9",
            "8",
            "43",
            "44",
            "13",
            "1",
            "0",
            "374",
            "76",
            "16",
            "188",
            "248",
            "405"
        ],
        "2": [
            "566",
            "567",
            "568",
            "597",
            "509",
            "569",
            "539",
            "508",
            "478",
            "507",
            "448",
            "447",
            "418",
            "388",
            "419",
            "446",
            "387",
            "445",
            "389",
            "359",
            "357",
            "444",
            "414",
            "386",
            "327",
            "475",
            "356",
            "415",
            "355",
            "443",
            "385",
            "326",
            "296",
            "329",
            "295",
            "328",
            "298",
            "299",
            "266",
            "474",
            "265",
            "235",
            "503",
            "205",
            "297",
            "225",
            "260",
            "147",
            "144",
            "83",
            "81",
            "177",
            "227",
            "133",
            "201",
            "169",
            "287",
            "56",
            "254",
            "46",
            "348",
            "195",
            "27"
        ],
        "3": [
            "244",
            "242",
            "243",
            "273",
            "272",
            "303",
            "212",
            "302",
            "301",
            "300",
            "270",
            "330",
            "360",
            "390",
            "420",
            "391",
            "450",
            "392",
            "422",
            "451",
            "480",
            "362",
            "423",
            "452",
            "481",
            "510",
            "540",
            "482",
            "512",
            "511",
            "570",
            "513",
            "543",
            "571",
            "573",
            "542",
            "572",
            "603",
            "633",
            "601",
            "631",
            "630",
            "602",
            "660",
            "661",
            "690",
            "662",
            "634",
            "842",
            "761",
            "791",
            "785",
            "640",
            "732",
            "787",
            "691",
            "668",
            "724",
            "692",
            "792",
            "526"
        ],
        "4": [
            "375",
            "344",
            "314",
            "313",
            "284",
            "255",
            "224",
            "194",
            "193",
            "223",
            "226",
            "164",
            "222",
            "163",
            "162",
            "258",
            "165",
            "132",
            "252",
            "251",
            "103",
            "104",
            "191",
            "261",
            "231",
            "136",
            "228",
            "105",
            "75",
            "282",
            "281",
            "161",
            "77",
            "230",
            "220",
            "340",
            "279",
            "318",
            "219",
            "249",
            "78",
            "369",
            "158",
            "280",
            "346",
            "221",
            "342",
            "311",
            "47",
            "18",
            "189",
            "19",
            "377",
            "288",
            "107",
            "40",
            "23",
            "339",
            "286",
            "171"
        ],
        "5": [
            "215",
            "216",
            "246",
            "276",
            "306",
            "305",
            "336",
            "366",
            "335",
            "396",
            "395",
            "426",
            "397",
            "456",
            "425",
            "394",
            "398",
            "364",
            "455",
            "486",
            "457",
            "485",
            "454",
            "516",
            "515",
            "546",
            "458",
            "488",
            "459",
            "517",
            "545",
            "429",
            "460",
            "461",
            "547",
            "431",
            "548",
            "575",
            "462",
            "401",
            "544",
            "577",
            "675",
            "857",
            "618",
            "797",
            "848",
            "796",
            "795",
            "611",
            "609",
            "880",
            "672",
            "643",
            "856",
            "669",
            "751",
            "727"
        ],