{
    "Instance": "Diagonal600_G5",
    "Objective": 236,
    "Infeasibility": 0.01735029870917031,
    "Starting Time": 1692558702.6553035,
    "Time Taken": 185.10218858718872,
    "Initialization Time": 149.6181457042694,
    "nrEliteSolutions": 20,
    "i_max": 500,
    "nrDistricts": 10,
    "delta": 0.05,
    "llambda": 0.7,
    "rcl_parameter": 0.3,
    "Allocation": {
        "0": [
            "748",
            "747",
            "749",
            "718",
            "777",
            "779",
            "776",
            "809",
            "839",
            "806",
            "745",
            "805",
            "775",
            "774",
            "715",
            "744",
            "685",
            "838",
            "773",
            "655",
            "803",
            "684",
            "868",
            "654",
            "683",
            "898",
            "625",
            "833",
            "653",
            "626",
            "863",
            "627",
            "893",
            "652",
            "834",
            "657",
            "628",
            "596",
            "658",
            "892",
            "629",
            "894",
            "651",
            "566",
            "895",
            "687",
            "650",
            "621",
            "896",
            "649",
            "599",
            "569",
            "648",
            "591",
            "539",
            "678",
            "590",
            "677",
            "538",
            "560",
            "673",
            "712"
        ],
        "1": [
            "4",
            "3",
            "2",
            "1",
            "0",
            "32",
            "30",
            "90",
            "60",
            "91",
            "120",
            "121",
            "122",
            "123",
            "151",
            "93",
            "63",
            "94",
            "124",
            "181",
            "64",
            "180",
            "182",
            "65",
            "212",
            "210",
            "242",
            "66",
            "67",
            "240",
            "241",
            "97",
            "37",
            "38",
            "39",
            "40",
            "8",
            "70",
            "41",
            "10",
            "71",
            "11",
            "100",
            "42",
            "12",
            "101",
            "130",
            "99",
            "129",
            "160",
            "128",
            "158",
            "224",
            "76",
            "44",
            "194",
            "164",
            "46"
        ],
        "2": [
            "562",
            "533",
            "532",
            "563",
            "474",
            "534",
            "504",
            "445",
            "444",
            "475",
            "414",
            "443",
            "476",
            "415",
            "506",
            "413",
            "446",
            "472",
            "447",
            "385",
            "441",
            "416",
            "354",
            "383",
            "355",
            "471",
            "440",
            "417",
            "386",
            "295",
            "265",
            "353",
            "264",
            "263",
            "418",
            "352",
            "500",
            "323",
            "351",
            "381",
            "293",
            "469",
            "468",
            "410",
            "261",
            "448",
            "467",
            "322",
            "411",
            "438",
            "528",
            "449",
            "389",
            "359",
            "419",
            "529",
            "499",
            "382",
            "105",
            "357",
            "285"
        ],
        "3": [
            "300",
            "361",
            "331",
            "330",
            "391",
            "362",
            "421",
            "451",
            "450",
            "452",
            "453",
            "480",
            "482",
            "454",
            "483",
            "484",
            "424",
            "512",
            "455",
            "513",
            "511",
            "394",
            "543",
            "542",
            "456",
            "514",
            "457",
            "544",
            "395",
            "573",
            "393",
            "603",
            "487",
            "545",
            "602",
            "601",
            "604",
            "633",
            "396",
            "458",
            "572",
            "605",
            "606",
            "575",
            "607",
            "600",
            "576",
            "635",
            "636",
            "577",
            "570",
            "571",
            "631",
            "637",
            "632",
            "546",
            "630",
            "661",
            "667",
            "848",
            "403"
        ],
        "4": [
            "155",
            "186",
            "185",
            "215",
            "216",
            "245",
            "275",
            "276",
            "244",
            "305",
            "277",
            "304",
            "335",
            "336",
            "337",
            "367",
            "338",
            "339",
            "340",
            "341",
            "370",
            "310",
            "280",
            "371",
            "250",
            "251",
            "281",
            "282",
            "220",
            "221",
            "312",
            "283",
            "252",
            "219",
            "253",
            "254",
            "223",
            "255",
            "225",
            "256",
            "226",
            "315",
            "286",
            "316",
            "257",
            "287",
            "258",
            "317",
            "228",
            "288",
            "198",
            "347",
            "348",
            "291",
            "162",
            "343",
            "463",
            "260",
            "464",
            "436",
            "74",
            "373",
            "372"
        ],
        "5": [
            "781",
            "841",
            "811",
            "840",
            "871",
            "842",
            "870",
            "872",
            "843",
            "873",
            "874",
            "844",
            "875",
            "814",
            "845",
            "876",
            "784",
            "877",
            "783",
            "878",
            "754",
            "755",
            "785",
            "847",
            "818",
            "817",
            "724",
            "786",
            "756",
            "723",
            "819",
            "788",
            "816",
            "787",
            "722",
            "820",
            "821",
            "726",
            "849",
            "692",
            "789",
            "850",
            "663",
            "790",
            "757",
            "696",
            "697",
            "698",
            "699",
            "691",
            "728",
            "690",
            "694",
            "617",
            "695"
        ],