{
    "Instance": "Diagonal600_G27",
    "Objective": 257,
    "Infeasibility": 0.022086846080136075,
    "Starting Time": 1711826484.5052075,
    "Time Taken": 166.30098748207092,
    "Initialization Time": 132.93926858901978,
    "nrEliteSolutions": 20,
    "i_max": 500,
    "nrDistricts": 10,
    "delta": 0.05,
    "llambda": 0.7,
    "rcl_parameter": 0.3,
    "Allocation": {
        "0": [
            "679",
            "708",
            "677",
            "618",
            "707",
            "737",
            "647",
            "646",
            "617",
            "645",
            "675",
            "766",
            "769",
            "587",
            "616",
            "588",
            "734",
            "741",
            "795",
            "644",
            "643",
            "613",
            "612",
            "582",
            "825",
            "826",
            "642",
            "583",
            "589",
            "528",
            "672",
            "526",
            "674",
            "855",
            "858",
            "828",
            "829",
            "798",
            "469",
            "891",
            "861",
            "525",
            "865",
            "554",
            "502",
            "889",
            "501",
            "890",
            "859",
            "823",
            "439",
            "834",
            "500",
            "887",
            "888",
            "864",
            "893",
            "894",
            "863",
            "753",
            "440",
            "780"
        ],
        "1": [
            "156",
            "126",
            "96",
            "66",
            "65",
            "35",
            "68",
            "34",
            "38",
            "69",
            "71",
            "7",
            "41",
            "130",
            "72",
            "102",
            "42",
            "11",
            "129",
            "103",
            "132",
            "43",
            "74",
            "128",
            "44",
            "158",
            "13",
            "14",
            "75",
            "105",
            "45",
            "76",
            "15",
            "77",
            "159",
            "136",
            "137",
            "79",
            "46",
            "80",
            "109",
            "50",
            "17",
            "47",
            "81",
            "110",
            "51",
            "111",
            "20",
            "22",
            "19",
            "23",
            "237",
            "297",
            "195",
            "87",
            "291",
            "226",
            "231",
            "285",
            "238"
        ],
        "2": [
            "0",
            "31",
            "2",
            "1",
            "91",
            "61",
            "60",
            "121",
            "120",
            "122",
            "152",
            "150",
            "153",
            "183",
            "180",
            "210",
            "240",
            "181",
            "270",
            "271",
            "272",
            "242",
            "273",
            "243",
            "302",
            "212",
            "244",
            "303",
            "332",
            "214",
            "362",
            "304",
            "245",
            "363",
            "334",
            "393",
            "394",
            "395",
            "458",
            "428",
            "488",
            "455",
            "459",
            "486",
            "487",
            "490",
            "549",
            "367",
            "520",
            "489",
            "398",
            "521",
            "460",
            "457",
            "368",
            "425",
            "510",
            "579",
            "513",
            "518"
        ],
        "3": [
            "28",
            "59",
            "27",
            "58",
            "26",
            "88",
            "57",
            "25",
            "118",
            "56",
            "89",
            "117",
            "55",
            "119",
            "116",
            "54",
            "148",
            "115",
            "147",
            "84",
            "178",
            "149",
            "208",
            "144",
            "114",
            "175",
            "205",
            "174",
            "206",
            "176",
            "266",
            "204",
            "267",
            "269",
            "173",
            "296",
            "298",
            "299",
            "207",
            "268",
            "171",
            "328",
            "170",
            "388",
            "419",
            "386",
            "389",
            "416",
            "387",
            "73",
            "505",
            "355",
            "316",
            "21",
            "166",
            "196",
            "325",
            "263",
            "383",
            "168",
            "256"
        ],
        "4": [
            "330",
            "360",
            "420",
            "390",
            "450",
            "480",
            "451",
            "452",
            "481",
            "482",
            "540",
            "511",
            "512",
            "541",
            "570",
            "542",
            "483",
            "484",
            "600",
            "572",
            "514",
            "543",
            "601",
            "573",
            "602",
            "544",
            "485",
            "454",
            "631",
            "603",
            "604",
            "605",
            "515",
            "575",
            "576",
            "546",
            "577",
            "607",
            "606",
            "608",
            "638",
            "666",
            "665",
            "667",
            "697",
            "580",
            "814",
            "704",
            "731",
            "694",
            "492",
            "876",
            "816",
            "676",
            "691",
            "886",
            "796",
            "678",
            "709",
            "782",
            "615",
            "725"
        ],
        "5": [
            "871",
            "872",
            "841",
            "873",
            "811",
            "812",
            "844",
            "813",
            "874",
            "781",
            "815",
            "784",
            "751",
            "875",
            "722",
            "750",
            "754",
            "785",
            "723",
            "817",
            "724",
            "786",
            "721",
            "756",
            "818",
            "726",
            "664",
            "720",
            "846",
            "787",
            "696",
            "727",
            "662",
            "690",
            "877",
            "788",
            "660",
            "758",
            "757",
            "789",
            "791",
            "820",
            "880",
            "883",
            "881",
            "882",
            "884",
            "849",
            "854",
            "879",
            "765",
            "740",
            "885",
            "892",
            "857",
            "733",
            "772",
            "498"
        ],