{
    "Instance": "Diagonal600_G2",
    "Objective": 279,
    "Infeasibility": 0.008246117684220532,
    "Starting Time": 1692558307.1390345,
    "Time Taken": 184.82467222213745,
    "Initialization Time": 148.5111382007599,
    "nrEliteSolutions": 20,
    "i_max": 500,
    "nrDistricts": 10,
    "delta": 0.05,
    "llambda": 0.7,
    "rcl_parameter": 0.3,
    "Allocation": {
        "0": [
            "302",
            "303",
            "332",
            "272",
            "362",
            "271",
            "270",
            "241",
            "391",
            "211",
            "300",
            "210",
            "181",
            "180",
            "182",
            "150",
            "183",
            "450",
            "153",
            "480",
            "214",
            "93",
            "122",
            "94",
            "510",
            "215",
            "121",
            "64",
            "511",
            "185",
            "91",
            "512",
            "34",
            "513",
            "482",
            "61",
            "572",
            "187",
            "4",
            "62",
            "3",
            "60",
            "31",
            "602",
            "1",
            "30",
            "601",
            "217",
            "213",
            "159",
            "544",
            "423",
            "455",
            "452",
            "515"
        ],
        "1": [
            "804",
            "835",
            "834",
            "836",
            "837",
            "866",
            "838",
            "809",
            "839",
            "779",
            "778",
            "777",
            "747",
            "717",
            "776",
            "746",
            "718",
            "688",
            "745",
            "689",
            "715",
            "714",
            "713",
            "685",
            "686",
            "743",
            "712",
            "656",
            "682",
            "626",
            "657",
            "596",
            "597",
            "598",
            "595",
            "567",
            "568",
            "625",
            "565",
            "628",
            "538",
            "629",
            "508",
            "478",
            "448",
            "418",
            "388",
            "358",
            "389",
            "387",
            "357",
            "386",
            "359",
            "329",
            "476",
            "536",
            "442",
            "416",
            "446",
            "324"
        ],
        "2": [
            "895",
            "894",
            "893",
            "892",
            "891",
            "861",
            "890",
            "860",
            "831",
            "889",
            "832",
            "859",
            "888",
            "858",
            "829",
            "799",
            "798",
            "828",
            "768",
            "827",
            "769",
            "797",
            "738",
            "770",
            "736",
            "771",
            "737",
            "735",
            "766",
            "704",
            "703",
            "733",
            "732",
            "763",
            "764",
            "705",
            "519",
            "401",
            "453",
            "752",
            "426",
            "679",
            "881",
            "461",
            "885",
            "593",
            "394",
            "543",
            "751",
            "648",
            "483",
            "623",
            "562",
            "494",
            "816",
            "487",
            "574",
            "546",
            "880",
            "631",
            "846",
            "817"
        ],
        "3": [
            "59",
            "58",
            "88",
            "28",
            "87",
            "57",
            "27",
            "117",
            "56",
            "86",
            "55",
            "147",
            "85",
            "25",
            "115",
            "24",
            "114",
            "23",
            "145",
            "176",
            "53",
            "22",
            "175",
            "144",
            "208",
            "113",
            "205",
            "21",
            "83",
            "143",
            "82",
            "236",
            "238",
            "50",
            "179",
            "268",
            "269",
            "237",
            "174",
            "239",
            "111",
            "297",
            "327",
            "299",
            "326",
            "325",
            "149",
            "119",
            "311",
            "16",
            "294",
            "178",
            "445",
            "385",
            "258"
        ],
        "4": [
            "438",
            "407",
            "377",
            "437",
            "375",
            "376",
            "374",
            "435",
            "405",
            "373",
            "313",
            "343",
            "403",
            "283",
            "284",
            "253",
            "252",
            "282",
            "254",
            "223",
            "222",
            "251",
            "163",
            "193",
            "192",
            "250",
            "194",
            "164",
            "195",
            "249",
            "225",
            "280",
            "219",
            "310",
            "226",
            "196",
            "220",
            "340",
            "197",
            "167",
            "339",
            "256",
            "279",
            "166",
            "278",
            "277",
            "307",
            "227",
            "369",
            "248",
            "168",
            "138",
            "165",
            "257",
            "169",
            "228",
            "139",
            "337",
            "286",
            "316",
            "123",
            "177",
            "74",
            "206",
            "129"
        ],
        "5": [
            "849",
            "879",
            "850",
            "819",
            "789",
            "818",
            "851",
            "790",
            "852",
            "788",
            "729",
            "758",
            "853",
            "792",
            "822",
            "847",
            "728",
            "793",
            "730",
            "727",
            "845",
            "875",
            "731",
            "726",
            "695",
            "884",
            "795",
            "825",
            "824",
            "876",
            "666",
            "855",
            "755",
            "815",
            "874",
            "785",
            "856",
            "814",
            "813",
            "754",
            "844",
            "843",
            "842",
            "693",
            "721",
            "750",
            "660",
            "841",
            "630",
            "780",
            "691",
            "720",
            "723",
            "724",
            "784",
            "854",
            "871",
            "811",
            "873",
            "810",
            "781",
            "722",
            "802",
            "395",
            "577"
        ],