{
    "Instance": "planar700_G7",
    "Objective": 48.54062805080249,
    "Infeasibility": 0.0,
    "Time Taken": 98.91858339309692,
    "nrDistricts": 10,
    "delta": 0.05,
    "llambda": 0.1,
    "Allocation": {
        "0": [
            "66",
            "130",
            "381",
            "75",
            "591",
            "101",
            "18",
            "314",
            "327",
            "222",
            "393",
            "435",
            "650",
            "633",
            "521",
            "522",
            "640",
            "612",
            "639",
            "372",
            "388",
            "254",
            "110",
            "195",
            "131",
            "431",
            "100",
            "271",
            "447",
            "265",
            "347",
            "464",
            "174",
            "626",
            "563",
            "46",
            "618",
            "622",
            "65",
            "424",
            "77",
            "536",
            "42",
            "627",
            "287",
            "439",
            "497",
            "320",
            "494",
            "30",
            "366",
            "674",
            "58",
            "480",
            "323",
            "16",
            "239",
            "229",
            "469",
            "458",
            "683",
            "312",
            "231",
            "584",
            "371",
            "161",
            "31",
            "440",
            "405"
        ],
        "1": [
            "382",
            "294",
            "583",
            "27",
            "593",
            "81",
            "290",
            "146",
            "451",
            "44",
            "149",
            "213",
            "53",
            "244",
            "43",
            "197",
            "411",
            "596",
            "348",
            "209",
            "645",
            "171",
            "465",
            "106",
            "148",
            "127",
            "157",
            "585",
            "531",
            "253",
            "40",
            "270",
            "24",
            "28",
            "164",
            "445",
            "386",
            "693",
            "523",
            "139",
            "2",
            "500",
            "356",
            "459",
            "586",
            "568",
            "218",
            "422",
            "475",
            "22",
            "654",
            "178",
            "598",
            "230",
            "112",
            "152",
            "599",
            "228",
            "556",
            "456",
            "196",
            "433",
            "442",
            "412",
            "338",
            "540",
            "538",
            "177",
            "569",
            "68",
            "360",
            "352"
        ],
        "2": [
            "557",
            "625",
            "145",
            "181",
            "391",
            "34",
            "358",
            "662",
            "509",
            "383",
            "441",
            "92",
            "10",
            "80",
            "408",
            "553",
            "344",
            "189",
            "245",
            "111",
            "300",
            "238",
            "296",
            "317",
            "124",
            "83",
            "508",
            "322",
            "32",
            "241",
            "36",
            "529",
            "468",
            "8",
            "525",
            "355",
            "45",
            "367",
            "467",
            "608",
            "21",
            "55",
            "364",
            "443",
            "575",
            "304",
            "318",
            "446",
            "676",
            "427",
            "695",
            "664",
            "242",
            "470",
            "551",
            "506",
            "167",
            "541",
            "602",
            "234",
            "113",
            "501",
            "138",
            "169",
            "292",
            "328"
        ],
        "3": [
            "280",
            "291",
            "293",
            "466",
            "601",
            "49",
            "375",
            "123",
            "434",
            "284",
            "519",
            "507",
            "576",
            "632",
            "454",
            "14",
            "517",
            "99",
            "643",
            "623",
            "316",
            "107",
            "214",
            "369",
            "200",
            "273",
            "658",
            "82",
            "283",
            "162",
            "460",
            "449",
            "570",
            "184",
            "644",
            "206",
            "156",
            "652",
            "204",
            "305",
            "54",
            "188",
            "526",
            "153",
            "134",
            "172",
            "357",
            "478",
            "403",
            "118",
            "136",
            "479",
            "85",
            "17",
            "365",
            "579",
            "537",
            "52",
            "98",
            "191",
            "6",
            "351",
            "67",
            "581",
            "236",
            "669",
            "544",
            "530",
            "628"
        ],
        "4": [
            "132",
            "310",
            "620",
            "489",
            "20",
            "678",
            "444",
            "399",
            "154",
            "488",
            "380",
            "448",
            "409",
            "368",
            "474",
            "661",
            "696",
            "151",
            "559",
            "572",
            "219",
            "592",
            "295",
            "227",
            "604",
            "334",
            "210",
            "668",
            "303",
            "698",
            "495",
            "208",
            "407",
            "223",
            "685",
            "413",
            "571",
            "62",
            "528",
            "350",
            "39",
            "561",
            "573",
            "220",
            "642",
            "315",
            "513",
            "232",
            "659",
            "565",
            "186",
            "247",
            "428",
            "516",
            "70",
            "486",
            "115",
            "582",
            "48",
            "86",
            "339",
            "205",
            "539",
            "614",
            "7",
            "396",
            "684",
            "109",
            "681",
            "23",
            "663",
            "104",
            "346"
        ],