{
    "Instance": "planar600_G4",
    "Objective": 46.9123383030742,
    "Infeasibility": 0.0,
    "Time Taken": 216.6472270488739,
    "nrDistricts": 10,
    "delta": 0.05,
    "llambda": 0.7,
    "Allocation": {
        "0": [
            "349",
            "556",
            "445",
            "468",
            "366",
            "564",
            "537",
            "280",
            "584",
            "452",
            "57",
            "268",
            "282",
            "484",
            "154",
            "335",
            "477",
            "102",
            "206",
            "182",
            "546",
            "76",
            "444",
            "229",
            "309",
            "113",
            "225",
            "294",
            "246",
            "221",
            "239",
            "541",
            "436",
            "47",
            "65",
            "60",
            "464",
            "586",
            "166",
            "156",
            "422",
            "479",
            "573",
            "297",
            "544",
            "420",
            "212",
            "149",
            "439",
            "319",
            "49",
            "273",
            "507",
            "519",
            "493",
            "27",
            "100",
            "258",
            "71",
            "385",
            "290",
            "59"
        ],
        "1": [
            "4",
            "56",
            "524",
            "21",
            "135",
            "141",
            "405",
            "177",
            "375",
            "40",
            "509",
            "164",
            "415",
            "153",
            "505",
            "109",
            "185",
            "133",
            "359",
            "367",
            "158",
            "69",
            "54",
            "84",
            "116",
            "79",
            "78",
            "364",
            "186",
            "376",
            "321",
            "408",
            "391",
            "238",
            "64",
            "597",
            "365",
            "270",
            "578",
            "487",
            "354",
            "42",
            "254",
            "222",
            "180",
            "261",
            "305",
            "183",
            "262",
            "595",
            "401",
            "0",
            "323",
            "199",
            "328",
            "128",
            "434",
            "236",
            "29",
            "460",
            "162"
        ],
        "2": [
            "36",
            "406",
            "226",
            "332",
            "296",
            "510",
            "24",
            "533",
            "269",
            "299",
            "498",
            "117",
            "196",
            "26",
            "338",
            "347",
            "329",
            "523",
            "143",
            "494",
            "516",
            "557",
            "412",
            "101",
            "168",
            "201",
            "466",
            "107",
            "267",
            "549",
            "594",
            "442",
            "120",
            "152",
            "470",
            "249",
            "169",
            "11",
            "50",
            "7",
            "379",
            "147",
            "194",
            "43",
            "463",
            "83",
            "455",
            "255",
            "400",
            "565",
            "176",
            "96",
            "223",
            "203",
            "277",
            "210",
            "51",
            "184",
            "374"
        ],
        "3": [
            "215",
            "568",
            "243",
            "443",
            "502",
            "237",
            "108",
            "571",
            "451",
            "313",
            "97",
            "414",
            "204",
            "73",
            "6",
            "373",
            "285",
            "247",
            "145",
            "555",
            "547",
            "171",
            "515",
            "75",
            "292",
            "512",
            "263",
            "18",
            "471",
            "62",
            "425",
            "448",
            "67",
            "386",
            "501",
            "419",
            "92",
            "81",
            "163",
            "41",
            "12",
            "535",
            "178",
            "433",
            "320",
            "542",
            "82",
            "23",
            "330",
            "353",
            "446",
            "506",
            "587",
            "521",
            "341",
            "447",
            "112",
            "312"
        ],
        "4": [
            "140",
            "233",
            "123",
            "380",
            "214",
            "87",
            "339",
            "413",
            "511",
            "431",
            "407",
            "157",
            "77",
            "151",
            "260",
            "559",
            "287",
            "198",
            "252",
            "551",
            "475",
            "355",
            "488",
            "343",
            "410",
            "368",
            "89",
            "580",
            "409",
            "389",
            "577",
            "536",
            "189",
            "242",
            "372",
            "311",
            "219",
            "150",
            "590",
            "17",
            "91",
            "435",
            "554",
            "474",
            "118",
            "527",
            "462",
            "558",
            "325",
            "3",
            "370",
            "111",
            "32",
            "256",
            "129",
            "88",
            "342",
            "395",
            "191",
            "15",
            "528"
        ],
        "5": [
            "85",
            "39",
            "334",
            "384",
            "264",
            "579",
            "552",
            "172",
            "570",
            "461",
            "472",
            "167",
            "250",
            "449",
            "316",
            "467",
            "591",
            "174",
            "411",
            "582",
            "253",
            "115",
            "28",
            "31",
            "480",
            "99",
            "303",
            "121",
            "209",
            "122",
            "318",
            "90",
            "127",
            "230",
            "596",
            "234",
            "426",
            "245",
            "517",
            "497",
            "94",
            "98",
            "231",
            "469",
            "308",
            "333",
            "371",
            "473",
            "418",
            "35",
            "369",
            "358",
            "86",
            "427",
            "378",
            "583",
            "344",
            "159",
            "393",
            "326",
            "144"
        ],