{
    "Instance": "planar500_G6",
    "Objective": 47.78095065104199,
    "Infeasibility": 0.0,
    "Time Taken": 77.65450930595398,
    "nrDistricts": 10,
    "delta": 0.05,
    "llambda": 0.7,
    "Allocation": {
        "0": [
            "301",
            "57",
            "485",
            "139",
            "462",
            "265",
            "446",
            "433",
            "296",
            "372",
            "157",
            "213",
            "415",
            "250",
            "138",
            "316",
            "155",
            "207",
            "129",
            "476",
            "212",
            "495",
            "368",
            "380",
            "186",
            "252",
            "21",
            "257",
            "318",
            "20",
            "332",
            "305",
            "355",
            "28",
            "100",
            "279",
            "382",
            "222",
            "375",
            "417",
            "228",
            "340",
            "244",
            "146",
            "347",
            "467",
            "8",
            "479",
            "386",
            "309",
            "77",
            "18"
        ],
        "1": [
            "234",
            "394",
            "317",
            "187",
            "492",
            "369",
            "420",
            "289",
            "255",
            "497",
            "233",
            "401",
            "330",
            "390",
            "65",
            "432",
            "229",
            "10",
            "22",
            "237",
            "335",
            "405",
            "334",
            "271",
            "211",
            "41",
            "482",
            "475",
            "449",
            "120",
            "48",
            "353",
            "437",
            "421",
            "69",
            "99",
            "245",
            "196",
            "456",
            "170",
            "126",
            "264",
            "489",
            "51",
            "197",
            "238",
            "6",
            "270",
            "374",
            "470",
            "168",
            "7",
            "96"
        ],
        "2": [
            "42",
            "137",
            "327",
            "486",
            "235",
            "58",
            "224",
            "465",
            "451",
            "63",
            "199",
            "346",
            "66",
            "348",
            "490",
            "15",
            "314",
            "158",
            "487",
            "341",
            "469",
            "2",
            "498",
            "236",
            "277",
            "408",
            "458",
            "56",
            "366",
            "298",
            "313",
            "325",
            "268",
            "302",
            "231",
            "272",
            "111",
            "5",
            "105",
            "227",
            "493",
            "389",
            "387",
            "419",
            "132",
            "468",
            "101",
            "226",
            "88",
            "259",
            "31"
        ],
        "3": [
            "80",
            "480",
            "466",
            "418",
            "53",
            "384",
            "232",
            "160",
            "454",
            "141",
            "361",
            "107",
            "285",
            "297",
            "291",
            "217",
            "351",
            "185",
            "116",
            "106",
            "60",
            "149",
            "47",
            "367",
            "140",
            "345",
            "172",
            "147",
            "471",
            "483",
            "89",
            "195",
            "414",
            "45",
            "12",
            "242",
            "267",
            "225",
            "61",
            "134",
            "156",
            "93",
            "71",
            "67",
            "184",
            "133",
            "422",
            "102"
        ],
        "4": [
            "360",
            "164",
            "444",
            "464",
            "38",
            "445",
            "294",
            "32",
            "74",
            "91",
            "221",
            "81",
            "27",
            "167",
            "378",
            "333",
            "392",
            "49",
            "457",
            "363",
            "488",
            "95",
            "131",
            "292",
            "429",
            "34",
            "276",
            "459",
            "362",
            "204",
            "87",
            "321",
            "249",
            "118",
            "427",
            "11",
            "431",
            "230",
            "163",
            "344",
            "413",
            "399",
            "410",
            "216",
            "282",
            "29",
            "128",
            "9",
            "159",
            "44",
            "435",
            "205"
        ],
        "5": [
            "365",
            "110",
            "371",
            "439",
            "37",
            "200",
            "463",
            "68",
            "179",
            "14",
            "288",
            "125",
            "35",
            "246",
            "78",
            "254",
            "223",
            "295",
            "243",
            "441",
            "82",
            "474",
            "220",
            "39",
            "70",
            "263",
            "400",
            "452",
            "287",
            "398",
            "114",
            "342",
            "143",
            "328",
            "73",
            "30",
            "266",
            "337",
            "381",
            "113",
            "403",
            "175",
            "322",
            "426",
            "477",
            "376",
            "370",
            "169",
            "258"
        ],
        "6": [
            "430",
            "300",
            "442",
            "215",
            "395",
            "3",
            "190",
            "306",
            "166",
            "36",
            "25",
            "152",
            "397",
            "407",
            "83",
            "182",
            "23",
            "16",
            "406",
            "412",
            "241",
            "151",
            "448",
            "119",
            "247",
            "248",
            "181",
            "103",
            "379",
            "145",
            "173",
            "127",
            "153",
            "136",
            "144",
            "440",
            "84",
            "4",
            "425",
            "183",
            "343",
            "26",
            "94",
            "24",
            "312",
            "176",
            "171",
            "323"
        ],
        "7": [
            "117",
            "218",
            "358",
            "484",
            "188",
            "203",
            "98",
            "92",
            "356",
            "473",
            "108",
            "150",
            "461",
            "359",
            "1",
            "261",
            "326",
            "79",
            "304",
            "124",
            "283",
            "299",
            "202",
            "214",
            "411",
            "178",
            "201",
            "112",
            "17",
            "319",
            "148",
            "278",
            "209",
            "121",
            "33",
            "315",
            "260",
            "97",
            "55",
            "416",
            "336",
            "280",
            "377",
            "494",
            "62",
            "275",
            "122",
            "472",
            "324"
        ],