{
    "Instance": "planar700_G0",
    "Objective": 50.772765069068086,
    "Infeasibility": 0.0,
    "Time Taken": 134.43708992004395,
    "nrDistricts": 10,
    "delta": 0.05,
    "llambda": 0.1,
    "Allocation": {
        "0": [
            "641",
            "102",
            "656",
            "624",
            "483",
            "110",
            "495",
            "27",
            "532",
            "686",
            "685",
            "139",
            "350",
            "149",
            "455",
            "219",
            "364",
            "538",
            "151",
            "651",
            "192",
            "566",
            "410",
            "414",
            "325",
            "320",
            "576",
            "4",
            "266",
            "246",
            "46",
            "288",
            "348",
            "93",
            "527",
            "61",
            "251",
            "382",
            "462",
            "262",
            "62",
            "537",
            "163",
            "669",
            "204",
            "611",
            "50",
            "368",
            "182",
            "616",
            "461",
            "689",
            "447",
            "245",
            "132",
            "33",
            "682",
            "621",
            "201",
            "339",
            "667",
            "509",
            "342",
            "166",
            "491",
            "629",
            "154",
            "160",
            "97",
            "369",
            "43",
            "367",
            "17"
        ],
        "1": [
            "26",
            "118",
            "265",
            "560",
            "508",
            "180",
            "551",
            "578",
            "657",
            "84",
            "165",
            "233",
            "393",
            "670",
            "503",
            "164",
            "440",
            "694",
            "256",
            "95",
            "365",
            "72",
            "655",
            "579",
            "230",
            "477",
            "196",
            "47",
            "418",
            "606",
            "181",
            "113",
            "673",
            "140",
            "232",
            "267",
            "693",
            "588",
            "147",
            "565",
            "109",
            "465",
            "83",
            "328",
            "539",
            "174",
            "306",
            "216",
            "419",
            "264",
            "290",
            "199",
            "74",
            "240",
            "564",
            "337",
            "227",
            "313",
            "647",
            "561",
            "341",
            "493",
            "283",
            "277",
            "8",
            "484",
            "383"
        ],
        "2": [
            "329",
            "314",
            "574",
            "190",
            "158",
            "593",
            "254",
            "55",
            "680",
            "407",
            "321",
            "391",
            "351",
            "308",
            "375",
            "57",
            "395",
            "53",
            "388",
            "406",
            "195",
            "126",
            "692",
            "359",
            "420",
            "39",
            "168",
            "175",
            "235",
            "241",
            "522",
            "458",
            "518",
            "639",
            "385",
            "221",
            "137",
            "148",
            "387",
            "460",
            "423",
            "208",
            "630",
            "333",
            "12",
            "643",
            "54",
            "186",
            "103",
            "446",
            "371",
            "620",
            "490",
            "638",
            "2",
            "292",
            "531",
            "210",
            "51",
            "36",
            "570",
            "284",
            "584",
            "44",
            "485"
        ],
        "3": [
            "413",
            "473",
            "275",
            "392",
            "435",
            "569",
            "324",
            "125",
            "433",
            "622",
            "684",
            "679",
            "427",
            "397",
            "318",
            "177",
            "613",
            "87",
            "89",
            "358",
            "287",
            "654",
            "608",
            "610",
            "372",
            "535",
            "18",
            "303",
            "424",
            "691",
            "16",
            "60",
            "295",
            "274",
            "642",
            "612",
            "280",
            "130",
            "259",
            "553",
            "269",
            "619",
            "224",
            "90",
            "386",
            "467",
            "430",
            "403",
            "408",
            "595",
            "506",
            "11",
            "354",
            "297",
            "263",
            "157",
            "29",
            "690",
            "194",
            "135",
            "632",
            "197",
            "480",
            "444",
            "505",
            "563",
            "334",
            "600",
            "285",
            "696",
            "683",
            "534"
        ],
        "4": [
            "530",
            "213",
            "298",
            "9",
            "687",
            "338",
            "34",
            "459",
            "38",
            "198",
            "326",
            "209",
            "188",
            "497",
            "449",
            "361",
            "223",
            "602",
            "635",
            "159",
            "489",
            "429",
            "526",
            "631",
            "352",
            "145",
            "66",
            "511",
            "312",
            "336",
            "394",
            "258",
            "253",
            "335",
            "106",
            "80",
            "456",
            "452",
            "426",
            "236",
            "648",
            "674",
            "594",
            "41",
            "457",
            "167",
            "555",
            "416",
            "572",
            "20",
            "628",
            "15",
            "356",
            "317",
            "25",
            "402",
            "370",
            "153",
            "442",
            "494",
            "556",
            "634",
            "431",
            "428",
            "1",
            "411",
            "76",
            "597",
            "229",
            "519"
        ],