{
    "Instance": "planar500_G8",
    "Objective": 46.63449085680712,
    "Infeasibility": 0.0,
    "Time Taken": 61.87532448768616,
    "nrDistricts": 10,
    "delta": 0.05,
    "llambda": 0.7,
    "Allocation": {
        "0": [
            "253",
            "113",
            "102",
            "100",
            "385",
            "84",
            "280",
            "18",
            "397",
            "443",
            "56",
            "354",
            "483",
            "157",
            "10",
            "490",
            "485",
            "88",
            "446",
            "431",
            "473",
            "382",
            "76",
            "258",
            "494",
            "326",
            "22",
            "148",
            "404",
            "147",
            "377",
            "108",
            "142",
            "332",
            "210",
            "34",
            "40",
            "301",
            "238",
            "224",
            "235",
            "144",
            "467",
            "447",
            "454",
            "52",
            "208",
            "275",
            "463",
            "496"
        ],
        "1": [
            "424",
            "187",
            "85",
            "369",
            "260",
            "288",
            "150",
            "4",
            "159",
            "322",
            "314",
            "271",
            "284",
            "331",
            "261",
            "474",
            "259",
            "175",
            "233",
            "92",
            "427",
            "348",
            "300",
            "66",
            "239",
            "471",
            "321",
            "29",
            "45",
            "245",
            "122",
            "347",
            "472",
            "49",
            "109",
            "190",
            "390",
            "14",
            "336",
            "6",
            "135",
            "455",
            "276",
            "181",
            "77",
            "491",
            "243",
            "389",
            "215"
        ],
        "2": [
            "364",
            "39",
            "13",
            "5",
            "469",
            "335",
            "286",
            "439",
            "289",
            "64",
            "115",
            "168",
            "370",
            "316",
            "478",
            "296",
            "391",
            "163",
            "0",
            "174",
            "413",
            "462",
            "495",
            "96",
            "222",
            "158",
            "340",
            "318",
            "493",
            "486",
            "265",
            "60",
            "270",
            "418",
            "11",
            "37",
            "27",
            "194",
            "457",
            "145",
            "380",
            "414",
            "452",
            "185",
            "143",
            "294",
            "226",
            "155",
            "221",
            "379",
            "160"
        ],
        "3": [
            "268",
            "182",
            "442",
            "140",
            "428",
            "345",
            "94",
            "417",
            "73",
            "448",
            "42",
            "351",
            "171",
            "21",
            "366",
            "121",
            "213",
            "240",
            "172",
            "257",
            "170",
            "207",
            "315",
            "461",
            "292",
            "28",
            "287",
            "420",
            "460",
            "475",
            "112",
            "126",
            "146",
            "450",
            "395",
            "195",
            "384",
            "341",
            "274",
            "360",
            "110",
            "449",
            "429",
            "111",
            "451",
            "295",
            "317",
            "149",
            "368",
            "106",
            "12"
        ],
        "4": [
            "173",
            "297",
            "456",
            "202",
            "444",
            "432",
            "263",
            "313",
            "410",
            "399",
            "363",
            "41",
            "97",
            "374",
            "329",
            "225",
            "484",
            "246",
            "406",
            "312",
            "164",
            "177",
            "416",
            "43",
            "488",
            "421",
            "327",
            "58",
            "153",
            "189",
            "120",
            "116",
            "65",
            "53",
            "119",
            "75",
            "266",
            "91",
            "436",
            "229",
            "51",
            "338",
            "129",
            "396",
            "435",
            "277",
            "459",
            "248",
            "388",
            "228",
            "298"
        ],
        "5": [
            "26",
            "220",
            "376",
            "401",
            "445",
            "358",
            "31",
            "80",
            "422",
            "415",
            "74",
            "346",
            "1",
            "184",
            "117",
            "306",
            "230",
            "114",
            "63",
            "24",
            "7",
            "72",
            "373",
            "93",
            "470",
            "62",
            "330",
            "223",
            "290",
            "430",
            "324",
            "387",
            "156",
            "101",
            "291",
            "273",
            "17",
            "361",
            "83",
            "479",
            "205",
            "191",
            "57",
            "99",
            "343",
            "176",
            "125",
            "78",
            "353",
            "365"
        ],
        "6": [
            "183",
            "464",
            "402",
            "133",
            "267",
            "132",
            "465",
            "409",
            "372",
            "355",
            "192",
            "320",
            "453",
            "71",
            "200",
            "70",
            "79",
            "69",
            "236",
            "305",
            "203",
            "30",
            "468",
            "32",
            "59",
            "378",
            "423",
            "498",
            "400",
            "193",
            "209",
            "217",
            "269",
            "279",
            "247",
            "35",
            "403",
            "339",
            "408",
            "499",
            "412",
            "81",
            "310",
            "82",
            "15",
            "169",
            "392",
            "167"
        ],
        "7": [
            "25",
            "425",
            "20",
            "319",
            "68",
            "344",
            "104",
            "165",
            "162",
            "367",
            "356",
            "437",
            "67",
            "407",
            "342",
            "211",
            "166",
            "299",
            "127",
            "47",
            "362",
            "251",
            "405",
            "227",
            "303",
            "282",
            "281",
            "219",
            "234",
            "323",
            "307",
            "180",
            "8",
            "23",
            "151",
            "309",
            "293",
            "105",
            "419",
            "308",
            "350",
            "139",
            "55",
            "54",
            "9",
            "134",
            "334",
            "394",
            "131",
            "386",
            "237",
            "50"
        ],