{
    "Instance": "planar600_G6",
    "Objective": 56.281337253273534,
    "Infeasibility": 0.0,
    "Time Taken": 57.35886740684509,
    "nrDistricts": 10,
    "delta": 0.05,
    "llambda": 0.7,
    "Allocation": {
        "0": [
            "3",
            "474",
            "140",
            "221",
            "91",
            "516",
            "51",
            "535",
            "552",
            "431",
            "241",
            "71",
            "76",
            "83",
            "231",
            "537",
            "390",
            "209",
            "560",
            "28",
            "13",
            "503",
            "461",
            "372",
            "500",
            "493",
            "565",
            "48",
            "131",
            "112",
            "224",
            "546",
            "66",
            "240",
            "257",
            "495",
            "54",
            "104",
            "59",
            "302",
            "114",
            "298",
            "555",
            "125",
            "485",
            "207",
            "391",
            "23",
            "64",
            "533",
            "494",
            "262",
            "574",
            "16",
            "320",
            "319",
            "377",
            "499",
            "370",
            "260",
            "95",
            "85"
        ],
        "1": [
            "217",
            "579",
            "220",
            "342",
            "575",
            "470",
            "559",
            "268",
            "434",
            "156",
            "227",
            "492",
            "330",
            "103",
            "89",
            "148",
            "430",
            "222",
            "412",
            "121",
            "128",
            "178",
            "551",
            "111",
            "63",
            "68",
            "505",
            "332",
            "585",
            "120",
            "354",
            "44",
            "167",
            "229",
            "593",
            "205",
            "573",
            "256",
            "42",
            "562",
            "415",
            "532",
            "165",
            "181",
            "246",
            "94",
            "408",
            "53",
            "75",
            "172",
            "341",
            "284",
            "456",
            "388",
            "325",
            "185",
            "187",
            "356",
            "200"
        ],
        "2": [
            "17",
            "425",
            "598",
            "297",
            "206",
            "451",
            "149",
            "99",
            "376",
            "548",
            "26",
            "57",
            "60",
            "30",
            "265",
            "329",
            "166",
            "46",
            "489",
            "86",
            "583",
            "100",
            "333",
            "278",
            "45",
            "468",
            "373",
            "520",
            "335",
            "553",
            "259",
            "572",
            "513",
            "528",
            "348",
            "214",
            "407",
            "215",
            "180",
            "599",
            "395",
            "65",
            "536",
            "350",
            "458",
            "527",
            "254",
            "410",
            "196",
            "250",
            "18",
            "484",
            "514",
            "351",
            "385",
            "242",
            "276",
            "230",
            "531"
        ],
        "3": [
            "473",
            "146",
            "34",
            "223",
            "218",
            "465",
            "82",
            "213",
            "481",
            "564",
            "367",
            "14",
            "452",
            "349",
            "80",
            "490",
            "267",
            "173",
            "134",
            "177",
            "394",
            "77",
            "305",
            "398",
            "578",
            "73",
            "212",
            "283",
            "70",
            "374",
            "427",
            "338",
            "119",
            "586",
            "529",
            "237",
            "15",
            "414",
            "334",
            "87",
            "295",
            "582",
            "491",
            "482",
            "84",
            "441",
            "81",
            "300",
            "387",
            "439",
            "62",
            "186",
            "303",
            "32",
            "211",
            "581",
            "569",
            "340",
            "406",
            "457",
            "521"
        ],
        "4": [
            "306",
            "252",
            "191",
            "102",
            "274",
            "462",
            "228",
            "35",
            "183",
            "436",
            "418",
            "594",
            "190",
            "158",
            "449",
            "296",
            "525",
            "510",
            "245",
            "47",
            "175",
            "67",
            "189",
            "159",
            "49",
            "381",
            "512",
            "422",
            "316",
            "286",
            "116",
            "311",
            "96",
            "454",
            "0",
            "113",
            "396",
            "152",
            "382",
            "567",
            "336",
            "249",
            "596",
            "383",
            "355",
            "344",
            "93",
            "270",
            "5",
            "29",
            "538",
            "307",
            "133",
            "416",
            "541",
            "52",
            "502",
            "8"
        ],
        "5": [
            "353",
            "292",
            "301",
            "587",
            "174",
            "455",
            "36",
            "466",
            "115",
            "287",
            "523",
            "164",
            "478",
            "417",
            "226",
            "570",
            "556",
            "216",
            "147",
            "136",
            "291",
            "126",
            "163",
            "524",
            "139",
            "258",
            "61",
            "202",
            "293",
            "105",
            "199",
            "429",
            "467",
            "404",
            "168",
            "69",
            "442",
            "321",
            "150",
            "11",
            "487",
            "282",
            "509",
            "272",
            "92",
            "101",
            "33",
            "130",
            "143",
            "37",
            "365",
            "563",
            "244",
            "445",
            "554",
            "584",
            "151",
            "401",
            "526",
            "141",
            "194"
        ],