{
    "Instance": "planar600_G1",
    "Objective": 52.417134624694626,
    "Infeasibility": 0.0,
    "Time Taken": 187.16894578933716,
    "nrDistricts": 10,
    "delta": 0.05,
    "llambda": 0.7,
    "Allocation": {
        "0": [
            "290",
            "409",
            "576",
            "244",
            "127",
            "497",
            "441",
            "376",
            "133",
            "242",
            "538",
            "288",
            "148",
            "170",
            "385",
            "519",
            "100",
            "360",
            "550",
            "407",
            "108",
            "5",
            "172",
            "9",
            "87",
            "7",
            "105",
            "237",
            "68",
            "458",
            "67",
            "533",
            "8",
            "510",
            "143",
            "174",
            "338",
            "134",
            "176",
            "561",
            "437",
            "42",
            "565",
            "2",
            "124",
            "516",
            "283",
            "150",
            "318",
            "136",
            "523",
            "214",
            "271",
            "583",
            "234",
            "25",
            "484",
            "491"
        ],
        "1": [
            "275",
            "392",
            "277",
            "423",
            "238",
            "233",
            "132",
            "289",
            "34",
            "349",
            "426",
            "504",
            "123",
            "168",
            "588",
            "418",
            "362",
            "146",
            "448",
            "323",
            "450",
            "527",
            "184",
            "417",
            "239",
            "140",
            "85",
            "444",
            "261",
            "47",
            "586",
            "465",
            "263",
            "243",
            "293",
            "267",
            "353",
            "483",
            "155",
            "529",
            "439",
            "106",
            "41",
            "446",
            "21",
            "354",
            "557",
            "542",
            "88",
            "188",
            "130",
            "211",
            "37",
            "369",
            "466",
            "52",
            "179",
            "182",
            "589"
        ],
        "2": [
            "461",
            "153",
            "528",
            "303",
            "50",
            "300",
            "248",
            "536",
            "135",
            "66",
            "180",
            "566",
            "422",
            "197",
            "115",
            "152",
            "31",
            "175",
            "598",
            "81",
            "457",
            "253",
            "266",
            "568",
            "13",
            "549",
            "452",
            "469",
            "48",
            "429",
            "463",
            "402",
            "449",
            "39",
            "186",
            "501",
            "322",
            "560",
            "389",
            "359",
            "202",
            "387",
            "590",
            "46",
            "485",
            "97",
            "64",
            "16",
            "235",
            "158",
            "10",
            "122",
            "344",
            "230",
            "287",
            "347",
            "96",
            "555",
            "404"
        ],
        "3": [
            "268",
            "252",
            "310",
            "479",
            "272",
            "12",
            "335",
            "578",
            "138",
            "160",
            "56",
            "346",
            "580",
            "524",
            "256",
            "337",
            "27",
            "292",
            "593",
            "592",
            "295",
            "574",
            "472",
            "368",
            "399",
            "520",
            "264",
            "442",
            "317",
            "443",
            "43",
            "195",
            "245",
            "280",
            "455",
            "543",
            "495",
            "223",
            "537",
            "3",
            "572",
            "24",
            "412",
            "118",
            "274",
            "406",
            "391",
            "227",
            "91",
            "490",
            "101",
            "313",
            "478",
            "370",
            "355",
            "374",
            "425",
            "194",
            "481",
            "488",
            "394"
        ],
        "4": [
            "522",
            "403",
            "260",
            "259",
            "471",
            "177",
            "69",
            "551",
            "424",
            "80",
            "304",
            "559",
            "161",
            "575",
            "451",
            "400",
            "163",
            "343",
            "570",
            "581",
            "541",
            "58",
            "416",
            "17",
            "151",
            "220",
            "482",
            "496",
            "595",
            "1",
            "102",
            "434",
            "305",
            "15",
            "157",
            "552",
            "167",
            "378",
            "44",
            "521",
            "231",
            "26",
            "219",
            "500",
            "319",
            "535",
            "210",
            "435",
            "447",
            "229",
            "204",
            "315",
            "35",
            "414",
            "279",
            "585"
        ],
        "5": [
            "59",
            "228",
            "545",
            "356",
            "0",
            "411",
            "298",
            "119",
            "314",
            "420",
            "526",
            "4",
            "579",
            "278",
            "505",
            "342",
            "364",
            "477",
            "144",
            "246",
            "213",
            "139",
            "92",
            "475",
            "173",
            "365",
            "164",
            "224",
            "162",
            "103",
            "352",
            "512",
            "207",
            "373",
            "573",
            "198",
            "99",
            "28",
            "351",
            "419",
            "546",
            "255",
            "508",
            "114",
            "82",
            "55",
            "29",
            "486",
            "121",
            "32",
            "232",
            "216",
            "515",
            "393",
            "470",
            "247",
            "113",
            "65",
            "594",
            "405",
            "336",
            "40"
        ],