{
    "Instance": "planar700_G2",
    "Objective": 51.27225908042091,
    "Infeasibility": 0.0,
    "Time Taken": 52.572099447250366,
    "nrDistricts": 10,
    "delta": 0.05,
    "llambda": 0.4,
    "Allocation": {
        "0": [
            "84",
            "690",
            "111",
            "103",
            "650",
            "141",
            "11",
            "388",
            "105",
            "34",
            "534",
            "473",
            "626",
            "581",
            "358",
            "56",
            "489",
            "248",
            "392",
            "129",
            "485",
            "298",
            "464",
            "687",
            "564",
            "120",
            "68",
            "639",
            "148",
            "159",
            "163",
            "451",
            "77",
            "351",
            "203",
            "460",
            "547",
            "70",
            "282",
            "655",
            "89",
            "219",
            "303",
            "638",
            "41",
            "659",
            "604",
            "411",
            "438",
            "615",
            "253",
            "305",
            "63",
            "446",
            "255",
            "257",
            "586",
            "413",
            "519",
            "109",
            "227",
            "428",
            "296",
            "596",
            "503",
            "605",
            "600",
            "85",
            "256",
            "440",
            "483",
            "175",
            "170"
        ],
        "1": [
            "363",
            "91",
            "422",
            "281",
            "490",
            "601",
            "372",
            "31",
            "462",
            "610",
            "431",
            "470",
            "191",
            "527",
            "36",
            "224",
            "577",
            "450",
            "561",
            "212",
            "240",
            "48",
            "420",
            "261",
            "98",
            "536",
            "493",
            "126",
            "562",
            "693",
            "397",
            "698",
            "415",
            "643",
            "39",
            "290",
            "96",
            "625",
            "58",
            "59",
            "146",
            "94",
            "550",
            "116",
            "551",
            "580",
            "457",
            "444",
            "4",
            "128",
            "452",
            "97",
            "243",
            "445",
            "107",
            "587",
            "307",
            "300",
            "232",
            "537",
            "360",
            "174",
            "28",
            "572",
            "113",
            "226",
            "147",
            "66",
            "402",
            "80",
            "393",
            "459",
            "162"
        ],
        "2": [
            "52",
            "414",
            "670",
            "627",
            "671",
            "165",
            "139",
            "574",
            "213",
            "398",
            "317",
            "630",
            "252",
            "211",
            "304",
            "166",
            "321",
            "196",
            "195",
            "658",
            "81",
            "265",
            "432",
            "421",
            "61",
            "549",
            "631",
            "454",
            "654",
            "437",
            "481",
            "12",
            "646",
            "332",
            "19",
            "647",
            "181",
            "78",
            "292",
            "314",
            "442",
            "238",
            "142",
            "456",
            "35",
            "559",
            "62",
            "294",
            "82",
            "245",
            "137",
            "60",
            "688",
            "675",
            "169",
            "660",
            "54",
            "47",
            "277",
            "127",
            "102",
            "16",
            "377",
            "504",
            "157",
            "546",
            "699",
            "30",
            "186",
            "210",
            "216",
            "394",
            "121"
        ],
        "3": [
            "553",
            "543",
            "513",
            "124",
            "342",
            "540",
            "244",
            "72",
            "274",
            "488",
            "152",
            "637",
            "99",
            "370",
            "558",
            "403",
            "453",
            "151",
            "350",
            "214",
            "686",
            "313",
            "5",
            "249",
            "554",
            "278",
            "578",
            "345",
            "455",
            "193",
            "613",
            "334",
            "530",
            "69",
            "678",
            "316",
            "404",
            "51",
            "283",
            "410",
            "40",
            "628",
            "523",
            "172",
            "689",
            "502",
            "153",
            "22",
            "400",
            "285",
            "150",
            "310",
            "262",
            "567",
            "569",
            "482",
            "333",
            "423",
            "672",
            "592",
            "258",
            "418",
            "424",
            "79",
            "381",
            "644",
            "346",
            "201",
            "680",
            "336",
            "520",
            "291"
        ],
        "4": [
            "44",
            "395",
            "27",
            "21",
            "273",
            "696",
            "571",
            "573",
            "276",
            "323",
            "301",
            "599",
            "609",
            "512",
            "131",
            "469",
            "322",
            "425",
            "178",
            "125",
            "583",
            "106",
            "436",
            "199",
            "173",
            "594",
            "263",
            "579",
            "306",
            "412",
            "223",
            "535",
            "585",
            "683",
            "229",
            "204",
            "387",
            "271",
            "505",
            "447",
            "268",
            "620",
            "506",
            "222",
            "315",
            "684",
            "218",
            "471",
            "324",
            "349",
            "477",
            "280",
            "375",
            "463",
            "64",
            "516",
            "198",
            "144",
            "356",
            "341",
            "695",
            "42",
            "177",
            "330",
            "498",
            "335",
            "29",
            "518"
        ],