{
    "Instance": "planar600_G7",
    "Objective": 53.4601879375973,
    "Infeasibility": 0.0,
    "Time Taken": 57.45702576637268,
    "nrDistricts": 10,
    "delta": 0.05,
    "llambda": 0.7,
    "Allocation": {
        "0": [
            "4",
            "222",
            "429",
            "525",
            "569",
            "346",
            "97",
            "226",
            "419",
            "253",
            "359",
            "39",
            "45",
            "365",
            "178",
            "250",
            "591",
            "43",
            "197",
            "493",
            "224",
            "304",
            "455",
            "432",
            "67",
            "217",
            "379",
            "530",
            "458",
            "599",
            "449",
            "426",
            "141",
            "120",
            "190",
            "316",
            "320",
            "169",
            "52",
            "297",
            "355",
            "528",
            "301",
            "351",
            "353",
            "587",
            "487",
            "409",
            "260",
            "595",
            "541",
            "488",
            "377",
            "451",
            "396",
            "411",
            "2",
            "55",
            "543",
            "418"
        ],
        "1": [
            "156",
            "337",
            "329",
            "68",
            "88",
            "326",
            "558",
            "430",
            "317",
            "576",
            "386",
            "62",
            "8",
            "69",
            "572",
            "598",
            "63",
            "553",
            "273",
            "549",
            "110",
            "239",
            "279",
            "354",
            "48",
            "288",
            "187",
            "108",
            "340",
            "78",
            "477",
            "476",
            "61",
            "594",
            "19",
            "86",
            "585",
            "342",
            "421",
            "121",
            "208",
            "532",
            "103",
            "189",
            "151",
            "27",
            "180",
            "343",
            "163",
            "7",
            "408",
            "210",
            "256",
            "93",
            "339",
            "469",
            "289",
            "356",
            "515",
            "215",
            "448"
        ],
        "2": [
            "399",
            "357",
            "324",
            "175",
            "323",
            "501",
            "479",
            "302",
            "578",
            "161",
            "106",
            "568",
            "54",
            "380",
            "311",
            "158",
            "481",
            "401",
            "206",
            "308",
            "590",
            "546",
            "64",
            "130",
            "276",
            "159",
            "500",
            "450",
            "393",
            "376",
            "372",
            "28",
            "179",
            "334",
            "119",
            "94",
            "457",
            "369",
            "133",
            "144",
            "18",
            "552",
            "588",
            "155",
            "447",
            "229",
            "107",
            "491",
            "76",
            "503",
            "284",
            "272",
            "436",
            "81",
            "373",
            "529",
            "557",
            "544",
            "232",
            "398",
            "282",
            "58"
        ],
        "3": [
            "554",
            "198",
            "89",
            "338",
            "463",
            "319",
            "112",
            "364",
            "213",
            "327",
            "164",
            "191",
            "136",
            "38",
            "32",
            "514",
            "246",
            "267",
            "207",
            "328",
            "280",
            "125",
            "547",
            "72",
            "381",
            "520",
            "265",
            "212",
            "332",
            "238",
            "360",
            "216",
            "99",
            "505",
            "24",
            "143",
            "140",
            "259",
            "182",
            "300",
            "533",
            "394",
            "231",
            "236",
            "257",
            "296",
            "512",
            "243",
            "218",
            "395",
            "522",
            "134",
            "531",
            "168",
            "77",
            "36",
            "139",
            "559",
            "397",
            "60",
            "563",
            "298"
        ],
        "4": [
            "274",
            "475",
            "269",
            "66",
            "46",
            "85",
            "211",
            "565",
            "285",
            "382",
            "102",
            "247",
            "111",
            "425",
            "384",
            "154",
            "350",
            "1",
            "123",
            "49",
            "358",
            "309",
            "388",
            "268",
            "195",
            "467",
            "480",
            "542",
            "150",
            "129",
            "368",
            "459",
            "188",
            "147",
            "321",
            "214",
            "593",
            "202",
            "26",
            "41",
            "101",
            "383",
            "422",
            "127",
            "205",
            "291",
            "306",
            "555",
            "537",
            "219",
            "584",
            "264",
            "167",
            "410",
            "42",
            "114"
        ],
        "5": [
            "344",
            "519",
            "562",
            "92",
            "157",
            "403",
            "336",
            "124",
            "25",
            "20",
            "16",
            "390",
            "579",
            "3",
            "204",
            "412",
            "186",
            "474",
            "104",
            "9",
            "128",
            "184",
            "416",
            "556",
            "513",
            "494",
            "245",
            "290",
            "181",
            "567",
            "437",
            "57",
            "251",
            "84",
            "428",
            "472",
            "575",
            "597",
            "148",
            "183",
            "548",
            "456",
            "473",
            "177",
            "441",
            "508",
            "566",
            "438",
            "233",
            "176",
            "79",
            "30",
            "423",
            "71",
            "95",
            "495",
            "171",
            "74",
            "577",
            "550",
            "209",
            "442",
            "10"
        ],