{
    "Instance": "planar700_G3",
    "Objective": 57.128461979503385,
    "Infeasibility": 0.0,
    "Time Taken": 408.3876495361328,
    "nrDistricts": 10,
    "delta": 0.05,
    "llambda": 0.4,
    "Allocation": {
        "0": [
            "328",
            "654",
            "370",
            "274",
            "440",
            "197",
            "549",
            "623",
            "133",
            "91",
            "422",
            "499",
            "377",
            "415",
            "145",
            "33",
            "247",
            "338",
            "333",
            "505",
            "372",
            "593",
            "254",
            "472",
            "457",
            "610",
            "534",
            "216",
            "41",
            "321",
            "203",
            "556",
            "50",
            "348",
            "227",
            "512",
            "611",
            "142",
            "677",
            "86",
            "606",
            "558",
            "342",
            "526",
            "405",
            "516",
            "555",
            "285",
            "0",
            "212",
            "2",
            "614",
            "587",
            "97",
            "402",
            "449",
            "87",
            "244",
            "236",
            "170",
            "164",
            "639",
            "657",
            "250",
            "340",
            "428",
            "222",
            "249",
            "252",
            "218"
        ],
        "1": [
            "312",
            "628",
            "332",
            "269",
            "286",
            "427",
            "225",
            "671",
            "302",
            "154",
            "214",
            "134",
            "536",
            "618",
            "179",
            "424",
            "77",
            "366",
            "25",
            "533",
            "414",
            "56",
            "47",
            "381",
            "443",
            "161",
            "318",
            "276",
            "478",
            "460",
            "624",
            "26",
            "287",
            "172",
            "75",
            "589",
            "636",
            "346",
            "394",
            "261",
            "30",
            "156",
            "150",
            "235",
            "489",
            "265",
            "230",
            "456",
            "329",
            "128",
            "660",
            "48",
            "85",
            "220",
            "322",
            "519",
            "69",
            "419",
            "315",
            "126",
            "251",
            "564",
            "105",
            "463",
            "383",
            "347",
            "483",
            "392",
            "88"
        ],
        "2": [
            "492",
            "455",
            "573",
            "360",
            "667",
            "124",
            "461",
            "434",
            "459",
            "409",
            "46",
            "395",
            "389",
            "187",
            "553",
            "451",
            "487",
            "393",
            "682",
            "373",
            "310",
            "635",
            "546",
            "72",
            "284",
            "361",
            "418",
            "548",
            "378",
            "336",
            "149",
            "13",
            "61",
            "364",
            "21",
            "297",
            "379",
            "681",
            "692",
            "596",
            "529",
            "263",
            "8",
            "288",
            "266",
            "369",
            "301",
            "401",
            "226",
            "291",
            "29",
            "314",
            "452",
            "18",
            "532",
            "221",
            "577",
            "195",
            "675",
            "182",
            "513",
            "73",
            "281",
            "313",
            "473",
            "174",
            "205"
        ],
        "3": [
            "454",
            "311",
            "630",
            "289",
            "602",
            "638",
            "416",
            "661",
            "53",
            "688",
            "44",
            "158",
            "184",
            "146",
            "94",
            "151",
            "438",
            "171",
            "43",
            "474",
            "224",
            "410",
            "480",
            "207",
            "67",
            "49",
            "647",
            "538",
            "129",
            "176",
            "296",
            "433",
            "365",
            "309",
            "506",
            "585",
            "210",
            "579",
            "206",
            "689",
            "420",
            "110",
            "308",
            "436",
            "498",
            "446",
            "117",
            "673",
            "1",
            "621",
            "81",
            "406",
            "397",
            "447",
            "484",
            "280",
            "663",
            "622",
            "469",
            "143",
            "559",
            "504",
            "387",
            "198",
            "267",
            "521",
            "391",
            "95",
            "375"
        ],
        "4": [
            "131",
            "569",
            "605",
            "118",
            "690",
            "112",
            "136",
            "685",
            "137",
            "497",
            "167",
            "431",
            "351",
            "693",
            "334",
            "283",
            "140",
            "294",
            "408",
            "239",
            "470",
            "290",
            "147",
            "217",
            "524",
            "231",
            "450",
            "642",
            "386",
            "597",
            "109",
            "320",
            "453",
            "245",
            "617",
            "699",
            "57",
            "672",
            "178",
            "634",
            "539",
            "256",
            "157",
            "527",
            "12",
            "234",
            "632",
            "282",
            "604",
            "153",
            "42",
            "510",
            "669",
            "530",
            "481",
            "697",
            "674",
            "299",
            "341",
            "640",
            "668",
            "517",
            "89",
            "103",
            "411",
            "7",
            "344",
            "152",
            "201",
            "374",
            "10",
            "464",
            "683"
        ],