{
    "Instance": "planar500_G1",
    "Objective": 55.57678577044116,
    "Infeasibility": 0.0,
    "Time Taken": 49.23313856124878,
    "nrDistricts": 10,
    "delta": 0.05,
    "llambda": 0.7,
    "Allocation": {
        "0": [
            "21",
            "271",
            "494",
            "72",
            "415",
            "8",
            "117",
            "447",
            "353",
            "464",
            "487",
            "127",
            "159",
            "473",
            "119",
            "333",
            "221",
            "292",
            "303",
            "478",
            "199",
            "5",
            "101",
            "426",
            "17",
            "381",
            "121",
            "277",
            "151",
            "455",
            "311",
            "425",
            "39",
            "404",
            "449",
            "209",
            "446",
            "489",
            "23",
            "211",
            "262",
            "6",
            "128",
            "323",
            "50",
            "111",
            "220",
            "414",
            "301",
            "1",
            "172",
            "321",
            "283",
            "486"
        ],
        "1": [
            "314",
            "483",
            "332",
            "131",
            "231",
            "31",
            "218",
            "29",
            "28",
            "429",
            "351",
            "65",
            "357",
            "100",
            "295",
            "120",
            "372",
            "491",
            "400",
            "43",
            "122",
            "319",
            "443",
            "245",
            "149",
            "55",
            "496",
            "99",
            "334",
            "330",
            "198",
            "352",
            "244",
            "207",
            "274",
            "355",
            "30",
            "91",
            "145",
            "469",
            "431",
            "452",
            "384",
            "147",
            "148",
            "499",
            "313",
            "192"
        ],
        "2": [
            "80",
            "76",
            "48",
            "125",
            "68",
            "89",
            "347",
            "164",
            "342",
            "4",
            "348",
            "304",
            "382",
            "18",
            "94",
            "63",
            "214",
            "183",
            "341",
            "322",
            "254",
            "26",
            "171",
            "297",
            "264",
            "166",
            "161",
            "440",
            "399",
            "361",
            "215",
            "46",
            "146",
            "45",
            "0",
            "406",
            "173",
            "388",
            "405",
            "226",
            "428",
            "326",
            "497",
            "369",
            "289",
            "338",
            "140",
            "374"
        ],
        "3": [
            "213",
            "316",
            "134",
            "59",
            "105",
            "178",
            "118",
            "456",
            "190",
            "367",
            "69",
            "370",
            "279",
            "462",
            "266",
            "78",
            "398",
            "438",
            "177",
            "286",
            "110",
            "495",
            "132",
            "445",
            "345",
            "12",
            "35",
            "378",
            "434",
            "25",
            "42",
            "102",
            "219",
            "193",
            "450",
            "481",
            "258",
            "407",
            "181",
            "255",
            "344",
            "366",
            "340",
            "280",
            "7",
            "182",
            "212",
            "461",
            "305"
        ],
        "4": [
            "475",
            "223",
            "251",
            "236",
            "73",
            "180",
            "498",
            "380",
            "253",
            "328",
            "228",
            "363",
            "309",
            "276",
            "354",
            "243",
            "270",
            "371",
            "422",
            "377",
            "136",
            "139",
            "109",
            "249",
            "240",
            "411",
            "40",
            "53",
            "284",
            "32",
            "57",
            "293",
            "84",
            "56",
            "184",
            "194",
            "51",
            "167",
            "98",
            "430",
            "88",
            "170",
            "83",
            "196",
            "22",
            "15",
            "482",
            "265",
            "197"
        ],
        "5": [
            "312",
            "459",
            "454",
            "232",
            "247",
            "204",
            "34",
            "138",
            "389",
            "157",
            "427",
            "129",
            "285",
            "368",
            "416",
            "476",
            "124",
            "458",
            "62",
            "90",
            "70",
            "466",
            "269",
            "385",
            "451",
            "477",
            "191",
            "9",
            "306",
            "325",
            "492",
            "343",
            "432",
            "256",
            "97",
            "47",
            "408",
            "126",
            "471",
            "356",
            "423",
            "379",
            "3",
            "33",
            "394",
            "176",
            "442",
            "375",
            "401",
            "162",
            "189",
            "488",
            "250",
            "108",
            "317"
        ],
        "6": [
            "143",
            "13",
            "418",
            "133",
            "11",
            "302",
            "320",
            "419",
            "20",
            "472",
            "237",
            "278",
            "468",
            "474",
            "38",
            "82",
            "358",
            "393",
            "257",
            "154",
            "175",
            "135",
            "113",
            "216",
            "242",
            "465",
            "241",
            "225",
            "93",
            "142",
            "291",
            "360",
            "259",
            "364",
            "44",
            "335",
            "185",
            "417",
            "331",
            "296",
            "300",
            "85",
            "19",
            "27",
            "421",
            "24",
            "61",
            "224",
            "484",
            "288",
            "337"
        ],
        "7": [
            "141",
            "210",
            "248",
            "281",
            "362",
            "230",
            "95",
            "116",
            "282",
            "310",
            "235",
            "346",
            "71",
            "186",
            "87",
            "395",
            "392",
            "41",
            "137",
            "202",
            "205",
            "294",
            "441",
            "420",
            "463",
            "349",
            "457",
            "208",
            "144",
            "307",
            "298",
            "437",
            "409",
            "227",
            "448",
            "52",
            "260",
            "460",
            "263",
            "403",
            "315",
            "54",
            "155",
            "485",
            "467",
            "64",
            "490",
            "493",
            "396",
            "150"
        ],