{
    "Instance": "planar600_G3",
    "Objective": 79.4235310374929,
    "Infeasibility": 0.0,
    "Time Taken": 62.22908592224121,
    "nrDistricts": 10,
    "delta": 0.05,
    "llambda": 0.7,
    "Allocation": {
        "0": [
            "457",
            "442",
            "385",
            "544",
            "581",
            "577",
            "31",
            "295",
            "22",
            "114",
            "329",
            "349",
            "592",
            "61",
            "582",
            "82",
            "64",
            "597",
            "410",
            "373",
            "268",
            "105",
            "156",
            "369",
            "72",
            "27",
            "503",
            "145",
            "494",
            "267",
            "137",
            "130",
            "63",
            "450",
            "415",
            "203",
            "322",
            "594",
            "202",
            "150",
            "375",
            "315",
            "364",
            "343",
            "87",
            "571",
            "479",
            "356",
            "153",
            "134",
            "171",
            "33",
            "80",
            "32",
            "396",
            "417",
            "352",
            "208",
            "253"
        ],
        "1": [
            "8",
            "492",
            "405",
            "489",
            "591",
            "223",
            "152",
            "142",
            "83",
            "135",
            "437",
            "24",
            "547",
            "9",
            "433",
            "382",
            "227",
            "300",
            "340",
            "230",
            "143",
            "20",
            "549",
            "361",
            "380",
            "398",
            "520",
            "57",
            "100",
            "311",
            "460",
            "241",
            "282",
            "569",
            "426",
            "320",
            "504",
            "407",
            "146",
            "183",
            "367",
            "487",
            "403",
            "551",
            "337",
            "496",
            "362",
            "257",
            "165",
            "133",
            "402"
        ],
        "2": [
            "338",
            "128",
            "552",
            "459",
            "4",
            "292",
            "332",
            "180",
            "511",
            "79",
            "221",
            "35",
            "306",
            "550",
            "495",
            "273",
            "327",
            "537",
            "88",
            "447",
            "528",
            "317",
            "559",
            "464",
            "443",
            "13",
            "44",
            "233",
            "432",
            "249",
            "354",
            "199",
            "535",
            "210",
            "166",
            "209",
            "287",
            "243",
            "576",
            "119",
            "584",
            "372",
            "237",
            "512",
            "231",
            "483",
            "149",
            "188",
            "217",
            "1",
            "441",
            "284",
            "359",
            "346",
            "446",
            "391",
            "386",
            "534",
            "43",
            "400",
            "350"
        ],
        "3": [
            "278",
            "68",
            "78",
            "163",
            "279",
            "191",
            "269",
            "148",
            "147",
            "247",
            "333",
            "553",
            "416",
            "478",
            "11",
            "593",
            "49",
            "388",
            "468",
            "390",
            "266",
            "456",
            "454",
            "242",
            "259",
            "103",
            "401",
            "381",
            "326",
            "206",
            "573",
            "384",
            "560",
            "472",
            "305",
            "448",
            "325",
            "41",
            "192",
            "418",
            "116",
            "182",
            "104",
            "515",
            "161",
            "18",
            "531",
            "484",
            "473",
            "461",
            "19",
            "318",
            "289",
            "260",
            "219",
            "109",
            "304",
            "274",
            "246",
            "102",
            "47",
            "263"
        ],
        "4": [
            "185",
            "275",
            "466",
            "368",
            "379",
            "467",
            "530",
            "108",
            "118",
            "195",
            "413",
            "75",
            "436",
            "564",
            "236",
            "568",
            "451",
            "414",
            "111",
            "193",
            "112",
            "288",
            "335",
            "215",
            "444",
            "85",
            "476",
            "172",
            "92",
            "430",
            "123",
            "86",
            "291",
            "216",
            "42",
            "139",
            "421",
            "434",
            "261",
            "452",
            "598",
            "225",
            "376",
            "578",
            "465",
            "477",
            "347",
            "422",
            "91",
            "393",
            "588",
            "498",
            "583",
            "341",
            "579",
            "316",
            "463",
            "541",
            "200",
            "344",
            "392"
        ],
        "5": [
            "141",
            "125",
            "357",
            "548",
            "26",
            "509",
            "58",
            "513",
            "264",
            "7",
            "15",
            "252",
            "429",
            "585",
            "235",
            "28",
            "164",
            "543",
            "93",
            "546",
            "397",
            "0",
            "406",
            "34",
            "556",
            "505",
            "355",
            "174",
            "308",
            "599",
            "342",
            "222",
            "558",
            "239",
            "554",
            "480",
            "117",
            "37",
            "536",
            "187",
            "485",
            "136",
            "312",
            "453",
            "245",
            "445",
            "514",
            "565",
            "345",
            "383",
            "265",
            "232",
            "131",
            "46",
            "283",
            "339",
            "404",
            "175",
            "499",
            "113",
            "395",
            "207",
            "471",
            "238"
        ],