{
    "Instance": "planar600_G8",
    "Objective": 49.179006835929044,
    "Infeasibility": 0.0,
    "Time Taken": 251.11564755439758,
    "nrDistricts": 10,
    "delta": 0.05,
    "llambda": 0.1,
    "Allocation": {
        "0": [
            "83",
            "30",
            "153",
            "495",
            "129",
            "508",
            "281",
            "244",
            "489",
            "124",
            "265",
            "41",
            "70",
            "596",
            "317",
            "490",
            "199",
            "247",
            "563",
            "552",
            "37",
            "583",
            "399",
            "9",
            "426",
            "419",
            "45",
            "121",
            "229",
            "480",
            "332",
            "161",
            "12",
            "463",
            "304",
            "269",
            "486",
            "50",
            "599",
            "450",
            "559",
            "147",
            "110",
            "259",
            "192",
            "262",
            "306",
            "79",
            "519",
            "279",
            "571",
            "33",
            "360",
            "274",
            "351"
        ],
        "1": [
            "437",
            "447",
            "209",
            "366",
            "518",
            "457",
            "183",
            "553",
            "140",
            "68",
            "408",
            "204",
            "93",
            "39",
            "305",
            "245",
            "287",
            "546",
            "225",
            "122",
            "403",
            "573",
            "417",
            "384",
            "570",
            "340",
            "219",
            "10",
            "409",
            "118",
            "438",
            "576",
            "524",
            "407",
            "341",
            "380",
            "527",
            "378",
            "63",
            "548",
            "177",
            "430",
            "231",
            "25",
            "42",
            "400",
            "201",
            "405",
            "472",
            "18",
            "415",
            "257",
            "72",
            "589",
            "255",
            "263",
            "479",
            "40",
            "459",
            "172"
        ],
        "2": [
            "51",
            "522",
            "234",
            "142",
            "35",
            "484",
            "505",
            "494",
            "474",
            "97",
            "296",
            "308",
            "461",
            "297",
            "525",
            "418",
            "214",
            "550",
            "44",
            "342",
            "433",
            "371",
            "591",
            "492",
            "109",
            "343",
            "395",
            "512",
            "398",
            "581",
            "3",
            "181",
            "354",
            "198",
            "49",
            "290",
            "545",
            "65",
            "11",
            "32",
            "299",
            "106",
            "349",
            "520",
            "303",
            "541",
            "46",
            "17",
            "207",
            "29",
            "134",
            "117",
            "104",
            "7",
            "445",
            "160",
            "387",
            "431",
            "57"
        ],
        "3": [
            "560",
            "232",
            "55",
            "115",
            "464",
            "485",
            "404",
            "205",
            "466",
            "107",
            "103",
            "568",
            "196",
            "587",
            "238",
            "158",
            "266",
            "84",
            "156",
            "396",
            "528",
            "325",
            "322",
            "537",
            "23",
            "561",
            "498",
            "401",
            "125",
            "152",
            "449",
            "240",
            "531",
            "184",
            "510",
            "251",
            "159",
            "4",
            "105",
            "376",
            "444",
            "288",
            "535",
            "6",
            "483",
            "544",
            "394",
            "361",
            "321",
            "34",
            "113",
            "212",
            "509",
            "402",
            "27",
            "149",
            "133",
            "469",
            "326",
            "455",
            "260"
        ],
        "4": [
            "320",
            "547",
            "298",
            "187",
            "424",
            "98",
            "126",
            "362",
            "248",
            "130",
            "180",
            "435",
            "272",
            "598",
            "428",
            "577",
            "48",
            "333",
            "157",
            "592",
            "572",
            "476",
            "421",
            "375",
            "47",
            "441",
            "334",
            "239",
            "224",
            "425",
            "517",
            "264",
            "392",
            "499",
            "242",
            "346",
            "533",
            "538",
            "567",
            "20",
            "213",
            "146",
            "339",
            "523",
            "170",
            "542",
            "432",
            "593",
            "138",
            "96",
            "315",
            "169",
            "286",
            "38",
            "534",
            "101",
            "69",
            "363",
            "71",
            "135",
            "258",
            "90",
            "565"
        ],
        "5": [
            "579",
            "89",
            "327",
            "331",
            "569",
            "422",
            "43",
            "167",
            "443",
            "511",
            "66",
            "487",
            "300",
            "222",
            "390",
            "211",
            "367",
            "243",
            "503",
            "386",
            "420",
            "131",
            "223",
            "246",
            "555",
            "74",
            "194",
            "163",
            "15",
            "578",
            "75",
            "31",
            "185",
            "460",
            "566",
            "87",
            "454",
            "226",
            "514",
            "312",
            "301",
            "335",
            "210",
            "562",
            "150",
            "439",
            "585",
            "586",
            "186",
            "145",
            "295",
            "452",
            "478",
            "536",
            "338",
            "491",
            "370",
            "373",
            "58",
            "382"
        ],