{
    "Instance": "planar500_G4",
    "Objective": 64.94431188061068,
    "Infeasibility": 0.0,
    "Time Taken": 24.52196192741394,
    "nrDistricts": 10,
    "delta": 0.05,
    "llambda": 0.7,
    "Allocation": {
        "0": [
            "116",
            "309",
            "138",
            "141",
            "387",
            "175",
            "327",
            "73",
            "70",
            "382",
            "217",
            "241",
            "476",
            "133",
            "110",
            "479",
            "296",
            "131",
            "44",
            "299",
            "115",
            "377",
            "321",
            "134",
            "322",
            "164",
            "112",
            "272",
            "375",
            "343",
            "17",
            "53",
            "176",
            "383",
            "119",
            "288",
            "415",
            "202",
            "155",
            "127",
            "45",
            "351",
            "313",
            "210",
            "239",
            "37",
            "90",
            "185",
            "93"
        ],
        "1": [
            "373",
            "482",
            "361",
            "203",
            "163",
            "290",
            "32",
            "306",
            "76",
            "311",
            "320",
            "252",
            "123",
            "226",
            "401",
            "403",
            "345",
            "371",
            "301",
            "459",
            "221",
            "86",
            "173",
            "75",
            "52",
            "297",
            "292",
            "247",
            "6",
            "154",
            "200",
            "124",
            "77",
            "166",
            "293",
            "335",
            "227",
            "190",
            "183",
            "50",
            "390",
            "146",
            "346",
            "216",
            "38",
            "413",
            "18",
            "85",
            "48"
        ],
        "2": [
            "246",
            "357",
            "180",
            "396",
            "129",
            "97",
            "414",
            "159",
            "397",
            "364",
            "358",
            "295",
            "67",
            "238",
            "402",
            "214",
            "323",
            "417",
            "265",
            "453",
            "237",
            "291",
            "215",
            "421",
            "275",
            "13",
            "195",
            "218",
            "280",
            "302",
            "374",
            "271",
            "464",
            "484",
            "248",
            "236",
            "456",
            "152",
            "199",
            "61",
            "463",
            "130",
            "224",
            "132",
            "267",
            "254",
            "469",
            "432",
            "40",
            "455",
            "188"
        ],
        "3": [
            "276",
            "440",
            "145",
            "278",
            "477",
            "391",
            "266",
            "258",
            "319",
            "94",
            "285",
            "395",
            "103",
            "344",
            "196",
            "487",
            "336",
            "273",
            "23",
            "465",
            "79",
            "57",
            "193",
            "42",
            "63",
            "208",
            "496",
            "98",
            "485",
            "104",
            "460",
            "467",
            "156",
            "436",
            "230",
            "213",
            "318",
            "429",
            "283",
            "143",
            "51",
            "19",
            "56",
            "113",
            "268",
            "58",
            "347",
            "192",
            "207",
            "324",
            "305",
            "353",
            "450"
        ],
        "4": [
            "328",
            "493",
            "28",
            "232",
            "259",
            "418",
            "372",
            "499",
            "339",
            "452",
            "46",
            "66",
            "342",
            "25",
            "392",
            "209",
            "388",
            "393",
            "270",
            "89",
            "486",
            "468",
            "441",
            "9",
            "255",
            "242",
            "11",
            "462",
            "197",
            "348",
            "1",
            "165",
            "461",
            "68",
            "126",
            "426",
            "201",
            "172",
            "95",
            "168",
            "274",
            "122",
            "189",
            "234",
            "317",
            "7",
            "157",
            "47",
            "282",
            "54",
            "158"
        ],
        "5": [
            "356",
            "29",
            "334",
            "310",
            "3",
            "64",
            "360",
            "394",
            "308",
            "16",
            "147",
            "233",
            "419",
            "474",
            "253",
            "174",
            "330",
            "300",
            "369",
            "412",
            "229",
            "12",
            "20",
            "359",
            "411",
            "26",
            "256",
            "186",
            "447",
            "316",
            "49",
            "228",
            "294",
            "435",
            "2",
            "41",
            "244",
            "135",
            "225",
            "65",
            "422",
            "495",
            "102",
            "177",
            "34",
            "337",
            "206",
            "439",
            "431"
        ],
        "6": [
            "473",
            "405",
            "106",
            "451",
            "88",
            "408",
            "430",
            "338",
            "111",
            "144",
            "483",
            "445",
            "8",
            "332",
            "118",
            "140",
            "136",
            "223",
            "427",
            "160",
            "181",
            "74",
            "15",
            "491",
            "341",
            "490",
            "365",
            "5",
            "125",
            "355",
            "472",
            "442",
            "83",
            "478",
            "498",
            "178",
            "149",
            "69",
            "161",
            "87",
            "151",
            "326",
            "424",
            "376",
            "231",
            "384",
            "33",
            "21",
            "350",
            "211",
            "59"
        ],
        "7": [
            "286",
            "497",
            "489",
            "380",
            "204",
            "257",
            "92",
            "425",
            "121",
            "179",
            "407",
            "243",
            "340",
            "389",
            "381",
            "423",
            "60",
            "109",
            "36",
            "261",
            "262",
            "260",
            "378",
            "117",
            "171",
            "187",
            "379",
            "349",
            "471",
            "22",
            "150",
            "212",
            "245",
            "289",
            "249",
            "91",
            "443",
            "399",
            "167",
            "410",
            "148",
            "363",
            "30",
            "458",
            "128",
            "240",
            "71"
        ],