{
    "Instance": "Center600_G5",
    "Objective": 531.0,
    "Infeasibility": 0.0,
    "Starting Time": 1711380110.9386492,
    "Time Taken": 3669.5977404117584,
    "Initialization Time": 68.61544895172119,
    "nrDistricts": 10,
    "delta": 0.05,
    "llambda": 0.7,
    "rcl_parameter": 0.3,
    "Allocation": {
        "0": [
            "1",
            "5",
            "8",
            "11",
            "30",
            "32",
            "33",
            "34",
            "35",
            "36",
            "38",
            "39",
            "40",
            "60",
            "61",
            "62",
            "63",
            "65",
            "67",
            "91",
            "92",
            "93",
            "120",
            "125",
            "129",
            "158",
            "184",
            "187",
            "210",
            "215",
            "219",
            "240",
            "242",
            "251",
            "270",
            "271",
            "272",
            "273",
            "276",
            "300",
            "302",
            "306",
            "311",
            "344",
            "360",
            "362",
            "363",
            "365",
            "394",
            "422",
            "428",
            "456",
            "543",
            "573",
            "576",
            "601",
            "641",
            "753",
            "767",
            "782",
            "790",
            "857",
            "879"
        ],
        "1": [
            "20",
            "24",
            "26",
            "27",
            "43",
            "51",
            "72",
            "73",
            "79",
            "104",
            "105",
            "111",
            "114",
            "118",
            "119",
            "136",
            "141",
            "144",
            "145",
            "146",
            "147",
            "176",
            "179",
            "202",
            "209",
            "231",
            "233",
            "234",
            "237",
            "290",
            "293",
            "294",
            "295",
            "296",
            "320",
            "326",
            "329",
            "350",
            "358",
            "415",
            "471",
            "476",
            "501",
            "549",
            "567",
            "590",
            "596",
            "632",
            "662",
            "725",
            "738",
            "752",
            "774",
            "861",
            "874",
            "885"
        ],
        "2": [
            "23",
            "106",
            "109",
            "142",
            "166",
            "171",
            "173",
            "177",
            "196",
            "227",
            "230",
            "236",
            "238",
            "239",
            "258",
            "261",
            "262",
            "263",
            "267",
            "268",
            "269",
            "291",
            "299",
            "322",
            "323",
            "338",
            "352",
            "377",
            "380",
            "382",
            "408",
            "411",
            "419",
            "435",
            "441",
            "442",
            "445",
            "447",
            "473",
            "538",
            "560",
            "588",
            "589",
            "591",
            "607",
            "682",
            "693",
            "711",
            "743",
            "751",
            "784",
            "797",
            "831",
            "846"
        ],
        "3": [
            "95",
            "97",
            "122",
            "156",
            "222",
            "274",
            "301",
            "304",
            "332",
            "337",
            "343",
            "361",
            "364",
            "367",
            "368",
            "390",
            "397",
            "398",
            "420",
            "426",
            "452",
            "454",
            "459",
            "461",
            "483",
            "485",
            "486",
            "489",
            "509",
            "510",
            "513",
            "517",
            "518",
            "520",
            "540",
            "546",
            "547",
            "548",
            "570",
            "571",
            "575",
            "577",
            "578",
            "602",
            "609",
            "611",
            "631",
            "633",
            "638",
            "665",
            "666",
            "667",
            "684",
            "687",
            "692",
            "694",
            "697",
            "698",
            "699",
            "726",
            "757",
            "759",
            "785",
            "787",
            "794",
            "815",
            "816",
            "817"
        ],
        "4": [
            "81",
            "82",
            "84",
            "113",
            "149",
            "175",
            "203",
            "205",
            "232",
            "275",
            "292",
            "356",
            "359",
            "386",
            "444",
            "477",
            "495",
            "500",
            "505",
            "519",
            "531",
            "555",
            "569",
            "599",
            "625",
            "626",
            "627",
            "655",
            "664",
            "689",
            "713",
            "715",
            "716",
            "720",
            "727",
            "745",
            "746",
            "749",
            "776",
            "781",
            "808",
            "809",
            "811",
            "823",
            "830",
            "838",
            "839",
            "852",
            "862",
            "866",
            "867",
            "877",
            "888",
            "891",
            "893",
            "898"
        ],
        "5": [
            "29",
            "48",
            "53",
            "55",
            "56",
            "57",
            "58",
            "75",
            "78",
            "110",
            "140",
            "143",
            "204",
            "255",
            "266",
            "357",
            "379",
            "387",
            "409",
            "414",
            "449",
            "458",
            "474",
            "499",
            "515",
            "516",
            "533",
            "557",
            "562",
            "563",
            "564",
            "566",
            "568",
            "581",
            "595",
            "598",
            "608",
            "620",
            "621",
            "624",
            "668",
            "688",
            "712",
            "721",
            "722",
            "728",
            "768",
            "770",
            "772",
            "783",
            "786",
            "788",
            "842",
            "856",
            "869",
            "871",
            "878"
        ],