{
    "Instance": "Center600_G6",
    "Objective": 405.0,
    "Infeasibility": 0.0,
    "Starting Time": 1711383781.8457015,
    "Time Taken": 3668.3457005023956,
    "Initialization Time": 67.33491849899292,
    "nrDistricts": 10,
    "delta": 0.05,
    "llambda": 0.7,
    "rcl_parameter": 0.3,
    "Allocation": {
        "0": [
            "0",
            "1",
            "3",
            "6",
            "7",
            "31",
            "32",
            "33",
            "35",
            "36",
            "38",
            "39",
            "60",
            "61",
            "63",
            "65",
            "68",
            "92",
            "93",
            "95",
            "123",
            "124",
            "125",
            "152",
            "180",
            "184",
            "185",
            "215",
            "245",
            "270",
            "275",
            "292",
            "305",
            "330",
            "332",
            "339",
            "404",
            "573",
            "606",
            "614",
            "615",
            "632",
            "643",
            "644",
            "664",
            "671",
            "672",
            "729",
            "750",
            "751",
            "759",
            "763",
            "788",
            "791",
            "821",
            "871",
            "875",
            "878"
        ],
        "1": [
            "80",
            "144",
            "234",
            "279",
            "291",
            "337",
            "378",
            "414",
            "475",
            "476",
            "486",
            "536",
            "551",
            "560",
            "589",
            "651",
            "680",
            "710",
            "711",
            "712",
            "713",
            "740",
            "742",
            "743",
            "765",
            "777",
            "795",
            "801",
            "802",
            "804",
            "807",
            "825",
            "826",
            "827",
            "828",
            "830",
            "831",
            "834",
            "836",
            "855",
            "856",
            "858",
            "860",
            "861",
            "862",
            "863",
            "865",
            "866",
            "867",
            "868",
            "888",
            "891",
            "892",
            "893",
            "894",
            "896",
            "897",
            "898"
        ],
        "2": [
            "24",
            "28",
            "42",
            "44",
            "45",
            "46",
            "47",
            "105",
            "115",
            "133",
            "146",
            "163",
            "175",
            "179",
            "203",
            "207",
            "226",
            "235",
            "238",
            "247",
            "249",
            "269",
            "280",
            "295",
            "299",
            "316",
            "327",
            "329",
            "334",
            "379",
            "395",
            "398",
            "399",
            "411",
            "418",
            "429",
            "432",
            "472",
            "477",
            "502",
            "505",
            "509",
            "539",
            "547",
            "549",
            "563",
            "568",
            "591",
            "593",
            "596",
            "620",
            "621",
            "626",
            "628",
            "655",
            "656",
            "659",
            "676",
            "679",
            "687",
            "741",
            "746",
            "748",
            "771",
            "809",
            "838"
        ],
        "3": [
            "69",
            "94",
            "99",
            "127",
            "159",
            "188",
            "216",
            "217",
            "218",
            "256",
            "272",
            "274",
            "276",
            "293",
            "323",
            "359",
            "377",
            "383",
            "397",
            "406",
            "409",
            "431",
            "458",
            "481",
            "487",
            "501",
            "513",
            "534",
            "581",
            "637",
            "642",
            "662",
            "667",
            "669",
            "690",
            "694",
            "700",
            "701",
            "723",
            "761",
            "762",
            "780",
            "782",
            "783",
            "784",
            "786",
            "789",
            "816",
            "817",
            "819",
            "820",
            "840",
            "844",
            "846",
            "849",
            "851",
            "870",
            "872",
            "873",
            "879",
            "881"
        ],
        "4": [
            "12",
            "13",
            "16",
            "29",
            "72",
            "82",
            "83",
            "87",
            "88",
            "102",
            "103",
            "106",
            "129",
            "140",
            "142",
            "171",
            "173",
            "174",
            "200",
            "204",
            "206",
            "232",
            "248",
            "261",
            "277",
            "294",
            "335",
            "351",
            "355",
            "357",
            "360",
            "364",
            "369",
            "380",
            "389",
            "407",
            "412",
            "419",
            "424",
            "437",
            "508",
            "516",
            "520",
            "533",
            "538",
            "545",
            "548",
            "565",
            "567",
            "590",
            "599",
            "624",
            "646",
            "653",
            "677",
            "678",
            "684",
            "689",
            "715",
            "775",
            "778",
            "800",
            "864",
            "895"
        ],
        "5": [
            "14",
            "20",
            "26",
            "49",
            "50",
            "96",
            "98",
            "107",
            "126",
            "128",
            "139",
            "168",
            "196",
            "213",
            "230",
            "236",
            "241",
            "244",
            "260",
            "263",
            "271",
            "289",
            "300",
            "326",
            "331",
            "333",
            "352",
            "375",
            "385",
            "387",
            "396",
            "405",
            "416",
            "417",
            "440",
            "442",
            "448",
            "471",
            "474",
            "506",
            "512",
            "514",
            "521",
            "540",
            "544",
            "546",
            "572",
            "579",
            "597",
            "602",
            "629",
            "634",
            "688",
            "716",
            "719",
            "744",
            "832",
            "835",
            "837",
            "859",
            "869"
        ],