{
    "Instance": "Center600_G2",
    "Objective": 560.0,
    "Infeasibility": 0.0,
    "Starting Time": 1711457191.1729429,
    "Time Taken": 3668.264538526535,
    "Initialization Time": 67.28074526786804,
    "nrDistricts": 10,
    "delta": 0.05,
    "llambda": 0.7,
    "rcl_parameter": 0.3,
    "Allocation": {
        "0": [
            "0",
            "1",
            "7",
            "30",
            "33",
            "36",
            "37",
            "40",
            "41",
            "62",
            "68",
            "92",
            "98",
            "118",
            "123",
            "129",
            "158",
            "160",
            "174",
            "193",
            "194",
            "214",
            "236",
            "241",
            "246",
            "250",
            "251",
            "272",
            "284",
            "302",
            "331",
            "337",
            "339",
            "368",
            "392",
            "394",
            "400",
            "423",
            "450",
            "451",
            "483",
            "486",
            "489",
            "511",
            "548",
            "607",
            "608",
            "632",
            "641",
            "661",
            "664",
            "665",
            "667",
            "727",
            "754",
            "795",
            "814",
            "822",
            "845",
            "874",
            "878",
            "879"
        ],
        "1": [
            "20",
            "21",
            "22",
            "25",
            "50",
            "59",
            "83",
            "93",
            "114",
            "116",
            "128",
            "134",
            "135",
            "147",
            "148",
            "173",
            "177",
            "189",
            "199",
            "200",
            "215",
            "217",
            "218",
            "227",
            "238",
            "244",
            "248",
            "258",
            "260",
            "276",
            "277",
            "294",
            "296",
            "299",
            "304",
            "354",
            "361",
            "362",
            "366",
            "398",
            "418",
            "424",
            "436",
            "443",
            "444",
            "446",
            "448",
            "453",
            "457",
            "475",
            "477",
            "488",
            "502",
            "503",
            "509",
            "516",
            "546",
            "568",
            "575",
            "636",
            "691",
            "758"
        ],
        "2": [
            "3",
            "5",
            "9",
            "38",
            "42",
            "44",
            "46",
            "48",
            "63",
            "64",
            "76",
            "88",
            "99",
            "120",
            "137",
            "151",
            "153",
            "156",
            "161",
            "164",
            "165",
            "180",
            "188",
            "201",
            "207",
            "208",
            "219",
            "243",
            "249",
            "252",
            "262",
            "266",
            "270",
            "273",
            "274",
            "278",
            "283",
            "300",
            "303",
            "306",
            "309",
            "314",
            "316",
            "325",
            "338",
            "341",
            "342",
            "357",
            "367",
            "372",
            "395",
            "399",
            "425",
            "647",
            "692",
            "693",
            "703",
            "704",
            "733",
            "757",
            "759",
            "780",
            "842",
            "844",
            "882"
        ],
        "3": [
            "2",
            "26",
            "35",
            "61",
            "66",
            "78",
            "90",
            "91",
            "96",
            "125",
            "127",
            "150",
            "154",
            "155",
            "181",
            "185",
            "206",
            "212",
            "228",
            "235",
            "242",
            "247",
            "305",
            "315",
            "391",
            "421",
            "428",
            "452",
            "461",
            "484",
            "518",
            "544",
            "576",
            "577",
            "609",
            "611",
            "630",
            "631",
            "635",
            "639",
            "662",
            "663",
            "668",
            "690",
            "722",
            "731",
            "750",
            "756",
            "763",
            "783",
            "816",
            "843",
            "846",
            "852",
            "856",
            "870",
            "871",
            "872",
            "873",
            "877"
        ],
        "4": [
            "8",
            "60",
            "67",
            "69",
            "77",
            "80",
            "89",
            "210",
            "253",
            "271",
            "275",
            "286",
            "333",
            "336",
            "352",
            "369",
            "384",
            "390",
            "455",
            "481",
            "482",
            "517",
            "519",
            "520",
            "521",
            "542",
            "545",
            "551",
            "570",
            "571",
            "572",
            "579",
            "600",
            "602",
            "603",
            "633",
            "634",
            "638",
            "660",
            "694",
            "698",
            "699",
            "725",
            "726",
            "729",
            "755",
            "781",
            "782",
            "785",
            "786",
            "792",
            "811",
            "813",
            "841",
            "847"
        ],
        "5": [
            "111",
            "138",
            "139",
            "144",
            "145",
            "149",
            "202",
            "231",
            "263",
            "268",
            "269",
            "295",
            "298",
            "320",
            "324",
            "388",
            "389",
            "412",
            "415",
            "419",
            "470",
            "472",
            "479",
            "505",
            "507",
            "526",
            "532",
            "535",
            "559",
            "565",
            "590",
            "593",
            "594",
            "597",
            "598",
            "623",
            "624",
            "650",
            "651",
            "652",
            "657",
            "658",
            "684",
            "713",
            "716",
            "738",
            "743",
            "746",
            "774",
            "798",
            "799",
            "800",
            "804",
            "831",
            "832",
            "839",
            "862",
            "865",
            "891"
        ],