{
    "Instance": "Corners600_G4",
    "Objective": 435.0,
    "Infeasibility": 0.0,
    "Starting Time": 1711402131.3287988,
    "Time Taken": 3668.7615423202515,
    "Initialization Time": 67.78969478607178,
    "nrDistricts": 10,
    "delta": 0.05,
    "llambda": 0.7,
    "rcl_parameter": 0.3,
    "Allocation": {
        "0": [
            "0",
            "2",
            "3",
            "30",
            "33",
            "38",
            "40",
            "61",
            "62",
            "63",
            "74",
            "92",
            "95",
            "104",
            "122",
            "124",
            "133",
            "138",
            "153",
            "155",
            "162",
            "183",
            "188",
            "208",
            "210",
            "211",
            "213",
            "216",
            "244",
            "259",
            "272",
            "284",
            "303",
            "304",
            "306",
            "309",
            "314",
            "338",
            "340",
            "344",
            "364",
            "366",
            "367",
            "371",
            "373",
            "405",
            "423",
            "424",
            "431",
            "490",
            "516",
            "517",
            "550",
            "572",
            "584",
            "608",
            "609",
            "700",
            "756",
            "790",
            "885"
        ],
        "1": [
            "17",
            "18",
            "19",
            "20",
            "21",
            "22",
            "23",
            "26",
            "47",
            "48",
            "49",
            "51",
            "53",
            "58",
            "59",
            "80",
            "83",
            "84",
            "88",
            "135",
            "140",
            "143",
            "144",
            "147",
            "167",
            "173",
            "175",
            "205",
            "224",
            "225",
            "234",
            "236",
            "237",
            "257",
            "258",
            "293",
            "296",
            "297",
            "329",
            "357",
            "372",
            "384",
            "386",
            "393",
            "394",
            "397",
            "414",
            "416",
            "445",
            "525",
            "537",
            "569",
            "686",
            "771"
        ],
        "2": [
            "6",
            "8",
            "36",
            "55",
            "56",
            "86",
            "87",
            "98",
            "99",
            "105",
            "111",
            "117",
            "119",
            "146",
            "148",
            "157",
            "159",
            "171",
            "178",
            "217",
            "233",
            "235",
            "261",
            "268",
            "294",
            "312",
            "319",
            "320",
            "323",
            "332",
            "355",
            "369",
            "410",
            "439",
            "440",
            "459",
            "466",
            "469",
            "485",
            "501",
            "503",
            "520",
            "522",
            "538",
            "543",
            "544",
            "576",
            "580",
            "594",
            "634",
            "640",
            "669",
            "674",
            "675",
            "706",
            "711",
            "728",
            "730",
            "744",
            "788",
            "825",
            "889"
        ],
        "3": [
            "109",
            "190",
            "239",
            "289",
            "315",
            "318",
            "347",
            "376",
            "391",
            "408",
            "421",
            "435",
            "436",
            "437",
            "484",
            "486",
            "494",
            "495",
            "526",
            "531",
            "534",
            "541",
            "554",
            "561",
            "650",
            "651",
            "656",
            "658",
            "660",
            "670",
            "688",
            "710",
            "715",
            "717",
            "737",
            "741",
            "747",
            "749",
            "757",
            "768",
            "777",
            "784",
            "795",
            "810",
            "811",
            "813",
            "824",
            "829",
            "830",
            "831",
            "838",
            "839",
            "840",
            "844",
            "846",
            "856",
            "857",
            "859",
            "867",
            "887",
            "897"
        ],
        "4": [
            "7",
            "10",
            "12",
            "13",
            "15",
            "31",
            "37",
            "41",
            "42",
            "45",
            "60",
            "75",
            "93",
            "97",
            "100",
            "102",
            "126",
            "131",
            "132",
            "156",
            "158",
            "160",
            "165",
            "166",
            "189",
            "192",
            "195",
            "197",
            "202",
            "230",
            "251",
            "252",
            "273",
            "276",
            "278",
            "280",
            "288",
            "291",
            "311",
            "316",
            "331",
            "337",
            "362",
            "370",
            "399",
            "400",
            "401",
            "430",
            "432",
            "458",
            "562",
            "564",
            "597",
            "666",
            "668",
            "677",
            "727",
            "732",
            "734"
        ],
        "5": [
            "72",
            "76",
            "112",
            "137",
            "168",
            "172",
            "194",
            "196",
            "222",
            "238",
            "242",
            "245",
            "246",
            "249",
            "255",
            "262",
            "292",
            "298",
            "305",
            "324",
            "339",
            "341",
            "380",
            "407",
            "413",
            "443",
            "450",
            "457",
            "461",
            "479",
            "492",
            "505",
            "519",
            "545",
            "553",
            "563",
            "565",
            "575",
            "582",
            "611",
            "616",
            "621",
            "622",
            "626",
            "627",
            "636",
            "641",
            "648",
            "665",
            "678",
            "681",
            "695",
            "698",
            "722",
            "725",
            "752",
            "796",
            "812",
            "820",
            "855"
        ],