{
    "Instance": "Corners600_G2",
    "Objective": 400.0,
    "Infeasibility": 0.0,
    "Starting Time": 1711424156.1197023,
    "Time Taken": 3670.384464263916,
    "Initialization Time": 69.39405417442322,
    "nrDistricts": 10,
    "delta": 0.05,
    "llambda": 0.7,
    "rcl_parameter": 0.3,
    "Allocation": {
        "0": [
            "0",
            "1",
            "4",
            "5",
            "8",
            "10",
            "14",
            "30",
            "31",
            "32",
            "33",
            "60",
            "62",
            "64",
            "65",
            "90",
            "91",
            "92",
            "93",
            "94",
            "95",
            "96",
            "97",
            "120",
            "121",
            "122",
            "123",
            "124",
            "126",
            "127",
            "128",
            "151",
            "152",
            "154",
            "157",
            "180",
            "181",
            "182",
            "184",
            "200",
            "211",
            "213",
            "271",
            "300",
            "302",
            "331",
            "332",
            "333",
            "334",
            "335",
            "339",
            "364",
            "365",
            "394",
            "420",
            "429",
            "465",
            "481",
            "517",
            "540",
            "603",
            "609",
            "730"
        ],
        "1": [
            "22",
            "23",
            "24",
            "25",
            "28",
            "29",
            "47",
            "48",
            "54",
            "55",
            "56",
            "57",
            "58",
            "84",
            "85",
            "87",
            "88",
            "105",
            "116",
            "140",
            "146",
            "148",
            "149",
            "164",
            "170",
            "176",
            "178",
            "206",
            "232",
            "316",
            "317",
            "321",
            "322",
            "378",
            "470",
            "528",
            "563",
            "625",
            "626",
            "628",
            "651",
            "652",
            "658",
            "687",
            "688",
            "717",
            "718",
            "745",
            "747",
            "748",
            "749",
            "774",
            "776",
            "808",
            "838",
            "868"
        ],
        "2": [
            "227",
            "315",
            "341",
            "483",
            "489",
            "495",
            "556",
            "586",
            "616",
            "618",
            "647",
            "649",
            "660",
            "675",
            "678",
            "683",
            "684",
            "704",
            "705",
            "711",
            "712",
            "714",
            "722",
            "724",
            "726",
            "734",
            "736",
            "739",
            "741",
            "746",
            "750",
            "751",
            "754",
            "769",
            "771",
            "780",
            "787",
            "799",
            "804",
            "812",
            "814",
            "817",
            "820",
            "835",
            "841",
            "842",
            "846",
            "855",
            "857",
            "862",
            "865",
            "867",
            "872",
            "892",
            "893",
            "895",
            "898"
        ],
        "3": [
            "7",
            "37",
            "40",
            "135",
            "150",
            "163",
            "169",
            "195",
            "197",
            "210",
            "217",
            "228",
            "241",
            "242",
            "243",
            "244",
            "246",
            "249",
            "270",
            "274",
            "275",
            "292",
            "303",
            "304",
            "345",
            "351",
            "360",
            "361",
            "391",
            "392",
            "393",
            "397",
            "404",
            "408",
            "421",
            "422",
            "442",
            "484",
            "493",
            "494",
            "502",
            "511",
            "516",
            "552",
            "578",
            "580",
            "582",
            "583",
            "604",
            "608",
            "613",
            "614",
            "639",
            "640",
            "641",
            "643",
            "670",
            "698",
            "699",
            "729"
        ],
        "4": [
            "41",
            "72",
            "99",
            "102",
            "136",
            "165",
            "166",
            "171",
            "188",
            "190",
            "220",
            "247",
            "253",
            "263",
            "278",
            "285",
            "287",
            "289",
            "314",
            "323",
            "337",
            "340",
            "379",
            "399",
            "407",
            "426",
            "433",
            "454",
            "471",
            "473",
            "526",
            "581",
            "585",
            "595",
            "598",
            "601",
            "611",
            "627",
            "630",
            "631",
            "637",
            "662",
            "677",
            "689",
            "690",
            "720",
            "743",
            "756",
            "781",
            "793",
            "811",
            "813",
            "826",
            "827",
            "829",
            "839",
            "840",
            "848",
            "852",
            "871",
            "873",
            "875",
            "884",
            "887"
        ],
        "5": [
            "9",
            "11",
            "13",
            "35",
            "44",
            "68",
            "69",
            "80",
            "100",
            "111",
            "125",
            "132",
            "162",
            "193",
            "199",
            "221",
            "234",
            "261",
            "266",
            "284",
            "296",
            "298",
            "318",
            "319",
            "375",
            "382",
            "387",
            "411",
            "430",
            "446",
            "455",
            "457",
            "474",
            "482",
            "487",
            "509",
            "523",
            "550",
            "561",
            "599",
            "606",
            "665",
            "693",
            "696",
            "697",
            "731",
            "732",
            "764",
            "816",
            "818",
            "819",
            "821",
            "849",
            "850",
            "853",
            "878",
            "881",
            "885",
            "888",
            "890"
        ],