{
    "Instance": "Corners600_G9",
    "Objective": 478.0,
    "Infeasibility": 0.0,
    "Starting Time": 1711391122.0987275,
    "Time Taken": 3668.2959389686584,
    "Initialization Time": 67.29693007469177,
    "nrDistricts": 10,
    "delta": 0.05,
    "llambda": 0.7,
    "rcl_parameter": 0.3,
    "Allocation": {
        "0": [
            "1",
            "3",
            "13",
            "14",
            "16",
            "22",
            "37",
            "44",
            "60",
            "69",
            "72",
            "90",
            "92",
            "102",
            "104",
            "107",
            "120",
            "121",
            "145",
            "151",
            "156",
            "160",
            "162",
            "166",
            "194",
            "196",
            "199",
            "212",
            "214",
            "215",
            "216",
            "219",
            "229",
            "231",
            "232",
            "244",
            "246",
            "256",
            "270",
            "279",
            "280",
            "284",
            "285",
            "293",
            "303",
            "312",
            "313",
            "330",
            "331",
            "336",
            "364",
            "376",
            "398",
            "413",
            "427",
            "486",
            "515",
            "541",
            "818"
        ],
        "1": [
            "213",
            "242",
            "305",
            "328",
            "403",
            "435",
            "473",
            "546",
            "547",
            "550",
            "568",
            "573",
            "575",
            "576",
            "589",
            "602",
            "604",
            "606",
            "616",
            "631",
            "634",
            "635",
            "644",
            "649",
            "650",
            "662",
            "666",
            "671",
            "672",
            "696",
            "710",
            "711",
            "726",
            "728",
            "729",
            "731",
            "734",
            "755",
            "756",
            "758",
            "761",
            "762",
            "783",
            "788",
            "793",
            "801",
            "802",
            "803",
            "815",
            "822",
            "832",
            "848",
            "849",
            "855",
            "857",
            "858",
            "866",
            "879",
            "880",
            "891",
            "893"
        ],
        "2": [
            "2",
            "5",
            "30",
            "31",
            "47",
            "73",
            "83",
            "85",
            "93",
            "98",
            "108",
            "176",
            "186",
            "197",
            "221",
            "223",
            "240",
            "245",
            "252",
            "271",
            "277",
            "338",
            "347",
            "355",
            "385",
            "394",
            "407",
            "419",
            "437",
            "441",
            "446",
            "448",
            "457",
            "465",
            "466",
            "469",
            "478",
            "480",
            "481",
            "482",
            "498",
            "501",
            "535",
            "566",
            "592",
            "597",
            "600",
            "617",
            "622",
            "640",
            "643",
            "675",
            "700",
            "745",
            "747",
            "782",
            "789",
            "795",
            "828",
            "854"
        ],
        "3": [
            "281",
            "307",
            "360",
            "372",
            "377",
            "380",
            "411",
            "420",
            "462",
            "474",
            "477",
            "483",
            "488",
            "502",
            "505",
            "523",
            "526",
            "561",
            "565",
            "578",
            "583",
            "603",
            "605",
            "608",
            "613",
            "633",
            "638",
            "648",
            "651",
            "661",
            "665",
            "677",
            "680",
            "701",
            "707",
            "708",
            "720",
            "725",
            "736",
            "737",
            "739",
            "740",
            "751",
            "752",
            "754",
            "767",
            "790",
            "792",
            "821",
            "827",
            "830",
            "833",
            "834",
            "835",
            "836",
            "859",
            "882",
            "883",
            "889",
            "892"
        ],
        "4": [
            "7",
            "9",
            "12",
            "17",
            "33",
            "35",
            "46",
            "53",
            "55",
            "63",
            "64",
            "65",
            "77",
            "80",
            "97",
            "131",
            "136",
            "137",
            "140",
            "168",
            "169",
            "198",
            "206",
            "211",
            "226",
            "227",
            "233",
            "243",
            "254",
            "263",
            "272",
            "290",
            "356",
            "358",
            "362",
            "378",
            "421",
            "422",
            "430",
            "431",
            "445",
            "458",
            "463",
            "485",
            "487",
            "508",
            "511",
            "512",
            "513",
            "563",
            "567",
            "580",
            "618",
            "655",
            "676",
            "709",
            "839",
            "851",
            "869"
        ],
        "5": [
            "67",
            "133",
            "154",
            "298",
            "300",
            "308",
            "339",
            "353",
            "354",
            "357",
            "382",
            "384",
            "387",
            "400",
            "408",
            "409",
            "410",
            "412",
            "415",
            "425",
            "433",
            "438",
            "442",
            "467",
            "470",
            "479",
            "495",
            "504",
            "506",
            "531",
            "532",
            "536",
            "557",
            "560",
            "587",
            "591",
            "594",
            "595",
            "615",
            "623",
            "626",
            "627",
            "628",
            "641",
            "658",
            "659",
            "681",
            "684",
            "685",
            "687",
            "688",
            "689",
            "705",
            "715",
            "746",
            "748",
            "753",
            "774",
            "776",
            "777",
            "779",
            "807",
            "808",
            "809",
            "829",
            "885"
        ],