{
    "Instance": "Corners600_G0",
    "Objective": 517.0,
    "Infeasibility": 0.0,
    "Starting Time": 1711482892.2935624,
    "Time Taken": 3668.7227239608765,
    "Initialization Time": 67.73374128341675,
    "nrDistricts": 10,
    "delta": 0.05,
    "llambda": 0.7,
    "rcl_parameter": 0.3,
    "Allocation": {
        "0": [
            "1",
            "4",
            "9",
            "31",
            "34",
            "41",
            "43",
            "47",
            "62",
            "68",
            "81",
            "84",
            "96",
            "101",
            "112",
            "115",
            "122",
            "124",
            "128",
            "132",
            "136",
            "149",
            "150",
            "152",
            "158",
            "166",
            "180",
            "183",
            "187",
            "201",
            "207",
            "211",
            "212",
            "217",
            "244",
            "247",
            "250",
            "255",
            "328",
            "330",
            "335",
            "363",
            "395",
            "401",
            "420",
            "435",
            "450",
            "463",
            "480",
            "488",
            "510",
            "513",
            "517",
            "548",
            "577",
            "607",
            "609",
            "635",
            "648",
            "662",
            "669",
            "710"
        ],
        "1": [
            "283",
            "323",
            "462",
            "619",
            "628",
            "633",
            "634",
            "657",
            "658",
            "659",
            "686",
            "687",
            "714",
            "715",
            "716",
            "717",
            "718",
            "719",
            "741",
            "742",
            "743",
            "746",
            "748",
            "749",
            "764",
            "766",
            "767",
            "776",
            "777",
            "790",
            "800",
            "801",
            "803",
            "807",
            "820",
            "821",
            "828",
            "831",
            "833",
            "834",
            "835",
            "836",
            "837",
            "838",
            "855",
            "856",
            "859",
            "860",
            "862",
            "863",
            "866",
            "868",
            "869",
            "884",
            "889",
            "891",
            "892",
            "894",
            "896",
            "897"
        ],
        "2": [
            "5",
            "8",
            "13",
            "23",
            "30",
            "32",
            "40",
            "54",
            "55",
            "63",
            "76",
            "86",
            "87",
            "91",
            "126",
            "129",
            "226",
            "229",
            "272",
            "275",
            "284",
            "285",
            "287",
            "300",
            "301",
            "332",
            "334",
            "357",
            "368",
            "377",
            "385",
            "390",
            "405",
            "421",
            "434",
            "451",
            "454",
            "455",
            "460",
            "481",
            "497",
            "522",
            "523",
            "544",
            "545",
            "553",
            "556",
            "601",
            "632",
            "636",
            "661",
            "678",
            "693",
            "706",
            "726",
            "728",
            "780",
            "823"
        ],
        "3": [
            "193",
            "223",
            "256",
            "344",
            "345",
            "367",
            "369",
            "374",
            "439",
            "495",
            "511",
            "525",
            "531",
            "540",
            "541",
            "581",
            "596",
            "597",
            "613",
            "616",
            "622",
            "642",
            "645",
            "646",
            "647",
            "652",
            "655",
            "672",
            "676",
            "679",
            "681",
            "683",
            "700",
            "732",
            "734",
            "745",
            "763",
            "768",
            "771",
            "774",
            "775",
            "778",
            "779",
            "791",
            "793",
            "796",
            "798",
            "809",
            "815",
            "825",
            "843",
            "850",
            "857",
            "864",
            "879",
            "880",
            "881",
            "890",
            "898",
            "899"
        ],
        "4": [
            "37",
            "90",
            "92",
            "93",
            "97",
            "105",
            "131",
            "141",
            "154",
            "198",
            "213",
            "214",
            "221",
            "291",
            "302",
            "306",
            "339",
            "342",
            "393",
            "398",
            "399",
            "426",
            "429",
            "432",
            "457",
            "459",
            "468",
            "471",
            "482",
            "487",
            "524",
            "529",
            "542",
            "572",
            "573",
            "574",
            "611",
            "615",
            "624",
            "640",
            "666",
            "668",
            "670",
            "701",
            "727",
            "754",
            "758",
            "781",
            "782",
            "783",
            "784",
            "785",
            "795",
            "799",
            "813",
            "814",
            "829",
            "841",
            "845"
        ],
        "5": [
            "7",
            "11",
            "16",
            "20",
            "38",
            "42",
            "46",
            "65",
            "70",
            "72",
            "79",
            "95",
            "103",
            "107",
            "110",
            "127",
            "135",
            "138",
            "143",
            "146",
            "148",
            "168",
            "173",
            "175",
            "176",
            "178",
            "182",
            "184",
            "188",
            "189",
            "190",
            "194",
            "195",
            "203",
            "218",
            "249",
            "258",
            "265",
            "266",
            "288",
            "305",
            "308",
            "313",
            "316",
            "318",
            "337",
            "430",
            "461",
            "518",
            "543",
            "554",
            "571",
            "694",
            "695",
            "709",
            "797",
            "844",
            "852",
            "883"
        ],