{
    "Instance": "Diagonal600_G12",
    "Objective": 493.0,
    "Infeasibility": 0.0,
    "Starting Time": 1711958033.4929817,
    "Time Taken": 3668.9045128822327,
    "Initialization Time": 67.9355058670044,
    "nrDistricts": 10,
    "delta": 0.05,
    "llambda": 0.7,
    "rcl_parameter": 0.3,
    "Allocation": {
        "0": [
            "0",
            "3",
            "4",
            "30",
            "32",
            "64",
            "95",
            "96",
            "121",
            "122",
            "123",
            "152",
            "153",
            "175",
            "183",
            "233",
            "236",
            "240",
            "242",
            "245",
            "263",
            "265",
            "267",
            "271",
            "276",
            "291",
            "296",
            "318",
            "335",
            "419",
            "442",
            "446",
            "452",
            "486",
            "511",
            "517",
            "545",
            "573",
            "577",
            "579",
            "608",
            "631",
            "632",
            "684",
            "685",
            "723",
            "755",
            "766",
            "770",
            "774",
            "798",
            "812",
            "829",
            "849",
            "854",
            "870",
            "873",
            "876",
            "879"
        ],
        "1": [
            "10",
            "11",
            "12",
            "14",
            "21",
            "25",
            "29",
            "40",
            "47",
            "53",
            "57",
            "58",
            "71",
            "75",
            "76",
            "100",
            "104",
            "129",
            "135",
            "138",
            "160",
            "161",
            "162",
            "163",
            "168",
            "176",
            "177",
            "191",
            "196",
            "206",
            "220",
            "221",
            "222",
            "224",
            "237",
            "249",
            "254",
            "255",
            "269",
            "280",
            "281",
            "299",
            "316",
            "322",
            "328",
            "348",
            "357",
            "358",
            "372",
            "376",
            "393",
            "470",
            "490",
            "499",
            "557",
            "604",
            "646",
            "672",
            "678",
            "709",
            "730",
            "739",
            "740",
            "856"
        ],
        "2": [
            "2",
            "7",
            "33",
            "37",
            "38",
            "61",
            "63",
            "65",
            "67",
            "68",
            "90",
            "97",
            "126",
            "155",
            "156",
            "157",
            "185",
            "187",
            "244",
            "300",
            "331",
            "350",
            "411",
            "423",
            "433",
            "441",
            "455",
            "473",
            "480",
            "495",
            "523",
            "524",
            "528",
            "548",
            "571",
            "575",
            "585",
            "592",
            "595",
            "611",
            "612",
            "614",
            "616",
            "618",
            "660",
            "662",
            "676",
            "712",
            "720",
            "732",
            "757",
            "762",
            "775",
            "780",
            "800",
            "817",
            "851",
            "871",
            "874",
            "875",
            "885"
        ],
        "3": [
            "28",
            "72",
            "80",
            "107",
            "110",
            "148",
            "201",
            "212",
            "230",
            "253",
            "266",
            "288",
            "292",
            "305",
            "313",
            "347",
            "352",
            "368",
            "382",
            "413",
            "416",
            "430",
            "431",
            "450",
            "483",
            "497",
            "508",
            "518",
            "530",
            "531",
            "532",
            "567",
            "569",
            "578",
            "587",
            "601",
            "641",
            "647",
            "677",
            "700",
            "704",
            "738",
            "760",
            "764",
            "768",
            "773",
            "793",
            "819",
            "820",
            "821",
            "825",
            "826",
            "828",
            "838",
            "848",
            "857",
            "889",
            "891"
        ],
        "4": [
            "16",
            "17",
            "24",
            "46",
            "106",
            "118",
            "133",
            "141",
            "142",
            "178",
            "192",
            "205",
            "284",
            "286",
            "303",
            "308",
            "338",
            "343",
            "369",
            "380",
            "427",
            "437",
            "440",
            "444",
            "454",
            "458",
            "541",
            "568",
            "576",
            "599",
            "610",
            "625",
            "628",
            "629",
            "634",
            "639",
            "653",
            "654",
            "668",
            "669",
            "702",
            "705",
            "708",
            "717",
            "726",
            "729",
            "758",
            "763",
            "777",
            "787",
            "789",
            "861",
            "866",
            "869",
            "883",
            "896",
            "897"
        ],
        "5": [
            "49",
            "77",
            "84",
            "111",
            "112",
            "159",
            "164",
            "179",
            "199",
            "202",
            "208",
            "210",
            "223",
            "227",
            "232",
            "304",
            "321",
            "325",
            "353",
            "365",
            "367",
            "377",
            "392",
            "410",
            "438",
            "443",
            "445",
            "459",
            "488",
            "506",
            "521",
            "544",
            "589",
            "619",
            "623",
            "626",
            "649",
            "652",
            "657",
            "661",
            "667",
            "679",
            "682",
            "691",
            "697",
            "698",
            "734",
            "759",
            "765",
            "769",
            "772",
            "785",
            "795",
            "797",
            "805",
            "810",
            "814",
            "816",
            "847"
        ],