{
    "Instance": "Center726_G5",
    "Objective": 624.0,
    "Infeasibility": 0.0,
    "Starting Time": 1709422448.6257613,
    "Time Taken": 3698.1784722805023,
    "Initialization Time": 96.49714016914368,
    "nrDistricts": 10,
    "delta": 0.05,
    "llambda": 0.7,
    "rcl_parameter": 0.3,
    "Allocation": {
        "0": [
            "0",
            "1",
            "2",
            "3",
            "5",
            "16",
            "35",
            "38",
            "48",
            "66",
            "80",
            "83",
            "101",
            "107",
            "108",
            "116",
            "141",
            "166",
            "180",
            "181",
            "198",
            "199",
            "202",
            "216",
            "232",
            "236",
            "241",
            "265",
            "269",
            "297",
            "298",
            "311",
            "312",
            "313",
            "343",
            "344",
            "346",
            "349",
            "364",
            "368",
            "377",
            "464",
            "498",
            "499",
            "529",
            "536",
            "595",
            "618",
            "633",
            "652",
            "670",
            "683",
            "684",
            "685",
            "719",
            "741",
            "747",
            "774",
            "786",
            "802",
            "824",
            "827",
            "830",
            "837",
            "860",
            "891",
            "905",
            "912",
            "929",
            "947",
            "979",
            "1012",
            "1021",
            "1049",
            "1066",
            "1083"
        ],
        "1": [
            "8",
            "29",
            "45",
            "57",
            "73",
            "132",
            "162",
            "169",
            "228",
            "234",
            "266",
            "272",
            "300",
            "303",
            "306",
            "329",
            "331",
            "338",
            "353",
            "366",
            "367",
            "392",
            "397",
            "404",
            "422",
            "425",
            "445",
            "467",
            "494",
            "500",
            "517",
            "520",
            "535",
            "552",
            "557",
            "589",
            "597",
            "603",
            "620",
            "631",
            "648",
            "650",
            "655",
            "658",
            "660",
            "674",
            "704",
            "725",
            "729",
            "734",
            "757",
            "760",
            "791",
            "807",
            "822",
            "835",
            "854",
            "895",
            "902",
            "903",
            "932",
            "953",
            "967",
            "974",
            "993",
            "1011",
            "1041",
            "1042",
            "1045",
            "1055",
            "1062"
        ],
        "2": [
            "9",
            "33",
            "34",
            "36",
            "37",
            "39",
            "47",
            "49",
            "67",
            "72",
            "74",
            "76",
            "81",
            "109",
            "114",
            "134",
            "182",
            "183",
            "204",
            "208",
            "209",
            "268",
            "275",
            "281",
            "282",
            "316",
            "340",
            "401",
            "402",
            "462",
            "509",
            "518",
            "567",
            "570",
            "594",
            "607",
            "686",
            "699",
            "703",
            "717",
            "718",
            "746",
            "753",
            "764",
            "769",
            "780",
            "793",
            "794",
            "798",
            "801",
            "810",
            "821",
            "841",
            "852",
            "862",
            "896",
            "904",
            "921",
            "933",
            "951",
            "964",
            "982",
            "988",
            "996",
            "1010",
            "1058",
            "1061",
            "1063",
            "1072"
        ],
        "3": [
            "6",
            "7",
            "43",
            "71",
            "78",
            "105",
            "175",
            "178",
            "231",
            "233",
            "235",
            "240",
            "245",
            "267",
            "325",
            "472",
            "488",
            "502",
            "505",
            "532",
            "558",
            "584",
            "598",
            "602",
            "651",
            "672",
            "673",
            "687",
            "689",
            "702",
            "708",
            "716",
            "731",
            "733",
            "735",
            "739",
            "740",
            "750",
            "752",
            "759",
            "785",
            "787",
            "820",
            "828",
            "832",
            "853",
            "856",
            "864",
            "868",
            "879",
            "888",
            "901",
            "913",
            "920",
            "922",
            "930",
            "941",
            "946",
            "957",
            "960",
            "962",
            "965",
            "991",
            "1007",
            "1013",
            "1023",
            "1027",
            "1046",
            "1070",
            "1071",
            "1080"
        ],
        "4": [
            "90",
            "91",
            "104",
            "106",
            "121",
            "122",
            "129",
            "172",
            "192",
            "193",
            "194",
            "210",
            "221",
            "254",
            "257",
            "261",
            "273",
            "301",
            "302",
            "305",
            "327",
            "328",
            "361",
            "389",
            "399",
            "400",
            "412",
            "413",
            "430",
            "431",
            "432",
            "436",
            "451",
            "482",
            "484",
            "493",
            "528",
            "551",
            "582",
            "583",
            "624",
            "626",
            "635",
            "663",
            "664",
            "666",
            "669",
            "675",
            "688",
            "728",
            "783",
            "784",
            "790",
            "809",
            "829",
            "842",
            "859",
            "870",
            "875",
            "881",
            "887",
            "898",
            "917",
            "984",
            "990",
            "994",
            "995",
            "1014",
            "1025",
            "1028",
            "1030",
            "1031",
            "1033",
            "1039"
        ],