{
    "Instance": "Center726_G8",
    "Objective": 748.0,
    "Infeasibility": 0.0,
    "Starting Time": 1709355843.899299,
    "Time Taken": 3697.8912036418915,
    "Initialization Time": 96.34987592697144,
    "nrDistricts": 10,
    "delta": 0.05,
    "llambda": 0.7,
    "rcl_parameter": 0.3,
    "Allocation": {
        "0": [
            "7",
            "21",
            "31",
            "38",
            "40",
            "43",
            "44",
            "68",
            "89",
            "103",
            "105",
            "122",
            "147",
            "162",
            "164",
            "171",
            "195",
            "236",
            "262",
            "299",
            "321",
            "336",
            "359",
            "365",
            "379",
            "387",
            "396",
            "397",
            "400",
            "411",
            "419",
            "426",
            "439",
            "460",
            "461",
            "466",
            "473",
            "499",
            "511",
            "529",
            "536",
            "537",
            "597",
            "643",
            "656",
            "670",
            "696",
            "718",
            "724",
            "726",
            "728",
            "754",
            "757",
            "768",
            "778",
            "783",
            "795",
            "800",
            "821",
            "858",
            "866",
            "880",
            "882",
            "886",
            "925",
            "928",
            "933",
            "943",
            "958",
            "992",
            "995",
            "1018",
            "1053",
            "1062"
        ],
        "1": [
            "3",
            "4",
            "35",
            "39",
            "60",
            "67",
            "77",
            "125",
            "131",
            "139",
            "141",
            "148",
            "174",
            "179",
            "194",
            "219",
            "220",
            "221",
            "226",
            "228",
            "234",
            "239",
            "255",
            "264",
            "296",
            "305",
            "306",
            "324",
            "389",
            "391",
            "395",
            "398",
            "405",
            "428",
            "438",
            "452",
            "458",
            "459",
            "467",
            "468",
            "474",
            "485",
            "492",
            "494",
            "500",
            "504",
            "505",
            "510",
            "573",
            "576",
            "632",
            "668",
            "725",
            "732",
            "765",
            "771",
            "772",
            "789",
            "827",
            "831",
            "847",
            "863",
            "871",
            "872",
            "900",
            "904",
            "922",
            "963",
            "965",
            "986",
            "1014",
            "1063",
            "1071"
        ],
        "2": [
            "1",
            "30",
            "34",
            "36",
            "45",
            "50",
            "58",
            "70",
            "93",
            "94",
            "96",
            "161",
            "168",
            "175",
            "187",
            "196",
            "202",
            "249",
            "279",
            "298",
            "303",
            "322",
            "326",
            "367",
            "381",
            "388",
            "394",
            "406",
            "427",
            "432",
            "437",
            "465",
            "486",
            "534",
            "554",
            "568",
            "570",
            "578",
            "583",
            "596",
            "618",
            "623",
            "624",
            "626",
            "628",
            "653",
            "654",
            "683",
            "703",
            "708",
            "748",
            "820",
            "840",
            "845",
            "853",
            "862",
            "910",
            "913",
            "917",
            "927",
            "949",
            "960",
            "981",
            "997",
            "999",
            "1007",
            "1009",
            "1012",
            "1013",
            "1020",
            "1054",
            "1066",
            "1073",
            "1081",
            "1087"
        ],
        "3": [
            "8",
            "23",
            "46",
            "66",
            "135",
            "156",
            "159",
            "163",
            "167",
            "216",
            "218",
            "223",
            "260",
            "266",
            "270",
            "294",
            "301",
            "325",
            "328",
            "337",
            "353",
            "362",
            "377",
            "383",
            "402",
            "421",
            "436",
            "445",
            "453",
            "462",
            "470",
            "498",
            "531",
            "532",
            "546",
            "553",
            "555",
            "557",
            "565",
            "566",
            "575",
            "599",
            "606",
            "610",
            "619",
            "629",
            "689",
            "693",
            "715",
            "717",
            "721",
            "741",
            "760",
            "823",
            "825",
            "832",
            "843",
            "883",
            "884",
            "893",
            "894",
            "923",
            "955",
            "964",
            "980",
            "993",
            "1017",
            "1022",
            "1029",
            "1047",
            "1052",
            "1057"
        ],
        "4": [
            "14",
            "51",
            "71",
            "92",
            "107",
            "140",
            "155",
            "213",
            "214",
            "231",
            "254",
            "272",
            "288",
            "297",
            "330",
            "331",
            "332",
            "357",
            "366",
            "369",
            "393",
            "425",
            "435",
            "454",
            "471",
            "493",
            "496",
            "518",
            "528",
            "552",
            "558",
            "563",
            "586",
            "594",
            "640",
            "641",
            "645",
            "659",
            "660",
            "665",
            "687",
            "743",
            "750",
            "758",
            "763",
            "766",
            "770",
            "776",
            "784",
            "785",
            "786",
            "790",
            "814",
            "818",
            "819",
            "824",
            "828",
            "844",
            "852",
            "885",
            "911",
            "976",
            "985",
            "998",
            "1027",
            "1058",
            "1061",
            "1064",
            "1072",
            "1080",
            "1086"
        ],