{
    "Instance": "Corners726_G9",
    "Objective": 691.0,
    "Infeasibility": 0.0,
    "Starting Time": 1709341045.5624287,
    "Time Taken": 3698.8181250095367,
    "Initialization Time": 97.3785469532013,
    "nrDistricts": 10,
    "delta": 0.05,
    "llambda": 0.7,
    "rcl_parameter": 0.3,
    "Allocation": {
        "0": [
            "12",
            "29",
            "46",
            "49",
            "52",
            "93",
            "96",
            "114",
            "115",
            "146",
            "152",
            "171",
            "174",
            "199",
            "208",
            "217",
            "234",
            "271",
            "302",
            "318",
            "337",
            "359",
            "373",
            "382",
            "395",
            "406",
            "419",
            "436",
            "444",
            "454",
            "465",
            "476",
            "492",
            "520",
            "529",
            "530",
            "544",
            "592",
            "603",
            "649",
            "652",
            "661",
            "668",
            "710",
            "724",
            "730",
            "732",
            "736",
            "743",
            "763",
            "768",
            "791",
            "792",
            "797",
            "818",
            "834",
            "870",
            "878",
            "885",
            "895",
            "903",
            "941",
            "942",
            "948",
            "955",
            "959",
            "962",
            "995",
            "1000",
            "1006",
            "1022",
            "1049",
            "1057",
            "1080"
        ],
        "1": [
            "5",
            "6",
            "41",
            "47",
            "68",
            "79",
            "92",
            "141",
            "143",
            "148",
            "167",
            "184",
            "215",
            "227",
            "228",
            "231",
            "236",
            "237",
            "246",
            "253",
            "259",
            "263",
            "296",
            "299",
            "308",
            "309",
            "322",
            "362",
            "367",
            "385",
            "389",
            "393",
            "421",
            "441",
            "451",
            "468",
            "474",
            "486",
            "493",
            "501",
            "511",
            "576",
            "616",
            "642",
            "643",
            "680",
            "723",
            "731",
            "745",
            "776",
            "785",
            "801",
            "804",
            "862",
            "865",
            "877",
            "897",
            "904",
            "916",
            "945",
            "958",
            "972",
            "976",
            "978",
            "989",
            "991",
            "994",
            "1009",
            "1017",
            "1027",
            "1070"
        ],
        "2": [
            "3",
            "36",
            "43",
            "55",
            "58",
            "64",
            "80",
            "84",
            "108",
            "109",
            "162",
            "163",
            "177",
            "189",
            "200",
            "229",
            "257",
            "279",
            "283",
            "320",
            "327",
            "363",
            "376",
            "384",
            "392",
            "401",
            "420",
            "425",
            "432",
            "446",
            "452",
            "457",
            "464",
            "490",
            "526",
            "527",
            "541",
            "575",
            "586",
            "590",
            "600",
            "606",
            "621",
            "628",
            "629",
            "632",
            "666",
            "669",
            "715",
            "719",
            "720",
            "752",
            "753",
            "758",
            "772",
            "814",
            "832",
            "853",
            "859",
            "883",
            "884",
            "899",
            "935",
            "947",
            "967",
            "986",
            "1003",
            "1008",
            "1012",
            "1025",
            "1064",
            "1069",
            "1076",
            "1086"
        ],
        "3": [
            "27",
            "30",
            "31",
            "56",
            "78",
            "138",
            "151",
            "157",
            "159",
            "165",
            "202",
            "214",
            "225",
            "266",
            "274",
            "277",
            "278",
            "286",
            "293",
            "303",
            "307",
            "311",
            "323",
            "328",
            "339",
            "358",
            "372",
            "379",
            "400",
            "412",
            "430",
            "443",
            "459",
            "470",
            "478",
            "488",
            "497",
            "504",
            "522",
            "524",
            "533",
            "537",
            "543",
            "560",
            "614",
            "624",
            "633",
            "691",
            "701",
            "706",
            "721",
            "727",
            "770",
            "810",
            "811",
            "835",
            "838",
            "839",
            "849",
            "855",
            "887",
            "985",
            "1010",
            "1021",
            "1026",
            "1030",
            "1042",
            "1050",
            "1055"
        ],
        "4": [
            "23",
            "60",
            "85",
            "103",
            "116",
            "142",
            "155",
            "185",
            "223",
            "242",
            "258",
            "284",
            "298",
            "330",
            "332",
            "351",
            "352",
            "366",
            "390",
            "402",
            "418",
            "428",
            "471",
            "477",
            "487",
            "489",
            "509",
            "519",
            "536",
            "557",
            "563",
            "564",
            "585",
            "598",
            "644",
            "647",
            "654",
            "678",
            "697",
            "712",
            "722",
            "729",
            "751",
            "757",
            "771",
            "779",
            "783",
            "787",
            "800",
            "802",
            "806",
            "812",
            "825",
            "830",
            "831",
            "836",
            "841",
            "848",
            "858",
            "872",
            "888",
            "909",
            "915",
            "928",
            "968",
            "983",
            "990",
            "1004",
            "1007",
            "1035",
            "1063",
            "1072",
            "1078"
        ],