{
    "Instance": "Diagonal726_G2",
    "Objective": 666.0,
    "Infeasibility": 0.0,
    "Starting Time": 1709418748.7363782,
    "Time Taken": 3698.2309544086456,
    "Initialization Time": 96.76084613800049,
    "nrDistricts": 10,
    "delta": 0.05,
    "llambda": 0.7,
    "rcl_parameter": 0.3,
    "Allocation": {
        "0": [
            "11",
            "44",
            "83",
            "88",
            "92",
            "125",
            "129",
            "161",
            "173",
            "189",
            "216",
            "280",
            "289",
            "314",
            "315",
            "334",
            "338",
            "353",
            "394",
            "406",
            "461",
            "488",
            "504",
            "520",
            "570",
            "571",
            "583",
            "587",
            "589",
            "609",
            "615",
            "638",
            "640",
            "669",
            "700",
            "720",
            "722",
            "733",
            "737",
            "752",
            "753",
            "764",
            "765",
            "776",
            "785",
            "787",
            "790",
            "795",
            "799",
            "807",
            "809",
            "832",
            "861",
            "863",
            "877",
            "892",
            "897",
            "898",
            "904",
            "905",
            "913",
            "919",
            "942",
            "965",
            "989",
            "992",
            "998",
            "1006",
            "1009",
            "1049",
            "1069",
            "1071",
            "1074"
        ],
        "1": [
            "32",
            "41",
            "42",
            "50",
            "61",
            "71",
            "87",
            "90",
            "97",
            "98",
            "102",
            "105",
            "135",
            "181",
            "211",
            "220",
            "227",
            "257",
            "258",
            "281",
            "313",
            "320",
            "321",
            "322",
            "326",
            "346",
            "361",
            "362",
            "373",
            "389",
            "428",
            "454",
            "455",
            "484",
            "487",
            "493",
            "519",
            "527",
            "582",
            "614",
            "616",
            "617",
            "680",
            "681",
            "682",
            "689",
            "723",
            "754",
            "804",
            "839",
            "840",
            "862",
            "871",
            "910",
            "915",
            "926",
            "929",
            "936",
            "938",
            "945",
            "952",
            "962",
            "968",
            "972",
            "1044",
            "1077"
        ],
        "2": [
            "14",
            "21",
            "35",
            "36",
            "39",
            "43",
            "45",
            "48",
            "52",
            "58",
            "62",
            "73",
            "78",
            "80",
            "96",
            "99",
            "104",
            "106",
            "108",
            "109",
            "111",
            "112",
            "124",
            "126",
            "145",
            "148",
            "158",
            "168",
            "169",
            "176",
            "177",
            "186",
            "196",
            "199",
            "200",
            "202",
            "233",
            "241",
            "244",
            "245",
            "249",
            "252",
            "260",
            "265",
            "266",
            "288",
            "296",
            "298",
            "303",
            "304",
            "327",
            "328",
            "336",
            "357",
            "360",
            "364",
            "378",
            "426",
            "456",
            "457",
            "492",
            "494",
            "526",
            "556",
            "715",
            "745",
            "750",
            "780",
            "806",
            "834",
            "859",
            "865",
            "906",
            "969",
            "1032",
            "1034"
        ],
        "3": [
            "138",
            "286",
            "333",
            "355",
            "356",
            "366",
            "387",
            "399",
            "423",
            "467",
            "475",
            "476",
            "496",
            "499",
            "507",
            "529",
            "530",
            "531",
            "532",
            "533",
            "537",
            "538",
            "539",
            "540",
            "546",
            "549",
            "572",
            "577",
            "598",
            "599",
            "603",
            "604",
            "607",
            "608",
            "610",
            "634",
            "635",
            "661",
            "662",
            "695",
            "726",
            "728",
            "738",
            "739",
            "740",
            "768",
            "796",
            "800",
            "808",
            "811",
            "818",
            "857",
            "866",
            "867",
            "873",
            "876",
            "891",
            "900",
            "902",
            "927",
            "944",
            "957",
            "959",
            "961",
            "970",
            "978",
            "995",
            "1035",
            "1060",
            "1076",
            "1087"
        ],
        "4": [
            "12",
            "13",
            "23",
            "28",
            "31",
            "40",
            "49",
            "51",
            "56",
            "60",
            "64",
            "65",
            "67",
            "68",
            "81",
            "82",
            "86",
            "91",
            "100",
            "103",
            "115",
            "117",
            "128",
            "141",
            "143",
            "163",
            "164",
            "167",
            "184",
            "198",
            "201",
            "203",
            "219",
            "234",
            "236",
            "242",
            "248",
            "250",
            "255",
            "256",
            "261",
            "268",
            "269",
            "270",
            "277",
            "282",
            "294",
            "302",
            "311",
            "325",
            "331",
            "363",
            "369",
            "379",
            "388",
            "396",
            "397",
            "401",
            "402",
            "403",
            "404",
            "424",
            "435",
            "437",
            "438",
            "470",
            "491",
            "747",
            "869",
            "901",
            "997",
            "1030",
            "1033",
            "1036"
        ],