{
    "Instance": "Diagonal726_G4",
    "Objective": 535.0,
    "Infeasibility": 0.0,
    "Starting Time": 1709344746.0510368,
    "Time Taken": 3696.5808594226837,
    "Initialization Time": 95.121826171875,
    "nrDistricts": 10,
    "delta": 0.05,
    "llambda": 0.7,
    "rcl_parameter": 0.3,
    "Allocation": {
        "0": [
            "9",
            "10",
            "11",
            "12",
            "13",
            "14",
            "16",
            "19",
            "20",
            "21",
            "22",
            "23",
            "44",
            "45",
            "46",
            "54",
            "60",
            "70",
            "81",
            "85",
            "89",
            "95",
            "97",
            "110",
            "120",
            "121",
            "123",
            "127",
            "151",
            "155",
            "156",
            "164",
            "181",
            "185",
            "191",
            "195",
            "212",
            "216",
            "222",
            "225",
            "230",
            "254",
            "288",
            "292",
            "307",
            "315",
            "322",
            "323",
            "325",
            "338",
            "340",
            "371",
            "373",
            "384",
            "385",
            "404",
            "406",
            "407",
            "410",
            "415",
            "416",
            "418",
            "434",
            "436",
            "437",
            "438",
            "456",
            "474",
            "490",
            "513",
            "517",
            "518",
            "728",
            "740",
            "771",
            "813",
            "894",
            "900",
            "963"
        ],
        "1": [
            "26",
            "56",
            "64",
            "65",
            "80",
            "88",
            "91",
            "94",
            "98",
            "99",
            "106",
            "129",
            "131",
            "135",
            "137",
            "145",
            "147",
            "148",
            "177",
            "362",
            "378",
            "393",
            "395",
            "425",
            "426",
            "427",
            "454",
            "457",
            "458",
            "460",
            "483",
            "487",
            "488",
            "492",
            "494",
            "520",
            "522",
            "524",
            "525",
            "543",
            "553",
            "558",
            "579",
            "587",
            "588",
            "591",
            "592",
            "618",
            "619",
            "620",
            "625",
            "626",
            "639",
            "653",
            "654",
            "655",
            "656",
            "658",
            "674",
            "686",
            "689",
            "691",
            "692",
            "719",
            "722",
            "725",
            "753",
            "754",
            "755",
            "757",
            "789",
            "790",
            "791",
            "805",
            "824",
            "857",
            "875",
            "890"
        ],
        "2": [
            "5",
            "6",
            "7",
            "8",
            "33",
            "35",
            "48",
            "57",
            "66",
            "69",
            "71",
            "73",
            "74",
            "75",
            "100",
            "101",
            "102",
            "103",
            "105",
            "107",
            "114",
            "122",
            "126",
            "134",
            "136",
            "138",
            "140",
            "141",
            "149",
            "167",
            "169",
            "171",
            "174",
            "184",
            "201",
            "202",
            "204",
            "206",
            "207",
            "228",
            "231",
            "236",
            "238",
            "239",
            "240",
            "260",
            "261",
            "264",
            "265",
            "269",
            "270",
            "271",
            "272",
            "298",
            "302",
            "303",
            "312",
            "330",
            "331",
            "332",
            "333",
            "334",
            "335",
            "336",
            "345",
            "348",
            "363",
            "364",
            "392",
            "423",
            "447",
            "484"
        ],
        "3": [
            "27",
            "51",
            "90",
            "111",
            "128",
            "144",
            "197",
            "210",
            "286",
            "287",
            "290",
            "293",
            "294",
            "318",
            "350",
            "351",
            "386",
            "388",
            "399",
            "401",
            "432",
            "452",
            "462",
            "495",
            "523",
            "526",
            "528",
            "529",
            "530",
            "531",
            "532",
            "533",
            "537",
            "539",
            "547",
            "555",
            "562",
            "563",
            "564",
            "566",
            "569",
            "581",
            "594",
            "596",
            "631",
            "634",
            "663",
            "664",
            "693",
            "696",
            "703",
            "727",
            "739",
            "760",
            "763",
            "768",
            "773",
            "774",
            "776",
            "783",
            "825",
            "827",
            "891",
            "959",
            "990",
            "994",
            "1001",
            "1033",
            "1034",
            "1066"
        ],
        "4": [
            "154",
            "218",
            "275",
            "281",
            "284",
            "346",
            "411",
            "412",
            "414",
            "443",
            "463",
            "576",
            "603",
            "607",
            "667",
            "671",
            "679",
            "681",
            "683",
            "705",
            "708",
            "729",
            "733",
            "742",
            "748",
            "750",
            "761",
            "778",
            "782",
            "798",
            "799",
            "801",
            "804",
            "808",
            "812",
            "815",
            "819",
            "851",
            "869",
            "870",
            "872",
            "895",
            "902",
            "906",
            "908",
            "913",
            "919",
            "930",
            "945",
            "960",
            "965",
            "985",
            "987",
            "988",
            "992",
            "1006",
            "1008",
            "1028",
            "1029",
            "1031",
            "1040",
            "1053",
            "1059",
            "1067",
            "1071",
            "1074",
            "1080",
            "1082"
        ],