{
    "Instance": "Diagonal726_G7",
    "Objective": 826.0,
    "Infeasibility": 0.0,
    "Starting Time": 1709329944.5501394,
    "Time Taken": 3698.451051712036,
    "Initialization Time": 96.7145676612854,
    "nrDistricts": 10,
    "delta": 0.05,
    "llambda": 0.7,
    "rcl_parameter": 0.3,
    "Allocation": {
        "0": [
            "3",
            "4",
            "7",
            "11",
            "15",
            "22",
            "31",
            "36",
            "41",
            "46",
            "49",
            "57",
            "58",
            "60",
            "73",
            "76",
            "77",
            "79",
            "80",
            "81",
            "83",
            "86",
            "101",
            "102",
            "110",
            "114",
            "117",
            "123",
            "142",
            "144",
            "147",
            "148",
            "152",
            "164",
            "167",
            "168",
            "169",
            "170",
            "172",
            "176",
            "179",
            "181",
            "182",
            "187",
            "199",
            "202",
            "206",
            "207",
            "212",
            "235",
            "238",
            "245",
            "246",
            "247",
            "259",
            "271",
            "272",
            "282",
            "290",
            "291",
            "305",
            "314",
            "316",
            "341",
            "375",
            "484",
            "635",
            "641",
            "737",
            "837",
            "879",
            "982",
            "990",
            "1002",
            "1003",
            "1071"
        ],
        "1": [
            "21",
            "98",
            "153",
            "184",
            "188",
            "196",
            "219",
            "225",
            "269",
            "284",
            "302",
            "317",
            "319",
            "338",
            "345",
            "348",
            "351",
            "353",
            "355",
            "357",
            "367",
            "389",
            "392",
            "414",
            "427",
            "447",
            "448",
            "451",
            "462",
            "490",
            "497",
            "517",
            "521",
            "563",
            "569",
            "571",
            "579",
            "584",
            "611",
            "627",
            "645",
            "653",
            "657",
            "666",
            "668",
            "701",
            "727",
            "746",
            "790",
            "808",
            "814",
            "844",
            "859",
            "893",
            "910",
            "916",
            "919",
            "925",
            "928",
            "931",
            "944",
            "946",
            "969",
            "996",
            "1007",
            "1033",
            "1065",
            "1070",
            "1088"
        ],
        "2": [
            "66",
            "126",
            "150",
            "157",
            "162",
            "198",
            "205",
            "226",
            "279",
            "285",
            "296",
            "300",
            "321",
            "327",
            "334",
            "346",
            "440",
            "524",
            "531",
            "580",
            "581",
            "592",
            "613",
            "630",
            "633",
            "644",
            "667",
            "683",
            "690",
            "705",
            "710",
            "731",
            "745",
            "764",
            "780",
            "798",
            "802",
            "807",
            "809",
            "817",
            "833",
            "835",
            "847",
            "850",
            "860",
            "863",
            "868",
            "876",
            "886",
            "898",
            "906",
            "912",
            "922",
            "933",
            "963",
            "964",
            "967",
            "970",
            "972",
            "974",
            "991",
            "993",
            "994",
            "1010",
            "1027",
            "1035",
            "1038",
            "1075",
            "1077"
        ],
        "3": [
            "17",
            "25",
            "34",
            "35",
            "39",
            "51",
            "75",
            "91",
            "99",
            "125",
            "133",
            "159",
            "227",
            "295",
            "312",
            "320",
            "326",
            "356",
            "379",
            "428",
            "433",
            "445",
            "466",
            "495",
            "498",
            "550",
            "600",
            "618",
            "620",
            "632",
            "638",
            "671",
            "674",
            "699",
            "703",
            "713",
            "720",
            "729",
            "735",
            "736",
            "739",
            "742",
            "769",
            "779",
            "788",
            "794",
            "795",
            "797",
            "801",
            "803",
            "804",
            "806",
            "811",
            "822",
            "832",
            "836",
            "838",
            "841",
            "872",
            "874",
            "895",
            "932",
            "935",
            "938",
            "940",
            "968",
            "975",
            "989",
            "998",
            "1001",
            "1034",
            "1043",
            "1060",
            "1067",
            "1073"
        ],
        "4": [
            "13",
            "14",
            "23",
            "30",
            "44",
            "45",
            "47",
            "48",
            "54",
            "55",
            "56",
            "64",
            "65",
            "85",
            "90",
            "93",
            "120",
            "127",
            "156",
            "185",
            "214",
            "218",
            "224",
            "250",
            "258",
            "277",
            "280",
            "286",
            "301",
            "329",
            "342",
            "344",
            "349",
            "368",
            "387",
            "393",
            "395",
            "422",
            "460",
            "470",
            "486",
            "494",
            "518",
            "523",
            "526",
            "593",
            "619",
            "631",
            "659",
            "687",
            "691",
            "692",
            "693",
            "695",
            "697",
            "711",
            "725",
            "728",
            "733",
            "765",
            "775",
            "786",
            "793",
            "819",
            "824",
            "884",
            "943",
            "988",
            "995"
        ],