{
    "Instance": "Diagonal726_G6",
    "Objective": 642.0,
    "Infeasibility": 0.0,
    "Starting Time": 1709363243.748805,
    "Time Taken": 3700.3794000148773,
    "Initialization Time": 98.87816071510315,
    "nrDistricts": 10,
    "delta": 0.05,
    "llambda": 0.7,
    "rcl_parameter": 0.3,
    "Allocation": {
        "0": [
            "10",
            "15",
            "26",
            "31",
            "59",
            "82",
            "83",
            "84",
            "87",
            "94",
            "116",
            "150",
            "218",
            "219",
            "230",
            "251",
            "262",
            "274",
            "276",
            "284",
            "297",
            "305",
            "318",
            "321",
            "337",
            "339",
            "347",
            "364",
            "372",
            "406",
            "407",
            "429",
            "438",
            "439",
            "440",
            "472",
            "473",
            "514",
            "548",
            "561",
            "568",
            "569",
            "603",
            "628",
            "667",
            "781",
            "809",
            "835",
            "838",
            "839",
            "868",
            "869",
            "878",
            "892",
            "902",
            "903",
            "935",
            "936",
            "954",
            "969",
            "976",
            "977",
            "987",
            "993",
            "994",
            "1001",
            "1002",
            "1003",
            "1035",
            "1059",
            "1061"
        ],
        "1": [
            "9",
            "16",
            "22",
            "23",
            "24",
            "52",
            "60",
            "101",
            "131",
            "147",
            "157",
            "167",
            "176",
            "185",
            "248",
            "254",
            "281",
            "287",
            "294",
            "295",
            "309",
            "316",
            "334",
            "344",
            "352",
            "361",
            "365",
            "373",
            "374",
            "422",
            "424",
            "428",
            "437",
            "480",
            "502",
            "513",
            "517",
            "519",
            "525",
            "533",
            "578",
            "604",
            "607",
            "609",
            "615",
            "632",
            "647",
            "656",
            "678",
            "698",
            "702",
            "731",
            "750",
            "774",
            "796",
            "799",
            "806",
            "808",
            "815",
            "840",
            "867",
            "873",
            "916",
            "930",
            "959",
            "972",
            "999",
            "1000",
            "1070",
            "1073"
        ],
        "2": [
            "7",
            "8",
            "12",
            "18",
            "28",
            "29",
            "41",
            "43",
            "45",
            "72",
            "74",
            "79",
            "107",
            "115",
            "123",
            "130",
            "148",
            "155",
            "159",
            "181",
            "184",
            "193",
            "222",
            "239",
            "250",
            "252",
            "267",
            "311",
            "314",
            "328",
            "333",
            "335",
            "357",
            "368",
            "379",
            "387",
            "388",
            "390",
            "435",
            "457",
            "459",
            "469",
            "545",
            "560",
            "570",
            "581",
            "583",
            "584",
            "585",
            "594",
            "595",
            "601",
            "611",
            "614",
            "621",
            "637",
            "665",
            "686",
            "700",
            "701",
            "721",
            "733",
            "777",
            "798",
            "800",
            "804",
            "853",
            "880",
            "898",
            "945",
            "971",
            "996",
            "1033",
            "1039"
        ],
        "3": [
            "57",
            "80",
            "198",
            "212",
            "225",
            "263",
            "280",
            "286",
            "360",
            "392",
            "434",
            "451",
            "452",
            "497",
            "534",
            "539",
            "562",
            "563",
            "565",
            "616",
            "633",
            "657",
            "661",
            "666",
            "669",
            "685",
            "692",
            "693",
            "703",
            "706",
            "712",
            "713",
            "726",
            "727",
            "728",
            "730",
            "735",
            "745",
            "746",
            "763",
            "771",
            "772",
            "775",
            "778",
            "779",
            "783",
            "793",
            "801",
            "810",
            "825",
            "827",
            "829",
            "830",
            "858",
            "893",
            "894",
            "895",
            "906",
            "924",
            "925",
            "926",
            "929",
            "946",
            "960",
            "961",
            "963",
            "974",
            "990",
            "991",
            "995",
            "1009",
            "1031",
            "1037",
            "1060",
            "1062",
            "1071",
            "1075"
        ],
        "4": [
            "53",
            "62",
            "111",
            "151",
            "153",
            "154",
            "183",
            "196",
            "213",
            "220",
            "255",
            "283",
            "285",
            "300",
            "302",
            "369",
            "396",
            "402",
            "412",
            "486",
            "518",
            "528",
            "564",
            "580",
            "598",
            "600",
            "629",
            "674",
            "677",
            "697",
            "699",
            "704",
            "737",
            "739",
            "747",
            "762",
            "764",
            "768",
            "773",
            "791",
            "792",
            "803",
            "805",
            "828",
            "837",
            "841",
            "842",
            "860",
            "872",
            "874",
            "883",
            "900",
            "931",
            "934",
            "937",
            "939",
            "944",
            "947",
            "970",
            "998",
            "1005",
            "1026",
            "1032",
            "1036",
            "1058",
            "1064",
            "1065",
            "1067",
            "1068",
            "1069"
        ],