{
    "Instance": "Center600_G10",
    "Objective": 188,
    "Infeasibility": 0.0,
    "Starting Time": 1711829808.7169187,
    "Time Taken": 47.108946800231934,
    "Initialization Time": 8.133245468139648,
    "nrInitSolutions": 100,
    "startingLambda": 0.1,
    "nrDistricts": 10,
    "lambdaRange": [
        0.1,
        0.4,
        0.7,
        1
    ],
    "delta": 0.05,
    "llambda": 0.7,
    "rcl_parameter": 0.3,
    "Allocation": {
        "0": [
            "152",
            "153",
            "122",
            "151",
            "123",
            "121",
            "92",
            "150",
            "181",
            "183",
            "154",
            "91",
            "120",
            "124",
            "180",
            "155",
            "184",
            "90",
            "61",
            "156",
            "185",
            "94",
            "125",
            "64",
            "157",
            "186",
            "34",
            "126",
            "63",
            "215",
            "127",
            "4",
            "97",
            "98",
            "33",
            "96",
            "5",
            "3",
            "68",
            "67",
            "37",
            "32",
            "38",
            "36",
            "39",
            "2",
            "65",
            "1",
            "7",
            "9",
            "0",
            "30",
            "391",
            "363",
            "339",
            "394",
            "398",
            "281"
        ],
        "1": [
            "41",
            "72",
            "42",
            "73",
            "75",
            "74",
            "105",
            "45",
            "15",
            "135",
            "136",
            "107",
            "137",
            "77",
            "78",
            "47",
            "79",
            "80",
            "50",
            "110",
            "81",
            "51",
            "20",
            "111",
            "52",
            "140",
            "21",
            "82",
            "53",
            "22",
            "83",
            "170",
            "141",
            "84",
            "142",
            "113",
            "171",
            "200",
            "114",
            "199",
            "143",
            "85",
            "198",
            "172",
            "228",
            "55",
            "258",
            "25",
            "24",
            "234",
            "201",
            "204",
            "262",
            "260",
            "116",
            "231",
            "203",
            "117",
            "202"
        ],
        "2": [
            "899",
            "897",
            "867",
            "898",
            "866",
            "896",
            "836",
            "865",
            "835",
            "864",
            "805",
            "806",
            "775",
            "804",
            "894",
            "863",
            "807",
            "774",
            "776",
            "893",
            "745",
            "808",
            "746",
            "777",
            "833",
            "715",
            "892",
            "773",
            "747",
            "838",
            "716",
            "717",
            "658",
            "719",
            "891",
            "749",
            "748",
            "778",
            "890",
            "655",
            "657",
            "779",
            "889",
            "860",
            "830",
            "809",
            "888",
            "831",
            "887",
            "713",
            "772",
            "802",
            "801",
            "886",
            "800",
            "718",
            "621",
            "653",
            "688"
        ],
        "3": [
            "766",
            "796",
            "826",
            "827",
            "825",
            "824",
            "823",
            "853",
            "852",
            "791",
            "821",
            "761",
            "731",
            "790",
            "789",
            "819",
            "788",
            "849",
            "759",
            "758",
            "729",
            "848",
            "879",
            "847",
            "878",
            "699",
            "728",
            "817",
            "757",
            "877",
            "846",
            "698",
            "669",
            "876",
            "668",
            "845",
            "875",
            "844",
            "638",
            "608",
            "874",
            "637",
            "843",
            "784",
            "873",
            "842",
            "872",
            "607",
            "547",
            "663",
            "723",
            "576",
            "577",
            "693",
            "727",
            "753",
            "871",
            "635",
            "665",
            "606"
        ],
        "4": [
            "704",
            "705",
            "706",
            "676",
            "677",
            "646",
            "678",
            "645",
            "615",
            "585",
            "554",
            "586",
            "584",
            "557",
            "556",
            "527",
            "558",
            "497",
            "588",
            "496",
            "589",
            "495",
            "494",
            "466",
            "590",
            "464",
            "620",
            "436",
            "560",
            "591",
            "650",
            "463",
            "561",
            "622",
            "680",
            "651",
            "652",
            "681",
            "562",
            "531",
            "711",
            "623",
            "500",
            "710",
            "563",
            "470",
            "740",
            "501",
            "741",
            "440",
            "654",
            "770",
            "684",
            "739",
            "439",
            "714",
            "743",
            "685",
            "441",
            "504",
            "742",
            "686",
            "503",
            "744",
            "530"
        ],
        "5": [
            "119",
            "89",
            "149",
            "179",
            "88",
            "209",
            "59",
            "178",
            "58",
            "208",
            "29",
            "57",
            "239",
            "238",
            "28",
            "177",
            "269",
            "207",
            "27",
            "299",
            "267",
            "237",
            "147",
            "206",
            "236",
            "205",
            "146",
            "175",
            "86",
            "173",
            "174",
            "144",
            "235",
            "261",
            "145",
            "265",
            "26",
            "233",
            "292",
            "293",
            "264",
            "291",
            "263",
            "294",
            "324",
            "325",
            "355",
            "321",
            "322",
            "295",
            "379",
            "354",
            "380",
            "352",
            "320",
            "381",
            "353",
            "349",
            "351",
            "382",
            "477",
            "476",
            "471",
            "445",
            "507"
        ],