{
    "Instance": "Center600_G23",
    "Objective": 341,
    "Infeasibility": 0.0,
    "Starting Time": 1711830620.1921628,
    "Time Taken": 70.79733467102051,
    "Initialization Time": 7.937871932983398,
    "nrInitSolutions": 100,
    "startingLambda": 0.1,
    "nrDistricts": 10,
    "lambdaRange": [
        0.1,
        0.4,
        0.7,
        1
    ],
    "delta": 0.05,
    "llambda": 0.7,
    "rcl_parameter": 0.3,
    "Allocation": {
        "0": [
            "533",
            "681",
            "623",
            "680",
            "653",
            "711",
            "683",
            "684",
            "654",
            "624",
            "443",
            "535",
            "536",
            "625",
            "412",
            "714",
            "505",
            "413",
            "686",
            "411",
            "383",
            "565",
            "713",
            "655",
            "445",
            "354",
            "380",
            "321",
            "289",
            "710",
            "473",
            "292",
            "416",
            "291",
            "352",
            "322",
            "476",
            "414",
            "320",
            "381",
            "384",
            "323",
            "475",
            "351",
            "474",
            "415",
            "290",
            "539",
            "114",
            "145",
            "115",
            "208",
            "237",
            "144",
            "143",
            "53",
            "174",
            "205",
            "52",
            "172",
            "866",
            "503"
        ],
        "1": [
            "887",
            "886",
            "826",
            "856",
            "766",
            "794",
            "764",
            "734",
            "792",
            "704",
            "762",
            "705",
            "703",
            "706",
            "822",
            "852",
            "673",
            "882",
            "853",
            "851",
            "850",
            "819",
            "847",
            "789",
            "878",
            "817",
            "846",
            "759",
            "729",
            "876",
            "699",
            "669",
            "575",
            "639",
            "667",
            "870",
            "519",
            "457",
            "458",
            "427",
            "810",
            "488",
            "793",
            "661",
            "630",
            "753",
            "662",
            "816",
            "430",
            "369",
            "571",
            "431",
            "780",
            "429",
            "518",
            "607",
            "781",
            "812",
            "757",
            "668",
            "486",
            "663",
            "515",
            "693"
        ],
        "2": [
            "98",
            "69",
            "68",
            "9",
            "8",
            "10",
            "37",
            "6",
            "7",
            "36",
            "5",
            "66",
            "4",
            "34",
            "95",
            "64",
            "33",
            "63",
            "94",
            "32",
            "93",
            "31",
            "62",
            "2",
            "156",
            "1",
            "0",
            "391",
            "241",
            "305",
            "151",
            "276",
            "277",
            "335",
            "365",
            "248",
            "396",
            "189",
            "181",
            "150",
            "313",
            "249",
            "120",
            "362",
            "39",
            "123",
            "330",
            "480",
            "152",
            "337",
            "601",
            "279",
            "491",
            "226",
            "211",
            "698",
            "454",
            "728",
            "570"
        ],
        "3": [
            "43",
            "44",
            "45",
            "46",
            "76",
            "77",
            "47",
            "137",
            "107",
            "136",
            "135",
            "166",
            "165",
            "195",
            "134",
            "225",
            "193",
            "285",
            "163",
            "223",
            "192",
            "227",
            "284",
            "191",
            "197",
            "221",
            "314",
            "312",
            "311",
            "310",
            "338",
            "399",
            "461",
            "517",
            "158",
            "126",
            "521",
            "493",
            "183",
            "125",
            "184",
            "188",
            "578",
            "243",
            "155",
            "489",
            "487",
            "215",
            "306",
            "129",
            "428",
            "609",
            "218",
            "219",
            "217",
            "187",
            "216",
            "159",
            "255",
            "818"
        ],
        "4": [
            "633",
            "634",
            "635",
            "511",
            "543",
            "666",
            "574",
            "450",
            "512",
            "544",
            "483",
            "482",
            "452",
            "422",
            "420",
            "421",
            "514",
            "484",
            "392",
            "697",
            "307",
            "373",
            "407",
            "435",
            "377",
            "372",
            "347",
            "408",
            "724",
            "848",
            "438",
            "317",
            "468",
            "467",
            "185",
            "548",
            "194",
            "787",
            "497",
            "527",
            "528",
            "557",
            "529",
            "586",
            "530",
            "587",
            "616",
            "560",
            "500",
            "590",
            "615",
            "561",
            "470",
            "620",
            "614",
            "471",
            "591",
            "621"
        ],
        "5": [
            "28",
            "27",
            "56",
            "26",
            "147",
            "55",
            "116",
            "148",
            "149",
            "178",
            "54",
            "113",
            "23",
            "238",
            "22",
            "141",
            "21",
            "83",
            "204",
            "20",
            "234",
            "233",
            "82",
            "263",
            "206",
            "209",
            "264",
            "203",
            "356",
            "297",
            "325",
            "295",
            "110",
            "387",
            "173",
            "328",
            "388",
            "357",
            "298",
            "326",
            "232",
            "267",
            "202",
            "418",
            "109",
            "329",
            "81",
            "389",
            "140",
            "269",
            "296",
            "51",
            "358",
            "299",
            "327",
            "235",
            "448",
            "479",
            "838",
            "85",
            "175",
            "502",
            "897"
        ],