{
    "Instance": "Center600_G11",
    "Objective": 197,
    "Infeasibility": 0.0,
    "Starting Time": 1711830363.278584,
    "Time Taken": 43.546457052230835,
    "Initialization Time": 8.085242986679077,
    "nrInitSolutions": 100,
    "startingLambda": 0.1,
    "nrDistricts": 10,
    "lambdaRange": [
        0.1,
        0.4,
        0.7,
        1
    ],
    "delta": 0.05,
    "llambda": 0.7,
    "rcl_parameter": 0.3,
    "Allocation": {
        "0": [
            "172",
            "201",
            "203",
            "231",
            "233",
            "139",
            "230",
            "110",
            "144",
            "205",
            "176",
            "263",
            "234",
            "146",
            "80",
            "260",
            "206",
            "235",
            "81",
            "266",
            "207",
            "138",
            "115",
            "290",
            "320",
            "168",
            "319",
            "85",
            "84",
            "86",
            "83",
            "291",
            "87",
            "268",
            "118",
            "167",
            "294",
            "116",
            "177",
            "88",
            "179",
            "52",
            "89",
            "20",
            "26",
            "50",
            "149",
            "22",
            "59",
            "264",
            "58",
            "28",
            "239",
            "53",
            "23",
            "119",
            "27",
            "25",
            "21",
            "51",
            "209",
            "57",
            "262",
            "29"
        ],
        "1": [
            "881",
            "850",
            "851",
            "849",
            "879",
            "878",
            "877",
            "876",
            "847",
            "875",
            "817",
            "846",
            "874",
            "816",
            "844",
            "757",
            "785",
            "843",
            "788",
            "813",
            "842",
            "758",
            "724",
            "812",
            "841",
            "723",
            "722",
            "783",
            "661",
            "840",
            "696",
            "697",
            "751",
            "698",
            "759",
            "782",
            "668",
            "872",
            "752",
            "781",
            "870",
            "871",
            "701",
            "731",
            "632",
            "662",
            "750",
            "667",
            "633",
            "780",
            "726",
            "810",
            "631",
            "608",
            "721",
            "518",
            "725",
            "695",
            "548"
        ],
        "2": [
            "134",
            "74",
            "104",
            "75",
            "43",
            "44",
            "14",
            "15",
            "42",
            "72",
            "102",
            "71",
            "132",
            "69",
            "70",
            "99",
            "98",
            "97",
            "68",
            "129",
            "67",
            "38",
            "96",
            "127",
            "95",
            "66",
            "8",
            "157",
            "9",
            "65",
            "158",
            "125",
            "94",
            "187",
            "36",
            "64",
            "156",
            "93",
            "6",
            "186",
            "7",
            "35",
            "5",
            "33",
            "32",
            "3",
            "31",
            "61",
            "2",
            "60",
            "1",
            "30",
            "0",
            "427",
            "338",
            "368",
            "399",
            "395",
            "392",
            "274",
            "242",
            "90"
        ],
        "3": [
            "703",
            "675",
            "673",
            "674",
            "705",
            "645",
            "735",
            "734",
            "615",
            "616",
            "586",
            "587",
            "588",
            "619",
            "618",
            "620",
            "651",
            "650",
            "652",
            "653",
            "682",
            "622",
            "623",
            "624",
            "654",
            "712",
            "593",
            "684",
            "713",
            "625",
            "685",
            "743",
            "715",
            "744",
            "745",
            "746",
            "775",
            "717",
            "776",
            "567",
            "595",
            "655",
            "627",
            "536",
            "502",
            "626",
            "535",
            "532",
            "501",
            "597",
            "747",
            "748",
            "563",
            "596",
            "443",
            "474"
        ],
        "4": [
            "824",
            "855",
            "825",
            "885",
            "887",
            "886",
            "888",
            "858",
            "859",
            "829",
            "860",
            "830",
            "861",
            "891",
            "862",
            "800",
            "770",
            "892",
            "801",
            "832",
            "771",
            "740",
            "772",
            "802",
            "769",
            "710",
            "742",
            "741",
            "803",
            "768",
            "711",
            "767",
            "804",
            "737",
            "774",
            "834",
            "864",
            "865",
            "895",
            "896",
            "897",
            "835",
            "898",
            "894",
            "867",
            "866",
            "836",
            "837",
            "718",
            "566",
            "719",
            "473",
            "561",
            "689",
            "657",
            "531",
            "687",
            "537"
        ],
        "5": [
            "552",
            "551",
            "521",
            "491",
            "461",
            "462",
            "431",
            "488",
            "519",
            "487",
            "517",
            "547",
            "455",
            "546",
            "577",
            "454",
            "453",
            "452",
            "456",
            "484",
            "422",
            "482",
            "481",
            "549",
            "514",
            "513",
            "515",
            "545",
            "606",
            "575",
            "574",
            "483",
            "543",
            "571",
            "544",
            "542",
            "570",
            "572",
            "540",
            "600",
            "637",
            "579",
            "541",
            "607",
            "635",
            "610",
            "609",
            "815",
            "818",
            "787",
            "664",
            "755",
            "786",
            "814",
            "845",
            "754",
            "699",
            "666",
            "784",
            "639",
            "669",
            "700",
            "398",
            "729"
        ],