{
    "Instance": "Center600_G18",
    "Objective": 211,
    "Infeasibility": 0.0,
    "Starting Time": 1711830082.0598075,
    "Time Taken": 41.20793104171753,
    "Initialization Time": 8.023462772369385,
    "nrInitSolutions": 100,
    "startingLambda": 0.1,
    "nrDistricts": 10,
    "lambdaRange": [
        0.1,
        0.4,
        0.7,
        1
    ],
    "delta": 0.05,
    "llambda": 0.7,
    "rcl_parameter": 0.3,
    "Allocation": {
        "0": [
            "466",
            "526",
            "436",
            "556",
            "501",
            "557",
            "586",
            "560",
            "587",
            "502",
            "405",
            "617",
            "376",
            "561",
            "404",
            "472",
            "533",
            "562",
            "591",
            "647",
            "620",
            "618",
            "592",
            "375",
            "534",
            "434",
            "563",
            "374",
            "646",
            "377",
            "474",
            "345",
            "650",
            "373",
            "645",
            "680",
            "564",
            "444",
            "475",
            "315",
            "372",
            "644",
            "505",
            "734",
            "763",
            "733",
            "732",
            "284",
            "704",
            "674",
            "614",
            "314",
            "681",
            "706",
            "283",
            "705",
            "282",
            "624",
            "500",
            "441",
            "382",
            "383",
            "499"
        ],
        "1": [
            "780",
            "810",
            "840",
            "841",
            "870",
            "842",
            "871",
            "872",
            "812",
            "782",
            "783",
            "752",
            "722",
            "784",
            "753",
            "692",
            "814",
            "754",
            "723",
            "662",
            "691",
            "844",
            "693",
            "755",
            "661",
            "632",
            "690",
            "720",
            "694",
            "633",
            "664",
            "634",
            "603",
            "665",
            "601",
            "573",
            "604",
            "571",
            "600",
            "605",
            "574",
            "570",
            "572",
            "543",
            "575",
            "540",
            "544",
            "545",
            "510",
            "480",
            "481",
            "450",
            "482",
            "451",
            "453",
            "513",
            "397",
            "330",
            "331",
            "273",
            "520",
            "519"
        ],
        "2": [
            "160",
            "67",
            "128",
            "37",
            "97",
            "159",
            "8",
            "127",
            "161",
            "7",
            "66",
            "36",
            "189",
            "126",
            "157",
            "188",
            "6",
            "125",
            "218",
            "155",
            "124",
            "248",
            "247",
            "162",
            "249",
            "219",
            "95",
            "187",
            "132",
            "154",
            "65",
            "5",
            "184",
            "35",
            "34",
            "4",
            "33",
            "192",
            "94",
            "153",
            "133",
            "136",
            "183",
            "105",
            "106",
            "104",
            "46",
            "76",
            "108",
            "77",
            "80",
            "78",
            "110",
            "20",
            "140",
            "111",
            "45",
            "79",
            "50"
        ],
        "3": [
            "738",
            "739",
            "740",
            "770",
            "771",
            "801",
            "800",
            "830",
            "802",
            "831",
            "829",
            "860",
            "832",
            "861",
            "828",
            "890",
            "833",
            "862",
            "827",
            "798",
            "891",
            "863",
            "826",
            "864",
            "892",
            "796",
            "893",
            "894",
            "795",
            "895",
            "865",
            "766",
            "712",
            "714",
            "717",
            "839",
            "689",
            "749",
            "742",
            "686",
            "682",
            "658",
            "628",
            "743",
            "652",
            "806",
            "808",
            "715",
            "719",
            "711",
            "629",
            "899",
            "897"
        ],
        "4": [
            "24",
            "23",
            "54",
            "84",
            "22",
            "55",
            "53",
            "21",
            "56",
            "85",
            "52",
            "57",
            "26",
            "86",
            "51",
            "116",
            "27",
            "58",
            "115",
            "87",
            "117",
            "88",
            "59",
            "118",
            "147",
            "146",
            "148",
            "176",
            "89",
            "149",
            "175",
            "174",
            "205",
            "173",
            "172",
            "142",
            "143",
            "202",
            "204",
            "141",
            "235",
            "171",
            "113",
            "29",
            "119",
            "179",
            "170",
            "208",
            "236",
            "238",
            "209",
            "237",
            "298",
            "328",
            "326",
            "299",
            "266",
            "239",
            "358",
            "532",
            "498",
            "530",
            "590",
            "473",
            "594",
            "531",
            "418",
            "381"
        ],
        "5": [
            "553",
            "552",
            "521",
            "549",
            "489",
            "488",
            "459",
            "579",
            "548",
            "609",
            "578",
            "458",
            "429",
            "639",
            "547",
            "608",
            "610",
            "428",
            "457",
            "638",
            "517",
            "669",
            "611",
            "427",
            "516",
            "456",
            "455",
            "454",
            "425",
            "426",
            "396",
            "395",
            "369",
            "485",
            "368",
            "339",
            "338",
            "484",
            "514",
            "515",
            "365",
            "483",
            "336",
            "337",
            "512",
            "250",
            "134",
            "156",
            "99",
            "123",
            "158",
            "98",
            "70",
            "130",
            "39",
            "68",
            "129"
        ],