{
    "Instance": "Center600_G25",
    "Objective": 189,
    "Infeasibility": 0.0,
    "Starting Time": 1711830328.3072212,
    "Time Taken": 40.75724172592163,
    "Initialization Time": 8.074191093444824,
    "nrInitSolutions": 100,
    "startingLambda": 0.1,
    "nrDistricts": 10,
    "lambdaRange": [
        0.1,
        0.4,
        0.7,
        1
    ],
    "delta": 0.05,
    "llambda": 0.7,
    "rcl_parameter": 0.3,
    "Allocation": {
        "0": [
            "722",
            "692",
            "721",
            "662",
            "752",
            "751",
            "720",
            "691",
            "661",
            "781",
            "750",
            "783",
            "782",
            "811",
            "660",
            "630",
            "780",
            "810",
            "812",
            "841",
            "840",
            "814",
            "870",
            "842",
            "728",
            "871",
            "872",
            "787",
            "813",
            "843",
            "815",
            "844",
            "849",
            "820",
            "850",
            "877",
            "852",
            "880",
            "846",
            "876",
            "845",
            "788",
            "817",
            "875",
            "818",
            "789",
            "874",
            "816",
            "851",
            "510",
            "879",
            "878",
            "786",
            "847",
            "819",
            "873",
            "549",
            "753",
            "516",
            "756",
            "784",
            "364"
        ],
        "1": [
            "25",
            "55",
            "54",
            "84",
            "52",
            "53",
            "23",
            "82",
            "51",
            "81",
            "80",
            "21",
            "111",
            "110",
            "50",
            "141",
            "20",
            "140",
            "142",
            "19",
            "143",
            "139",
            "172",
            "113",
            "138",
            "137",
            "115",
            "204",
            "146",
            "203",
            "175",
            "233",
            "147",
            "262",
            "107",
            "207",
            "18",
            "176",
            "148",
            "263",
            "293",
            "237",
            "267",
            "266",
            "118",
            "208",
            "268",
            "59",
            "236",
            "117",
            "28",
            "88",
            "197",
            "86",
            "209",
            "87",
            "239",
            "198",
            "168",
            "260",
            "290",
            "178",
            "205",
            "58",
            "470",
            "474"
        ],
        "2": [
            "762",
            "763",
            "793",
            "794",
            "796",
            "795",
            "825",
            "857",
            "827",
            "797",
            "856",
            "858",
            "886",
            "860",
            "859",
            "829",
            "830",
            "890",
            "861",
            "862",
            "891",
            "831",
            "892",
            "801",
            "832",
            "771",
            "802",
            "893",
            "772",
            "741",
            "770",
            "711",
            "742",
            "740",
            "739",
            "710",
            "680",
            "681",
            "650",
            "620",
            "623",
            "559",
            "595",
            "622",
            "560",
            "531",
            "625",
            "564",
            "868",
            "653",
            "805",
            "591",
            "682",
            "684",
            "621"
        ],
        "3": [
            "193",
            "162",
            "192",
            "132",
            "133",
            "103",
            "73",
            "43",
            "13",
            "44",
            "45",
            "12",
            "11",
            "41",
            "39",
            "69",
            "9",
            "38",
            "99",
            "68",
            "37",
            "129",
            "98",
            "67",
            "159",
            "7",
            "128",
            "36",
            "66",
            "158",
            "6",
            "157",
            "127",
            "156",
            "155",
            "185",
            "279",
            "280",
            "249",
            "276",
            "248",
            "219",
            "308",
            "247",
            "187",
            "277",
            "281",
            "4",
            "95",
            "123",
            "64",
            "278",
            "250",
            "62",
            "33",
            "63",
            "5",
            "220",
            "189",
            "125"
        ],
        "4": [
            "645",
            "675",
            "676",
            "677",
            "647",
            "648",
            "588",
            "558",
            "561",
            "557",
            "530",
            "556",
            "500",
            "555",
            "562",
            "499",
            "532",
            "563",
            "501",
            "471",
            "498",
            "592",
            "593",
            "502",
            "503",
            "440",
            "441",
            "594",
            "497",
            "472",
            "467",
            "412",
            "413",
            "414",
            "383",
            "437",
            "384",
            "410",
            "442",
            "380",
            "436",
            "350",
            "379",
            "351",
            "320",
            "347",
            "318",
            "352",
            "316",
            "317",
            "319",
            "292",
            "201",
            "232",
            "231",
            "321",
            "291",
            "415",
            "261"
        ],
        "5": [
            "0",
            "1",
            "2",
            "31",
            "61",
            "32",
            "91",
            "60",
            "90",
            "121",
            "120",
            "93",
            "150",
            "151",
            "122",
            "152",
            "65",
            "153",
            "182",
            "183",
            "212",
            "213",
            "211",
            "35",
            "243",
            "214",
            "210",
            "273",
            "240",
            "303",
            "304",
            "270",
            "300",
            "330",
            "331",
            "271",
            "484",
            "542",
            "517",
            "513",
            "544",
            "391",
            "489",
            "486",
            "338",
            "488",
            "512",
            "428",
            "283",
            "459",
            "457",
            "452",
            "546",
            "487",
            "397",
            "254",
            "253",
            "40"
        ],