{
    "Instance": "Center600_G13",
    "Objective": 249,
    "Infeasibility": 0.11326946157169936,
    "Starting Time": 1711830480.9470732,
    "Time Taken": 71.24048042297363,
    "Initialization Time": 8.081673860549927,
    "nrInitSolutions": 100,
    "startingLambda": 0.1,
    "nrDistricts": 10,
    "lambdaRange": [
        0.1,
        0.4,
        0.7,
        1
    ],
    "delta": 0.05,
    "llambda": 0.7,
    "rcl_parameter": 0.3,
    "Allocation": {
        "0": [
            "412",
            "470",
            "413",
            "261",
            "323",
            "443",
            "292",
            "472",
            "414",
            "444",
            "473",
            "293",
            "445",
            "352",
            "446",
            "416",
            "324",
            "384",
            "447",
            "448",
            "386",
            "294",
            "231",
            "295",
            "262",
            "356",
            "415",
            "296",
            "387",
            "383",
            "326",
            "479",
            "171",
            "354",
            "200",
            "477",
            "419",
            "474",
            "418",
            "355",
            "172",
            "449",
            "170",
            "389",
            "476",
            "357",
            "388",
            "206",
            "50",
            "143",
            "505",
            "518",
            "548",
            "459",
            "116",
            "613",
            "519",
            "410"
        ],
        "1": [
            "31",
            "1",
            "0",
            "2",
            "3",
            "4",
            "33",
            "5",
            "6",
            "36",
            "37",
            "7",
            "66",
            "8",
            "67",
            "65",
            "64",
            "68",
            "97",
            "9",
            "95",
            "69",
            "39",
            "10",
            "94",
            "98",
            "99",
            "40",
            "93",
            "11",
            "129",
            "159",
            "128",
            "126",
            "158",
            "100",
            "124",
            "101",
            "157",
            "92",
            "187",
            "185",
            "217",
            "218",
            "62",
            "91",
            "154",
            "90",
            "219",
            "60",
            "430",
            "486",
            "365",
            "428",
            "300",
            "421",
            "210",
            "369",
            "489",
            "243",
            "330",
            "488",
            "520"
        ],
        "2": [
            "672",
            "702",
            "732",
            "733",
            "734",
            "704",
            "764",
            "705",
            "675",
            "794",
            "854",
            "824",
            "853",
            "855",
            "856",
            "852",
            "827",
            "828",
            "826",
            "830",
            "801",
            "831",
            "860",
            "802",
            "890",
            "861",
            "803",
            "891",
            "833",
            "892",
            "798",
            "745",
            "678",
            "748",
            "774",
            "561",
            "688",
            "775",
            "658",
            "717",
            "687",
            "804",
            "681",
            "685",
            "653",
            "626",
            "531",
            "809",
            "805",
            "777",
            "532"
        ],
        "3": [
            "872",
            "810",
            "842",
            "811",
            "813",
            "780",
            "751",
            "814",
            "721",
            "815",
            "784",
            "844",
            "720",
            "845",
            "691",
            "785",
            "753",
            "690",
            "874",
            "875",
            "660",
            "692",
            "756",
            "724",
            "726",
            "601",
            "817",
            "786",
            "787",
            "665",
            "818",
            "757",
            "876",
            "819",
            "695",
            "788",
            "571",
            "572",
            "630",
            "570",
            "789",
            "849",
            "759",
            "573",
            "602",
            "603",
            "600",
            "879",
            "878",
            "847",
            "758",
            "729",
            "272",
            "244",
            "632",
            "541",
            "337",
            "399",
            "279",
            "427",
            "540",
            "584"
        ],
        "4": [
            "16",
            "17",
            "47",
            "77",
            "76",
            "106",
            "136",
            "105",
            "166",
            "135",
            "134",
            "196",
            "133",
            "195",
            "103",
            "194",
            "223",
            "222",
            "224",
            "253",
            "221",
            "283",
            "312",
            "282",
            "342",
            "372",
            "373",
            "374",
            "375",
            "376",
            "346",
            "316",
            "317",
            "287",
            "318",
            "257",
            "227",
            "524",
            "437",
            "407",
            "493",
            "463",
            "436",
            "523",
            "434",
            "404",
            "435",
            "464",
            "408",
            "378",
            "379",
            "522",
            "521",
            "554",
            "380"
        ],
        "5": [
            "897",
            "867",
            "898",
            "868",
            "866",
            "899",
            "838",
            "869",
            "808",
            "865",
            "836",
            "839",
            "835",
            "895",
            "779",
            "807",
            "749",
            "894",
            "893",
            "719",
            "776",
            "747",
            "746",
            "744",
            "715",
            "689",
            "657",
            "628",
            "598",
            "629",
            "627",
            "599",
            "656",
            "569",
            "568",
            "597",
            "596",
            "566",
            "567",
            "536",
            "539",
            "537",
            "509",
            "508",
            "538",
            "863",
            "325",
            "230",
            "201",
            "359",
            "202",
            "411",
            "381",
            "266",
            "268",
            "298",
            "236",
            "320",
            "290",
            "350"
        ],