{
    "Instance": "Center600_G15",
    "Objective": 215,
    "Infeasibility": 0.0,
    "Starting Time": 1711830123.2729664,
    "Time Taken": 82.47064638137817,
    "Initialization Time": 7.98014235496521,
    "nrInitSolutions": 100,
    "startingLambda": 0.1,
    "nrDistricts": 10,
    "lambdaRange": [
        0.1,
        0.4,
        0.7,
        1
    ],
    "delta": 0.05,
    "llambda": 0.7,
    "rcl_parameter": 0.3,
    "Allocation": {
        "0": [
            "685",
            "745",
            "657",
            "776",
            "777",
            "627",
            "651",
            "807",
            "629",
            "622",
            "808",
            "837",
            "621",
            "717",
            "897",
            "899",
            "563",
            "562",
            "866",
            "898",
            "748",
            "718",
            "834",
            "896",
            "779",
            "566",
            "864",
            "836",
            "536",
            "868",
            "893",
            "809",
            "628",
            "569",
            "719",
            "568",
            "749",
            "592",
            "591",
            "894",
            "895",
            "839",
            "351",
            "350",
            "320",
            "468",
            "352",
            "383",
            "828",
            "382",
            "476",
            "653",
            "380",
            "507",
            "477",
            "684",
            "411",
            "774",
            "715",
            "509",
            "561",
            "835",
            "387"
        ],
        "1": [
            "256",
            "257",
            "227",
            "197",
            "167",
            "166",
            "165",
            "195",
            "194",
            "193",
            "133",
            "163",
            "132",
            "102",
            "134",
            "101",
            "100",
            "69",
            "39",
            "8",
            "67",
            "9",
            "160",
            "10",
            "7",
            "11",
            "66",
            "6",
            "5",
            "187",
            "186",
            "65",
            "35",
            "157",
            "12",
            "95",
            "94",
            "127",
            "64",
            "126",
            "216",
            "129",
            "278",
            "32",
            "277",
            "184",
            "248",
            "309",
            "188",
            "339",
            "189",
            "63",
            "62",
            "92"
        ],
        "2": [
            "251",
            "252",
            "253",
            "283",
            "313",
            "312",
            "342",
            "344",
            "346",
            "345",
            "376",
            "347",
            "377",
            "406",
            "348",
            "405",
            "398",
            "424",
            "279",
            "365",
            "249",
            "247",
            "634",
            "582",
            "572",
            "541",
            "521",
            "697",
            "513",
            "552",
            "551",
            "520",
            "517",
            "573",
            "548",
            "459",
            "488",
            "694",
            "693",
            "574",
            "602",
            "331",
            "457",
            "333",
            "546",
            "725",
            "577",
            "486",
            "393",
            "724",
            "667",
            "665",
            "608",
            "639",
            "699",
            "605",
            "604"
        ],
        "3": [
            "654",
            "744",
            "804",
            "652",
            "891",
            "863",
            "775",
            "623",
            "620",
            "650",
            "598",
            "659",
            "535",
            "560",
            "594",
            "532",
            "655",
            "534",
            "625",
            "565",
            "444",
            "388",
            "410",
            "448",
            "321",
            "327",
            "267",
            "689",
            "232",
            "442",
            "441",
            "443",
            "172",
            "656",
            "658",
            "233",
            "806",
            "201",
            "263",
            "292",
            "265",
            "237",
            "446",
            "326",
            "595",
            "290",
            "479",
            "567",
            "501",
            "328",
            "296",
            "239",
            "238",
            "235",
            "356",
            "207",
            "439",
            "206"
        ],
        "4": [
            "16",
            "46",
            "45",
            "78",
            "79",
            "50",
            "80",
            "51",
            "110",
            "21",
            "111",
            "52",
            "141",
            "22",
            "112",
            "23",
            "82",
            "142",
            "53",
            "24",
            "83",
            "25",
            "54",
            "56",
            "27",
            "262",
            "261",
            "260",
            "291",
            "28",
            "319",
            "84",
            "55",
            "58",
            "59",
            "87",
            "29",
            "230",
            "85",
            "118",
            "89",
            "88",
            "498",
            "413",
            "384",
            "438",
            "231",
            "353",
            "440",
            "497",
            "119",
            "414",
            "470",
            "322",
            "323",
            "416",
            "358",
            "26",
            "86",
            "537",
            "171",
            "624"
        ],
        "5": [
            "150",
            "180",
            "151",
            "181",
            "122",
            "121",
            "91",
            "90",
            "241",
            "240",
            "212",
            "60",
            "242",
            "271",
            "31",
            "270",
            "213",
            "300",
            "30",
            "2",
            "272",
            "33",
            "183",
            "330",
            "154",
            "245",
            "0",
            "124",
            "153",
            "185",
            "155",
            "3",
            "156",
            "4",
            "34",
            "125",
            "633",
            "519",
            "549",
            "489",
            "516",
            "511",
            "276",
            "211",
            "544",
            "607",
            "543",
            "337",
            "396",
            "510",
            "246",
            "99",
            "369",
            "98",
            "68",
            "38",
            "635",
            "637",
            "61"
        ],