{
    "Instance": "Center600_G17",
    "Objective": 201,
    "Infeasibility": 0.0,
    "Starting Time": 1711830524.0279958,
    "Time Taken": 37.58710598945618,
    "Initialization Time": 8.00664734840393,
    "nrInitSolutions": 100,
    "startingLambda": 0.1,
    "nrDistricts": 10,
    "lambdaRange": [
        0.1,
        0.4,
        0.7,
        1
    ],
    "delta": 0.05,
    "llambda": 0.7,
    "rcl_parameter": 0.3,
    "Allocation": {
        "0": [
            "237",
            "236",
            "177",
            "178",
            "238",
            "148",
            "205",
            "266",
            "239",
            "179",
            "147",
            "267",
            "235",
            "175",
            "296",
            "149",
            "265",
            "297",
            "269",
            "145",
            "146",
            "117",
            "234",
            "174",
            "326",
            "298",
            "264",
            "203",
            "327",
            "202",
            "172",
            "119",
            "89",
            "115",
            "173",
            "385",
            "114",
            "299",
            "88",
            "328",
            "329",
            "143",
            "58",
            "57",
            "56",
            "357",
            "116",
            "28",
            "54",
            "83",
            "85",
            "52",
            "26",
            "22",
            "144",
            "86",
            "82",
            "53",
            "113",
            "25",
            "29",
            "18",
            "51"
        ],
        "1": [
            "612",
            "642",
            "672",
            "702",
            "762",
            "792",
            "761",
            "793",
            "760",
            "823",
            "759",
            "789",
            "757",
            "758",
            "727",
            "787",
            "756",
            "818",
            "849",
            "786",
            "755",
            "726",
            "848",
            "697",
            "816",
            "879",
            "696",
            "850",
            "846",
            "876",
            "815",
            "694",
            "814",
            "847",
            "875",
            "877",
            "784",
            "844",
            "845",
            "813",
            "874",
            "664",
            "843",
            "878",
            "842",
            "812",
            "783",
            "754",
            "811",
            "724",
            "781",
            "751",
            "725",
            "782",
            "753",
            "870",
            "871",
            "872",
            "752",
            "840",
            "810",
            "720",
            "660",
            "723"
        ],
        "2": [
            "344",
            "343",
            "313",
            "283",
            "222",
            "282",
            "252",
            "192",
            "223",
            "191",
            "161",
            "131",
            "190",
            "189",
            "159",
            "219",
            "218",
            "158",
            "129",
            "249",
            "248",
            "128",
            "99",
            "279",
            "217",
            "278",
            "157",
            "247",
            "98",
            "216",
            "127",
            "246",
            "277",
            "308",
            "187",
            "156",
            "245",
            "338",
            "215",
            "307",
            "155",
            "276",
            "337",
            "368",
            "306",
            "185",
            "244",
            "339",
            "274",
            "305",
            "273",
            "363",
            "272",
            "302",
            "151",
            "4"
        ],
        "3": [
            "556",
            "557",
            "527",
            "587",
            "497",
            "528",
            "467",
            "496",
            "437",
            "495",
            "494",
            "464",
            "493",
            "524",
            "434",
            "492",
            "433",
            "435",
            "432",
            "403",
            "431",
            "401",
            "430",
            "429",
            "400",
            "459",
            "489",
            "458",
            "488",
            "519",
            "518",
            "457",
            "549",
            "579",
            "548",
            "517",
            "456",
            "427",
            "486",
            "426",
            "397",
            "396",
            "367",
            "398",
            "395",
            "394",
            "542",
            "513",
            "547",
            "669",
            "633",
            "571",
            "667",
            "665",
            "425",
            "666",
            "369"
        ],
        "4": [
            "766",
            "825",
            "765",
            "795",
            "827",
            "826",
            "855",
            "828",
            "829",
            "830",
            "860",
            "800",
            "799",
            "831",
            "801",
            "832",
            "890",
            "861",
            "770",
            "802",
            "833",
            "862",
            "891",
            "771",
            "772",
            "892",
            "834",
            "773",
            "742",
            "863",
            "864",
            "804",
            "893",
            "774",
            "894",
            "835",
            "895",
            "865",
            "866",
            "836",
            "867",
            "896",
            "414",
            "593",
            "805",
            "839",
            "440",
            "705",
            "655",
            "680",
            "564",
            "443",
            "778",
            "678"
        ],
        "5": [
            "37",
            "7",
            "6",
            "8",
            "9",
            "5",
            "3",
            "10",
            "39",
            "33",
            "11",
            "34",
            "64",
            "41",
            "63",
            "65",
            "32",
            "94",
            "66",
            "62",
            "93",
            "124",
            "31",
            "92",
            "1",
            "96",
            "154",
            "125",
            "122",
            "30",
            "152",
            "126",
            "91",
            "182",
            "183",
            "181",
            "121",
            "153",
            "120",
            "90",
            "212",
            "150",
            "184",
            "214",
            "213",
            "211",
            "180",
            "242",
            "301",
            "332",
            "331",
            "333",
            "300",
            "330",
            "270",
            "360",
            "240",
            "393",
            "334",
            "362"
        ],