{
    "Instance": "Center600_G8",
    "Objective": 245,
    "Infeasibility": 0.0,
    "Starting Time": 1692560594.1144426,
    "Time Taken": 56.3403856754303,
    "Initialization Time": 8.792617082595825,
    "nrInitSolutions": 100,
    "startingLambda": 0.1,
    "nrDistricts": 10,
    "lambdaRange": [
        0.1,
        0.4,
        0.7,
        1
    ],
    "delta": 0.05,
    "llambda": 0.7,
    "rcl_parameter": 0.3,
    "Allocation": {
        "0": [
            "465",
            "466",
            "495",
            "467",
            "494",
            "468",
            "523",
            "553",
            "462",
            "429",
            "456",
            "548",
            "455",
            "426",
            "578",
            "485",
            "396",
            "516",
            "425",
            "515",
            "549",
            "424",
            "484",
            "454",
            "546",
            "423",
            "545",
            "394",
            "393",
            "483",
            "514",
            "606",
            "607",
            "541",
            "575",
            "637",
            "480",
            "450",
            "391",
            "604",
            "510",
            "511",
            "570",
            "602",
            "481",
            "573",
            "543",
            "665",
            "279",
            "308",
            "662",
            "301",
            "547",
            "695",
            "753",
            "669",
            "670",
            "727",
            "814"
        ],
        "1": [
            "170",
            "143",
            "144",
            "115",
            "173",
            "145",
            "85",
            "174",
            "230",
            "231",
            "261",
            "86",
            "55",
            "291",
            "290",
            "56",
            "146",
            "203",
            "289",
            "175",
            "54",
            "26",
            "204",
            "260",
            "87",
            "232",
            "202",
            "205",
            "201",
            "27",
            "262",
            "320",
            "177",
            "235",
            "206",
            "321",
            "88",
            "237",
            "209",
            "266",
            "179",
            "89",
            "208",
            "226",
            "258",
            "350",
            "57",
            "196",
            "118",
            "58",
            "228",
            "236",
            "238",
            "29",
            "259",
            "239",
            "59",
            "119",
            "20",
            "292",
            "264",
            "359",
            "622",
            "653"
        ],
        "2": [
            "719",
            "809",
            "808",
            "777",
            "807",
            "838",
            "806",
            "836",
            "835",
            "834",
            "866",
            "896",
            "867",
            "895",
            "897",
            "894",
            "864",
            "898",
            "899",
            "869",
            "684",
            "654",
            "655",
            "686",
            "624",
            "715",
            "656",
            "716",
            "625",
            "626",
            "657",
            "627",
            "717",
            "746",
            "658",
            "628",
            "598",
            "659",
            "688",
            "530",
            "561",
            "592",
            "531",
            "536",
            "532",
            "473",
            "563",
            "596",
            "535",
            "502",
            "569",
            "471",
            "442",
            "795",
            "410",
            "855",
            "441",
            "412",
            "749",
            "617",
            "893"
        ],
        "3": [
            "15",
            "13",
            "14",
            "43",
            "103",
            "73",
            "102",
            "101",
            "131",
            "71",
            "161",
            "160",
            "159",
            "99",
            "129",
            "128",
            "69",
            "98",
            "127",
            "157",
            "97",
            "96",
            "67",
            "39",
            "38",
            "187",
            "66",
            "186",
            "37",
            "156",
            "7",
            "8",
            "185",
            "217",
            "65",
            "64",
            "36",
            "35",
            "247",
            "6",
            "218",
            "34",
            "5",
            "246",
            "4",
            "245",
            "397",
            "339",
            "427",
            "309",
            "338",
            "368",
            "367",
            "366",
            "182",
            "451",
            "390",
            "457",
            "517",
            "422"
        ],
        "4": [
            "877",
            "846",
            "876",
            "760",
            "845",
            "786",
            "875",
            "844",
            "843",
            "761",
            "873",
            "698",
            "791",
            "726",
            "755",
            "725",
            "756",
            "699",
            "784",
            "671",
            "813",
            "736",
            "764",
            "769",
            "768",
            "767",
            "737",
            "707",
            "735",
            "705",
            "614",
            "770",
            "734",
            "704",
            "674",
            "644",
            "638",
            "891",
            "711",
            "803",
            "775",
            "801",
            "743",
            "712",
            "740",
            "683",
            "774",
            "804",
            "861",
            "744",
            "652",
            "682",
            "742",
            "802",
            "831",
            "651",
            "681",
            "773"
        ],
        "5": [
            "377",
            "347",
            "317",
            "287",
            "286",
            "318",
            "285",
            "315",
            "314",
            "313",
            "343",
            "283",
            "253",
            "282",
            "252",
            "374",
            "223",
            "372",
            "405",
            "404",
            "193",
            "371",
            "370",
            "337",
            "278",
            "249",
            "277",
            "336",
            "307",
            "248",
            "219",
            "365",
            "335",
            "306",
            "364",
            "276",
            "220",
            "221",
            "453",
            "482",
            "421",
            "452",
            "493",
            "463",
            "360",
            "460",
            "488",
            "518",
            "428",
            "579",
            "459",
            "513",
            "486",
            "461",
            "399",
            "126",
            "542",
            "632"
        ],