{
    "Instance": "Center600_G2",
    "Objective": 297,
    "Infeasibility": 0.0,
    "Starting Time": 1692560541.56114,
    "Time Taken": 61.85881042480469,
    "Initialization Time": 8.753300189971924,
    "nrInitSolutions": 100,
    "startingLambda": 0.1,
    "nrDistricts": 10,
    "lambdaRange": [
        0.1,
        0.4,
        0.7,
        1
    ],
    "delta": 0.05,
    "llambda": 0.7,
    "rcl_parameter": 0.3,
    "Allocation": {
        "0": [
            "210",
            "180",
            "150",
            "181",
            "151",
            "120",
            "90",
            "30",
            "60",
            "61",
            "0",
            "122",
            "1",
            "2",
            "93",
            "63",
            "33",
            "3",
            "64",
            "153",
            "155",
            "154",
            "215",
            "214",
            "275",
            "519",
            "284",
            "223",
            "40",
            "511",
            "451",
            "513",
            "400",
            "512",
            "482",
            "452",
            "542",
            "390",
            "422",
            "692",
            "316",
            "253",
            "758",
            "367",
            "302",
            "42",
            "134",
            "693",
            "750",
            "392",
            "423",
            "363",
            "9",
            "694",
            "724",
            "634",
            "723",
            "640",
            "304"
        ],
        "1": [
            "712",
            "891",
            "805",
            "892",
            "863",
            "835",
            "806",
            "836",
            "865",
            "776",
            "775",
            "895",
            "746",
            "866",
            "716",
            "777",
            "778",
            "864",
            "715",
            "808",
            "686",
            "650",
            "809",
            "687",
            "747",
            "688",
            "653",
            "657",
            "717",
            "689",
            "894",
            "656",
            "654",
            "593",
            "867",
            "594",
            "869",
            "624",
            "623",
            "896",
            "749",
            "684",
            "839",
            "655",
            "899",
            "658",
            "685",
            "807",
            "659",
            "622",
            "898",
            "682",
            "565",
            "595",
            "719",
            "534",
            "202",
            "415",
            "531",
            "893",
            "260",
            "383",
            "146"
        ],
        "2": [
            "527",
            "526",
            "556",
            "497",
            "496",
            "466",
            "436",
            "437",
            "407",
            "378",
            "348",
            "288",
            "258",
            "228",
            "226",
            "230",
            "170",
            "140",
            "231",
            "171",
            "139",
            "261",
            "138",
            "203",
            "320",
            "137",
            "233",
            "350",
            "263",
            "321",
            "234",
            "322",
            "235",
            "236",
            "352",
            "207",
            "177",
            "353",
            "147",
            "296",
            "266",
            "382",
            "412",
            "297",
            "327",
            "384",
            "355",
            "324",
            "294",
            "442",
            "354",
            "295",
            "325",
            "328",
            "414",
            "356",
            "416",
            "443",
            "652",
            "563",
            "533",
            "50",
            "225"
        ],
        "3": [
            "825",
            "795",
            "794",
            "793",
            "792",
            "822",
            "763",
            "733",
            "852",
            "732",
            "703",
            "882",
            "731",
            "704",
            "729",
            "730",
            "705",
            "759",
            "675",
            "728",
            "789",
            "669",
            "698",
            "676",
            "727",
            "697",
            "726",
            "725",
            "757",
            "677",
            "639",
            "756",
            "668",
            "819",
            "818",
            "647",
            "579",
            "641",
            "664",
            "720",
            "609",
            "450",
            "842",
            "129",
            "128",
            "187",
            "244",
            "272",
            "510",
            "160",
            "879",
            "125",
            "856"
        ],
        "4": [
            "59",
            "89",
            "118",
            "119",
            "29",
            "142",
            "148",
            "149",
            "179",
            "209",
            "238",
            "267",
            "208",
            "239",
            "268",
            "237",
            "298",
            "269",
            "200",
            "262",
            "204",
            "206",
            "299",
            "357",
            "198",
            "199",
            "201",
            "290",
            "358",
            "449",
            "419",
            "227",
            "418",
            "389",
            "475",
            "359",
            "318",
            "477",
            "651",
            "713",
            "742",
            "803",
            "831",
            "772",
            "377",
            "564",
            "681",
            "832",
            "862",
            "774",
            "838",
            "474",
            "413",
            "861",
            "711",
            "860",
            "834",
            "743",
            "710",
            "714"
        ],
        "5": [
            "430",
            "431",
            "399",
            "398",
            "369",
            "428",
            "339",
            "396",
            "340",
            "458",
            "309",
            "459",
            "366",
            "308",
            "337",
            "457",
            "395",
            "488",
            "456",
            "489",
            "341",
            "425",
            "307",
            "336",
            "394",
            "520",
            "518",
            "424",
            "342",
            "335",
            "548",
            "372",
            "486",
            "516",
            "455",
            "454",
            "547",
            "546",
            "521",
            "576",
            "575",
            "577",
            "551",
            "517",
            "484",
            "574",
            "544",
            "690",
            "754",
            "699",
            "695",
            "785",
            "541",
            "638",
            "278",
            "66",
            "667",
            "826",
            "841",
            "123",
            "303"
        ],