{
    "Instance": "Corners600_G7",
    "Objective": 182,
    "Infeasibility": 0.0,
    "Starting Time": 1692560218.1197422,
    "Time Taken": 42.40901041030884,
    "Initialization Time": 8.768252611160278,
    "nrInitSolutions": 100,
    "startingLambda": 0.1,
    "nrDistricts": 10,
    "lambdaRange": [
        0.1,
        0.4,
        0.7,
        1
    ],
    "delta": 0.05,
    "llambda": 0.7,
    "rcl_parameter": 0.3,
    "Allocation": {
        "0": [
            "282",
            "312",
            "342",
            "311",
            "372",
            "343",
            "402",
            "344",
            "373",
            "401",
            "374",
            "400",
            "345",
            "431",
            "404",
            "315",
            "434",
            "346",
            "461",
            "285",
            "376",
            "464",
            "316",
            "433",
            "491",
            "286",
            "494",
            "348",
            "406",
            "284",
            "524",
            "407",
            "377",
            "493",
            "317",
            "408",
            "436",
            "437",
            "467",
            "497",
            "523",
            "468",
            "522",
            "379",
            "438",
            "439",
            "289",
            "290",
            "320",
            "469",
            "498",
            "440",
            "470",
            "260",
            "291",
            "501",
            "441",
            "500",
            "230",
            "532",
            "226",
            "171"
        ],
        "1": [
            "186",
            "216",
            "217",
            "248",
            "278",
            "279",
            "309",
            "308",
            "280",
            "368",
            "306",
            "369",
            "336",
            "305",
            "428",
            "366",
            "458",
            "275",
            "304",
            "429",
            "427",
            "396",
            "303",
            "334",
            "487",
            "486",
            "488",
            "517",
            "395",
            "394",
            "302",
            "489",
            "363",
            "362",
            "519",
            "547",
            "424",
            "364",
            "548",
            "577",
            "454",
            "576",
            "455",
            "607",
            "484",
            "331",
            "483",
            "514",
            "390",
            "330",
            "513",
            "480",
            "421",
            "452",
            "420",
            "481",
            "482",
            "422",
            "664"
        ],
        "2": [
            "895",
            "865",
            "897",
            "896",
            "836",
            "835",
            "866",
            "806",
            "805",
            "776",
            "834",
            "898",
            "746",
            "777",
            "833",
            "868",
            "747",
            "778",
            "863",
            "832",
            "748",
            "869",
            "717",
            "838",
            "779",
            "803",
            "808",
            "831",
            "893",
            "749",
            "809",
            "719",
            "801",
            "687",
            "830",
            "860",
            "859",
            "839",
            "718",
            "656",
            "626",
            "858",
            "657",
            "714",
            "658",
            "625",
            "595",
            "594",
            "628",
            "598",
            "659",
            "629",
            "564",
            "534",
            "533",
            "503",
            "562",
            "502",
            "768",
            "736",
            "766",
            "735",
            "531"
        ],
        "3": [
            "870",
            "841",
            "840",
            "810",
            "780",
            "750",
            "751",
            "752",
            "721",
            "722",
            "690",
            "691",
            "753",
            "754",
            "723",
            "660",
            "784",
            "724",
            "694",
            "814",
            "725",
            "813",
            "844",
            "695",
            "726",
            "812",
            "874",
            "665",
            "873",
            "635",
            "875",
            "876",
            "727",
            "663",
            "605",
            "845",
            "634",
            "872",
            "662",
            "633",
            "697",
            "847",
            "667",
            "632",
            "606",
            "637",
            "574",
            "544",
            "639",
            "570",
            "669",
            "571",
            "540",
            "601",
            "572",
            "541",
            "600",
            "573",
            "457"
        ],
        "4": [
            "29",
            "27",
            "28",
            "58",
            "88",
            "57",
            "118",
            "56",
            "87",
            "117",
            "119",
            "55",
            "86",
            "85",
            "149",
            "147",
            "116",
            "25",
            "177",
            "54",
            "179",
            "115",
            "145",
            "114",
            "178",
            "144",
            "208",
            "175",
            "143",
            "113",
            "112",
            "142",
            "111",
            "81",
            "110",
            "109",
            "80",
            "108",
            "79",
            "50",
            "78",
            "20",
            "138",
            "51",
            "19",
            "107",
            "21",
            "22",
            "172",
            "200",
            "18",
            "137",
            "106",
            "77",
            "47",
            "46",
            "17",
            "135",
            "259",
            "204"
        ],
        "5": [
            "10",
            "41",
            "40",
            "39",
            "69",
            "42",
            "99",
            "72",
            "43",
            "12",
            "73",
            "13",
            "98",
            "129",
            "44",
            "100",
            "102",
            "74",
            "97",
            "130",
            "132",
            "14",
            "75",
            "104",
            "159",
            "127",
            "162",
            "131",
            "160",
            "158",
            "189",
            "190",
            "220",
            "36",
            "163",
            "191",
            "35",
            "193",
            "221",
            "223",
            "194",
            "164",
            "224",
            "251",
            "253",
            "225",
            "222",
            "227",
            "257",
            "219",
            "197",
            "258",
            "228",
            "198",
            "166",
            "229",
            "167",
            "136",
            "7",
            "199",
            "196"
        ],