{
    "Instance": "Corners600_G27",
    "Objective": 233,
    "Infeasibility": 0.0,
    "Starting Time": 1711830369.068965,
    "Time Taken": 38.202404260635376,
    "Initialization Time": 7.8618364334106445,
    "nrInitSolutions": 100,
    "startingLambda": 0.1,
    "nrDistricts": 10,
    "lambdaRange": [
        0.1,
        0.4,
        0.7,
        1
    ],
    "delta": 0.05,
    "llambda": 0.7,
    "rcl_parameter": 0.3,
    "Allocation": {
        "0": [
            "217",
            "218",
            "187",
            "248",
            "188",
            "219",
            "157",
            "278",
            "249",
            "250",
            "127",
            "308",
            "338",
            "339",
            "309",
            "337",
            "310",
            "369",
            "367",
            "336",
            "399",
            "340",
            "397",
            "370",
            "306",
            "400",
            "335",
            "427",
            "428",
            "371",
            "276",
            "458",
            "334",
            "365",
            "364",
            "430",
            "363",
            "275",
            "394",
            "393",
            "362",
            "460",
            "459",
            "332",
            "245",
            "244",
            "491",
            "243",
            "462",
            "215",
            "274",
            "432",
            "403",
            "214",
            "273",
            "303",
            "464",
            "554",
            "494"
        ],
        "1": [
            "328",
            "298",
            "268",
            "238",
            "267",
            "269",
            "208",
            "239",
            "266",
            "207",
            "209",
            "178",
            "177",
            "147",
            "179",
            "176",
            "296",
            "149",
            "236",
            "175",
            "235",
            "205",
            "234",
            "145",
            "204",
            "115",
            "144",
            "203",
            "114",
            "85",
            "233",
            "116",
            "143",
            "232",
            "86",
            "202",
            "84",
            "172",
            "113",
            "54",
            "87",
            "88",
            "112",
            "53",
            "82",
            "52",
            "58",
            "22",
            "118",
            "51",
            "111",
            "21",
            "28",
            "50",
            "49",
            "27",
            "26",
            "25",
            "138",
            "169",
            "164"
        ],
        "2": [
            "785",
            "784",
            "783",
            "813",
            "782",
            "753",
            "843",
            "873",
            "875",
            "874",
            "876",
            "846",
            "847",
            "817",
            "818",
            "816",
            "788",
            "789",
            "787",
            "759",
            "790",
            "760",
            "791",
            "821",
            "851",
            "822",
            "850",
            "823",
            "880",
            "849",
            "793",
            "853",
            "794",
            "879",
            "763",
            "878",
            "733",
            "764",
            "795",
            "825",
            "762",
            "796",
            "826",
            "732",
            "855",
            "735",
            "702",
            "856",
            "736",
            "885",
            "886",
            "857",
            "884",
            "706",
            "887",
            "858",
            "707",
            "888"
        ],
        "3": [
            "871",
            "811",
            "841",
            "870",
            "810",
            "840",
            "780",
            "751",
            "721",
            "750",
            "691",
            "722",
            "661",
            "660",
            "631",
            "662",
            "601",
            "632",
            "630",
            "602",
            "571",
            "600",
            "603",
            "633",
            "570",
            "634",
            "540",
            "635",
            "664",
            "480",
            "605",
            "606",
            "450",
            "481",
            "452",
            "421",
            "636",
            "482",
            "607",
            "420",
            "483",
            "544",
            "666",
            "696",
            "695",
            "725",
            "391",
            "694",
            "726",
            "693",
            "637",
            "727",
            "756",
            "724",
            "728",
            "698",
            "668",
            "512",
            "550",
            "546",
            "510"
        ],
        "4": [
            "869",
            "838",
            "839",
            "837",
            "777",
            "807",
            "776",
            "746",
            "744",
            "715",
            "774",
            "714",
            "804",
            "713",
            "742",
            "805",
            "803",
            "834",
            "711",
            "833",
            "864",
            "894",
            "895",
            "893",
            "892",
            "651",
            "896",
            "897",
            "832",
            "650",
            "680",
            "710",
            "598",
            "865",
            "891",
            "861",
            "628",
            "599",
            "898",
            "567",
            "890",
            "889",
            "860",
            "769",
            "768",
            "629",
            "798",
            "829",
            "678",
            "687",
            "770",
            "686",
            "689",
            "800",
            "627",
            "779",
            "801",
            "647",
            "658",
            "719",
            "771",
            "749",
            "799",
            "682",
            "551"
        ],
        "5": [
            "447",
            "417",
            "416",
            "386",
            "356",
            "385",
            "355",
            "354",
            "357",
            "325",
            "324",
            "353",
            "294",
            "293",
            "323",
            "292",
            "291",
            "261",
            "290",
            "260",
            "289",
            "320",
            "350",
            "288",
            "287",
            "380",
            "351",
            "258",
            "379",
            "317",
            "378",
            "377",
            "348",
            "407",
            "316",
            "409",
            "437",
            "467",
            "376",
            "346",
            "468",
            "498",
            "499",
            "500",
            "345",
            "528",
            "466",
            "558",
            "527",
            "496",
            "588",
            "526",
            "589",
            "590",
            "595",
            "625",
            "461",
            "524",
            "552",
            "553",
            "596",
            "473"
        ],