{
    "Instance": "Corners600_G20",
    "Objective": 213,
    "Infeasibility": 0.013705654316539114,
    "Starting Time": 1711830030.6006813,
    "Time Taken": 45.323814868927,
    "Initialization Time": 7.984888792037964,
    "nrInitSolutions": 100,
    "startingLambda": 0.1,
    "nrDistricts": 10,
    "lambdaRange": [
        0.1,
        0.4,
        0.7,
        1
    ],
    "delta": 0.05,
    "llambda": 0.7,
    "rcl_parameter": 0.3,
    "Allocation": {
        "0": [
            "240",
            "211",
            "270",
            "212",
            "210",
            "331",
            "300",
            "330",
            "361",
            "333",
            "363",
            "393",
            "421",
            "420",
            "395",
            "422",
            "452",
            "392",
            "451",
            "482",
            "390",
            "512",
            "453",
            "481",
            "480",
            "510",
            "663",
            "633",
            "632",
            "601",
            "574",
            "544",
            "541",
            "634",
            "571",
            "513",
            "600",
            "573",
            "630",
            "602",
            "570",
            "543",
            "572",
            "603",
            "433",
            "434",
            "404",
            "374",
            "435",
            "313",
            "343",
            "577",
            "522",
            "301",
            "271",
            "302",
            "519",
            "552",
            "375",
            "344",
            "548",
            "514",
            "605"
        ],
        "1": [
            "872",
            "842",
            "812",
            "841",
            "813",
            "840",
            "811",
            "810",
            "781",
            "751",
            "722",
            "721",
            "691",
            "720",
            "723",
            "690",
            "753",
            "724",
            "694",
            "754",
            "755",
            "785",
            "786",
            "816",
            "788",
            "787",
            "757",
            "846",
            "817",
            "818",
            "876",
            "847",
            "789",
            "790",
            "791",
            "877",
            "848",
            "875",
            "819",
            "874",
            "728",
            "698",
            "821",
            "699",
            "844",
            "792",
            "700",
            "822",
            "851",
            "701",
            "823",
            "793",
            "667",
            "852",
            "881",
            "880",
            "666",
            "882",
            "726",
            "696",
            "879"
        ],
        "2": [
            "655",
            "686",
            "656",
            "687",
            "689",
            "688",
            "718",
            "659",
            "748",
            "629",
            "749",
            "628",
            "627",
            "596",
            "566",
            "565",
            "535",
            "537",
            "624",
            "593",
            "505",
            "534",
            "563",
            "538",
            "507",
            "592",
            "504",
            "591",
            "508",
            "568",
            "474",
            "473",
            "477",
            "475",
            "621",
            "476",
            "446",
            "416",
            "569",
            "539",
            "445",
            "561",
            "417",
            "503",
            "447",
            "532",
            "509",
            "448",
            "449",
            "479",
            "739",
            "560",
            "614",
            "833",
            "646",
            "619",
            "618",
            "295",
            "536"
        ],
        "3": [
            "149",
            "118",
            "148",
            "119",
            "88",
            "117",
            "89",
            "87",
            "59",
            "58",
            "57",
            "27",
            "56",
            "54",
            "55",
            "84",
            "53",
            "114",
            "144",
            "115",
            "174",
            "145",
            "146",
            "175",
            "204",
            "203",
            "173",
            "205",
            "172",
            "202",
            "233",
            "142",
            "201",
            "232",
            "262",
            "261",
            "260",
            "259",
            "230",
            "258",
            "229",
            "293",
            "228",
            "288",
            "227",
            "198",
            "287",
            "285",
            "255",
            "140",
            "196",
            "137",
            "168",
            "286",
            "166",
            "109",
            "78",
            "319",
            "108",
            "107",
            "195"
        ],
        "4": [
            "854",
            "885",
            "884",
            "886",
            "887",
            "888",
            "858",
            "859",
            "860",
            "890",
            "830",
            "861",
            "831",
            "862",
            "832",
            "801",
            "863",
            "834",
            "773",
            "835",
            "803",
            "893",
            "804",
            "836",
            "772",
            "774",
            "865",
            "866",
            "837",
            "742",
            "867",
            "712",
            "807",
            "711",
            "868",
            "777",
            "898",
            "681",
            "776",
            "899",
            "896",
            "741",
            "746",
            "682",
            "740",
            "869",
            "839",
            "683",
            "770",
            "684",
            "809",
            "745",
            "715",
            "558",
            "617",
            "588",
            "594"
        ],
        "5": [
            "526",
            "524",
            "525",
            "555",
            "584",
            "554",
            "615",
            "613",
            "643",
            "616",
            "645",
            "675",
            "673",
            "586",
            "672",
            "703",
            "705",
            "733",
            "674",
            "704",
            "649",
            "679",
            "706",
            "763",
            "678",
            "559",
            "677",
            "736",
            "762",
            "650",
            "761",
            "709",
            "530",
            "651",
            "529",
            "680",
            "766",
            "499",
            "469",
            "731",
            "470",
            "737",
            "738",
            "708",
            "498",
            "730",
            "768",
            "796",
            "798",
            "799",
            "795",
            "827",
            "825",
            "826",
            "797",
            "668",
            "758",
            "637",
            "784",
            "815"
        ],