{
    "Instance": "Corners600_G26",
    "Objective": 230,
    "Infeasibility": 0.0,
    "Starting Time": 1711830016.710002,
    "Time Taken": 57.66281771659851,
    "Initialization Time": 7.782562971115112,
    "nrInitSolutions": 100,
    "startingLambda": 0.1,
    "nrDistricts": 10,
    "lambdaRange": [
        0.1,
        0.4,
        0.7,
        1
    ],
    "delta": 0.05,
    "llambda": 0.7,
    "rcl_parameter": 0.3,
    "Allocation": {
        "0": [
            "831",
            "861",
            "832",
            "801",
            "862",
            "891",
            "863",
            "833",
            "892",
            "772",
            "803",
            "893",
            "834",
            "712",
            "835",
            "836",
            "894",
            "805",
            "895",
            "775",
            "866",
            "896",
            "776",
            "867",
            "897",
            "898",
            "868",
            "717",
            "747",
            "899",
            "869",
            "839",
            "718",
            "626",
            "687",
            "657",
            "658",
            "748",
            "778",
            "719",
            "628",
            "659",
            "749",
            "779",
            "629",
            "538",
            "807",
            "568",
            "597",
            "598",
            "507",
            "808",
            "689",
            "569",
            "537",
            "509",
            "599",
            "508",
            "473",
            "533",
            "448",
            "447",
            "418",
            "478"
        ],
        "1": [
            "4",
            "3",
            "33",
            "2",
            "31",
            "1",
            "61",
            "30",
            "62",
            "91",
            "121",
            "92",
            "93",
            "123",
            "153",
            "183",
            "154",
            "155",
            "184",
            "213",
            "156",
            "185",
            "125",
            "212",
            "243",
            "242",
            "214",
            "157",
            "127",
            "215",
            "211",
            "273",
            "245",
            "274",
            "275",
            "97",
            "67",
            "66",
            "37",
            "96",
            "216",
            "210",
            "240",
            "270",
            "181",
            "180",
            "217",
            "305",
            "276",
            "271",
            "300",
            "65",
            "277",
            "35",
            "74",
            "69",
            "189",
            "253",
            "45"
        ],
        "2": [
            "112",
            "113",
            "143",
            "114",
            "85",
            "115",
            "55",
            "25",
            "56",
            "26",
            "87",
            "117",
            "57",
            "147",
            "118",
            "119",
            "177",
            "146",
            "149",
            "176",
            "89",
            "175",
            "59",
            "205",
            "204",
            "235",
            "29",
            "265",
            "203",
            "236",
            "28",
            "295",
            "266",
            "237",
            "325",
            "267",
            "268",
            "238",
            "326",
            "355",
            "324",
            "297",
            "239",
            "356",
            "269",
            "354",
            "323",
            "208",
            "386",
            "209",
            "385",
            "299",
            "357",
            "387",
            "329",
            "359",
            "417",
            "358",
            "388",
            "389",
            "539"
        ],
        "3": [
            "870",
            "840",
            "871",
            "872",
            "810",
            "841",
            "873",
            "780",
            "811",
            "812",
            "750",
            "843",
            "874",
            "722",
            "782",
            "752",
            "751",
            "720",
            "875",
            "844",
            "721",
            "690",
            "723",
            "754",
            "814",
            "845",
            "724",
            "755",
            "694",
            "815",
            "756",
            "785",
            "816",
            "757",
            "665",
            "784",
            "786",
            "728",
            "817",
            "696",
            "667",
            "668",
            "726",
            "664",
            "666",
            "634",
            "638",
            "787",
            "788",
            "847",
            "789",
            "819",
            "877",
            "820",
            "878",
            "663",
            "338",
            "429"
        ],
        "4": [
            "53",
            "51",
            "52",
            "21",
            "81",
            "80",
            "20",
            "79",
            "19",
            "18",
            "109",
            "49",
            "108",
            "138",
            "140",
            "200",
            "167",
            "230",
            "228",
            "201",
            "166",
            "227",
            "165",
            "171",
            "172",
            "256",
            "225",
            "255",
            "286",
            "164",
            "134",
            "287",
            "194",
            "284",
            "314",
            "289",
            "316",
            "524",
            "400",
            "555",
            "370",
            "430",
            "399",
            "460",
            "554",
            "428",
            "431",
            "459",
            "403",
            "139",
            "168",
            "199",
            "224",
            "489",
            "587",
            "433",
            "552"
        ],
        "5": [
            "632",
            "601",
            "631",
            "571",
            "600",
            "570",
            "572",
            "573",
            "511",
            "510",
            "481",
            "482",
            "480",
            "453",
            "484",
            "485",
            "515",
            "486",
            "423",
            "545",
            "455",
            "393",
            "422",
            "363",
            "487",
            "546",
            "425",
            "333",
            "457",
            "334",
            "575",
            "547",
            "426",
            "577",
            "427",
            "458",
            "392",
            "391",
            "576",
            "332",
            "331",
            "390",
            "397",
            "302",
            "606",
            "364",
            "365",
            "366",
            "461",
            "368",
            "339",
            "360",
            "308",
            "369",
            "367",
            "336",
            "548",
            "697",
            "695",
            "609",
            "727"
        ],