{
    "Instance": "Corners600_G14",
    "Objective": 222,
    "Infeasibility": 0.21797969256048932,
    "Starting Time": 1711830663.4568186,
    "Time Taken": 70.10521650314331,
    "Initialization Time": 8.005787134170532,
    "nrInitSolutions": 100,
    "startingLambda": 0.1,
    "nrDistricts": 10,
    "lambdaRange": [
        0.1,
        0.4,
        0.7,
        1
    ],
    "delta": 0.05,
    "llambda": 0.7,
    "rcl_parameter": 0.3,
    "Allocation": {
        "0": [
            "531",
            "498",
            "561",
            "528",
            "533",
            "562",
            "558",
            "502",
            "503",
            "588",
            "466",
            "504",
            "525",
            "589",
            "465",
            "474",
            "505",
            "536",
            "524",
            "435",
            "494",
            "476",
            "566",
            "464",
            "523",
            "585",
            "522",
            "552",
            "553",
            "590",
            "475",
            "491",
            "462",
            "620",
            "554",
            "651",
            "650",
            "436",
            "493",
            "437",
            "406",
            "622",
            "520",
            "490",
            "432",
            "407",
            "521",
            "433",
            "259",
            "228",
            "286",
            "319",
            "653",
            "294",
            "594",
            "357",
            "258",
            "735",
            "656",
            "583"
        ],
        "1": [
            "210",
            "150",
            "180",
            "181",
            "183",
            "182",
            "184",
            "154",
            "214",
            "185",
            "155",
            "156",
            "125",
            "95",
            "94",
            "65",
            "64",
            "35",
            "93",
            "63",
            "66",
            "34",
            "5",
            "92",
            "33",
            "67",
            "123",
            "6",
            "91",
            "122",
            "97",
            "90",
            "7",
            "61",
            "60",
            "127",
            "8",
            "31",
            "38",
            "9",
            "39",
            "10",
            "11",
            "12",
            "41",
            "71",
            "72",
            "102",
            "73",
            "13",
            "74",
            "14",
            "75",
            "15",
            "133",
            "70",
            "187",
            "248"
        ],
        "2": [
            "541",
            "570",
            "571",
            "600",
            "630",
            "660",
            "631",
            "661",
            "663",
            "662",
            "693",
            "692",
            "723",
            "724",
            "754",
            "784",
            "755",
            "814",
            "785",
            "813",
            "844",
            "786",
            "812",
            "845",
            "874",
            "846",
            "782",
            "873",
            "781",
            "876",
            "847",
            "872",
            "877",
            "780",
            "871",
            "810",
            "750",
            "870",
            "878",
            "840",
            "879",
            "880",
            "881",
            "851",
            "852",
            "791",
            "821",
            "820",
            "790",
            "818",
            "819",
            "792",
            "788",
            "762",
            "731",
            "761"
        ],
        "3": [
            "510",
            "450",
            "481",
            "480",
            "451",
            "421",
            "422",
            "392",
            "393",
            "362",
            "332",
            "363",
            "302",
            "331",
            "364",
            "333",
            "272",
            "303",
            "301",
            "330",
            "365",
            "304",
            "271",
            "242",
            "360",
            "274",
            "335",
            "270",
            "241",
            "305",
            "306",
            "336",
            "390",
            "425",
            "307",
            "426",
            "456",
            "454",
            "514",
            "427",
            "457",
            "455",
            "458",
            "485",
            "397",
            "513",
            "543",
            "483",
            "398",
            "367",
            "512",
            "368",
            "489",
            "339",
            "309",
            "492",
            "371",
            "429",
            "496",
            "497"
        ],
        "4": [
            "112",
            "111",
            "81",
            "80",
            "51",
            "79",
            "52",
            "50",
            "21",
            "22",
            "78",
            "49",
            "53",
            "48",
            "108",
            "19",
            "77",
            "18",
            "138",
            "107",
            "139",
            "76",
            "168",
            "140",
            "83",
            "84",
            "105",
            "114",
            "170",
            "197",
            "230",
            "229",
            "145",
            "143",
            "199",
            "45",
            "173",
            "201",
            "166",
            "44",
            "115",
            "172",
            "16",
            "202",
            "116",
            "86",
            "226",
            "56",
            "26",
            "28",
            "89",
            "88",
            "232",
            "87",
            "25",
            "55",
            "27",
            "148",
            "24",
            "119",
            "58"
        ],
        "5": [
            "897",
            "899",
            "898",
            "869",
            "839",
            "809",
            "779",
            "808",
            "749",
            "807",
            "719",
            "777",
            "836",
            "835",
            "804",
            "866",
            "774",
            "834",
            "833",
            "803",
            "744",
            "864",
            "832",
            "714",
            "863",
            "894",
            "862",
            "893",
            "831",
            "715",
            "716",
            "717",
            "892",
            "746",
            "687",
            "861",
            "801",
            "772",
            "685",
            "657",
            "742",
            "688",
            "712",
            "595",
            "597",
            "629",
            "598",
            "568",
            "599",
            "593",
            "654",
            "564",
            "539",
            "683",
            "623",
            "538",
            "444",
            "506",
            "473",
            "535",
            "770",
            "766",
            "828",
            "621",
            "555",
            "613"
        ],