{
    "Instance": "Corners600_G12",
    "Objective": 195,
    "Infeasibility": 0.0,
    "Starting Time": 1711830448.1620271,
    "Time Taken": 38.18279695510864,
    "Initialization Time": 7.898027658462524,
    "nrInitSolutions": 100,
    "startingLambda": 0.1,
    "nrDistricts": 10,
    "lambdaRange": [
        0.1,
        0.4,
        0.7,
        1
    ],
    "delta": 0.05,
    "llambda": 0.7,
    "rcl_parameter": 0.3,
    "Allocation": {
        "0": [
            "40",
            "70",
            "41",
            "69",
            "11",
            "39",
            "42",
            "68",
            "99",
            "43",
            "98",
            "72",
            "44",
            "13",
            "45",
            "160",
            "15",
            "75",
            "190",
            "47",
            "191",
            "192",
            "221",
            "106",
            "107",
            "162",
            "132",
            "135",
            "134",
            "133",
            "165",
            "103",
            "167",
            "131",
            "164",
            "196",
            "195",
            "252",
            "108",
            "48",
            "253",
            "109",
            "282",
            "138",
            "341",
            "312",
            "255",
            "311",
            "249",
            "310",
            "372",
            "283",
            "224",
            "254",
            "342",
            "50",
            "337",
            "228",
            "19",
            "197",
            "219"
        ],
        "1": [
            "471",
            "472",
            "503",
            "473",
            "504",
            "533",
            "534",
            "532",
            "505",
            "563",
            "475",
            "535",
            "565",
            "476",
            "593",
            "623",
            "595",
            "566",
            "594",
            "624",
            "596",
            "625",
            "597",
            "626",
            "627",
            "656",
            "598",
            "628",
            "686",
            "658",
            "568",
            "538",
            "687",
            "569",
            "508",
            "478",
            "599",
            "809",
            "837",
            "898",
            "866",
            "839",
            "869",
            "868",
            "867",
            "807",
            "836",
            "835",
            "865",
            "863",
            "864",
            "805",
            "777",
            "834",
            "774",
            "717",
            "747",
            "804",
            "718",
            "833"
        ],
        "2": [
            "870",
            "871",
            "840",
            "841",
            "872",
            "842",
            "843",
            "813",
            "783",
            "782",
            "781",
            "752",
            "751",
            "780",
            "722",
            "750",
            "723",
            "721",
            "692",
            "720",
            "691",
            "661",
            "663",
            "662",
            "724",
            "690",
            "660",
            "694",
            "631",
            "630",
            "632",
            "634",
            "695",
            "696",
            "602",
            "600",
            "665",
            "570",
            "571",
            "540",
            "819",
            "785",
            "756",
            "846",
            "513",
            "668",
            "667",
            "546",
            "760",
            "547",
            "574",
            "426",
            "610",
            "452",
            "641"
        ],
        "3": [
            "618",
            "588",
            "620",
            "558",
            "559",
            "590",
            "528",
            "529",
            "591",
            "499",
            "530",
            "498",
            "679",
            "500",
            "527",
            "469",
            "709",
            "682",
            "526",
            "525",
            "556",
            "712",
            "683",
            "586",
            "524",
            "739",
            "741",
            "495",
            "496",
            "523",
            "554",
            "768",
            "466",
            "767",
            "707",
            "553",
            "465",
            "522",
            "520",
            "490",
            "551",
            "706",
            "521",
            "766",
            "705",
            "489",
            "491",
            "676",
            "758",
            "733",
            "408",
            "380",
            "379",
            "437",
            "349",
            "348",
            "409",
            "467",
            "438",
            "545"
        ],
        "4": [
            "8",
            "7",
            "6",
            "36",
            "5",
            "66",
            "4",
            "96",
            "34",
            "64",
            "94",
            "95",
            "125",
            "93",
            "124",
            "155",
            "156",
            "92",
            "62",
            "122",
            "152",
            "32",
            "31",
            "121",
            "61",
            "151",
            "2",
            "60",
            "30",
            "181",
            "90",
            "180",
            "211",
            "241",
            "212",
            "213",
            "240",
            "271",
            "183",
            "270",
            "214",
            "300",
            "244",
            "275",
            "246",
            "276",
            "216",
            "247",
            "277",
            "217",
            "331",
            "391",
            "392",
            "301",
            "421",
            "361",
            "451"
        ],
        "5": [
            "169",
            "170",
            "141",
            "171",
            "142",
            "143",
            "112",
            "173",
            "175",
            "174",
            "145",
            "176",
            "146",
            "177",
            "206",
            "236",
            "147",
            "115",
            "207",
            "235",
            "85",
            "148",
            "266",
            "237",
            "84",
            "118",
            "234",
            "267",
            "83",
            "264",
            "238",
            "239",
            "297",
            "269",
            "327",
            "119",
            "328",
            "357",
            "89",
            "53",
            "23",
            "52",
            "24",
            "51",
            "209",
            "387",
            "356",
            "59",
            "25",
            "179",
            "21",
            "81",
            "299",
            "386",
            "26",
            "58",
            "28",
            "418",
            "27",
            "87",
            "419",
            "20",
            "49",
            "57",
            "449",
            "350"
        ],