{
    "Instance": "Corners600_G21",
    "Objective": 201,
    "Infeasibility": 0.0,
    "Starting Time": 1711830074.3777733,
    "Time Taken": 84.017169713974,
    "Initialization Time": 7.896650314331055,
    "nrInitSolutions": 100,
    "startingLambda": 0.1,
    "nrDistricts": 10,
    "lambdaRange": [
        0.1,
        0.4,
        0.7,
        1
    ],
    "delta": 0.05,
    "llambda": 0.7,
    "rcl_parameter": 0.3,
    "Allocation": {
        "0": [
            "606",
            "636",
            "635",
            "634",
            "664",
            "663",
            "514",
            "694",
            "693",
            "662",
            "695",
            "609",
            "638",
            "724",
            "723",
            "725",
            "632",
            "610",
            "639",
            "668",
            "602",
            "669",
            "670",
            "611",
            "671",
            "641",
            "701",
            "672",
            "603",
            "572",
            "601",
            "571",
            "600",
            "573",
            "630",
            "570",
            "660",
            "540",
            "690",
            "691",
            "720",
            "816",
            "818",
            "729",
            "790",
            "815",
            "757",
            "845",
            "784",
            "760",
            "787",
            "819",
            "817",
            "789",
            "785",
            "697",
            "698",
            "820",
            "761"
        ],
        "1": [
            "24",
            "54",
            "25",
            "84",
            "26",
            "55",
            "85",
            "27",
            "86",
            "116",
            "87",
            "57",
            "88",
            "58",
            "118",
            "119",
            "178",
            "148",
            "149",
            "177",
            "179",
            "176",
            "209",
            "206",
            "205",
            "236",
            "235",
            "204",
            "237",
            "266",
            "234",
            "296",
            "238",
            "233",
            "264",
            "263",
            "323",
            "299",
            "355",
            "269",
            "329",
            "445",
            "294",
            "381",
            "386",
            "358",
            "412",
            "444",
            "414",
            "388",
            "413",
            "382",
            "384",
            "385",
            "354",
            "328",
            "389",
            "353",
            "387",
            "443",
            "268"
        ],
        "2": [
            "834",
            "865",
            "864",
            "895",
            "896",
            "866",
            "897",
            "806",
            "836",
            "898",
            "837",
            "899",
            "805",
            "838",
            "807",
            "808",
            "839",
            "777",
            "809",
            "869",
            "779",
            "747",
            "746",
            "748",
            "718",
            "749",
            "745",
            "688",
            "715",
            "716",
            "744",
            "714",
            "656",
            "743",
            "626",
            "657",
            "687",
            "627",
            "628",
            "713",
            "597",
            "629",
            "567",
            "625",
            "801",
            "598",
            "802",
            "772",
            "568",
            "800",
            "803",
            "890",
            "892",
            "831",
            "891",
            "830",
            "893",
            "889",
            "860",
            "659",
            "861",
            "599"
        ],
        "3": [
            "227",
            "228",
            "198",
            "168",
            "170",
            "169",
            "139",
            "171",
            "109",
            "172",
            "141",
            "201",
            "110",
            "108",
            "173",
            "202",
            "79",
            "142",
            "111",
            "107",
            "49",
            "78",
            "112",
            "81",
            "137",
            "77",
            "47",
            "82",
            "113",
            "105",
            "135",
            "17",
            "104",
            "18",
            "52",
            "16",
            "46",
            "73",
            "22",
            "43",
            "134",
            "44",
            "14",
            "93",
            "92",
            "32",
            "94",
            "64",
            "33",
            "97",
            "128",
            "158",
            "192",
            "7",
            "246",
            "133",
            "247",
            "103",
            "217"
        ],
        "4": [
            "300",
            "330",
            "331",
            "332",
            "302",
            "272",
            "271",
            "242",
            "212",
            "241",
            "240",
            "243",
            "210",
            "274",
            "244",
            "275",
            "215",
            "184",
            "277",
            "307",
            "218",
            "187",
            "188",
            "308",
            "279",
            "306",
            "186",
            "159",
            "160",
            "282",
            "392",
            "334",
            "363",
            "391",
            "369",
            "430",
            "431",
            "422",
            "310",
            "487",
            "309",
            "364",
            "338",
            "63",
            "374",
            "344",
            "372",
            "426",
            "428",
            "459",
            "429",
            "401",
            "399",
            "102",
            "345",
            "432",
            "400"
        ],
        "5": [
            "506",
            "507",
            "508",
            "477",
            "448",
            "449",
            "478",
            "419",
            "417",
            "357",
            "415",
            "383",
            "475",
            "324",
            "446",
            "504",
            "411",
            "351",
            "410",
            "380",
            "472",
            "502",
            "350",
            "503",
            "379",
            "441",
            "501",
            "321",
            "409",
            "320",
            "291",
            "500",
            "378",
            "470",
            "292",
            "288",
            "439",
            "377",
            "290",
            "531",
            "261",
            "319",
            "289",
            "562",
            "563",
            "467",
            "437",
            "620",
            "564",
            "622",
            "593",
            "650",
            "592",
            "560",
            "468",
            "588",
            "498",
            "438",
            "530",
            "589",
            "559",
            "474"
        ],