{
    "Instance": "Corners600_G5",
    "Objective": 211,
    "Infeasibility": 0.004689921388521028,
    "Starting Time": 1692560338.6610725,
    "Time Taken": 61.89381241798401,
    "Initialization Time": 8.521817445755005,
    "nrInitSolutions": 100,
    "startingLambda": 0.1,
    "nrDistricts": 10,
    "lambdaRange": [
        0.1,
        0.4,
        0.7,
        1
    ],
    "delta": 0.05,
    "llambda": 0.7,
    "rcl_parameter": 0.3,
    "Allocation": {
        "0": [
            "702",
            "703",
            "701",
            "704",
            "642",
            "673",
            "733",
            "641",
            "675",
            "670",
            "676",
            "611",
            "669",
            "610",
            "677",
            "793",
            "699",
            "706",
            "609",
            "638",
            "795",
            "698",
            "707",
            "708",
            "709",
            "578",
            "637",
            "823",
            "822",
            "666",
            "679",
            "765",
            "735",
            "766",
            "738",
            "737",
            "821",
            "851",
            "852",
            "488",
            "489",
            "458",
            "853",
            "486",
            "650",
            "648",
            "590",
            "620",
            "399",
            "430",
            "618",
            "619",
            "550",
            "551",
            "521",
            "460",
            "797",
            "487",
            "428",
            "548",
            "796",
            "846",
            "857",
            "856",
            "542"
        ],
        "1": [
            "352",
            "353",
            "323",
            "383",
            "324",
            "354",
            "413",
            "355",
            "443",
            "385",
            "473",
            "444",
            "445",
            "415",
            "474",
            "475",
            "446",
            "504",
            "416",
            "476",
            "477",
            "507",
            "508",
            "538",
            "568",
            "598",
            "569",
            "597",
            "628",
            "658",
            "627",
            "718",
            "749",
            "748",
            "747",
            "659",
            "689",
            "629",
            "536",
            "564",
            "563",
            "592",
            "561",
            "565",
            "596",
            "566",
            "719",
            "562",
            "567",
            "716",
            "717",
            "715",
            "686",
            "502",
            "533",
            "501",
            "532",
            "500"
        ],
        "2": [
            "6",
            "8",
            "7",
            "9",
            "10",
            "38",
            "11",
            "41",
            "12",
            "42",
            "71",
            "72",
            "70",
            "73",
            "102",
            "100",
            "132",
            "99",
            "44",
            "129",
            "133",
            "130",
            "76",
            "160",
            "77",
            "106",
            "159",
            "107",
            "78",
            "108",
            "46",
            "127",
            "79",
            "190",
            "220",
            "109",
            "47",
            "110",
            "136",
            "140",
            "16",
            "49",
            "80",
            "139",
            "15",
            "161",
            "19",
            "20",
            "18",
            "111",
            "112",
            "144",
            "205",
            "115",
            "349",
            "84",
            "230",
            "283"
        ],
        "3": [
            "479",
            "449",
            "419",
            "448",
            "389",
            "418",
            "359",
            "358",
            "388",
            "387",
            "298",
            "328",
            "299",
            "297",
            "268",
            "267",
            "238",
            "266",
            "296",
            "237",
            "236",
            "326",
            "265",
            "208",
            "206",
            "177",
            "148",
            "176",
            "146",
            "147",
            "118",
            "145",
            "117",
            "87",
            "119",
            "88",
            "116",
            "85",
            "58",
            "174",
            "54",
            "143",
            "172",
            "171",
            "141",
            "59",
            "114",
            "24",
            "29",
            "25",
            "23",
            "52",
            "56",
            "57",
            "27",
            "26",
            "51",
            "53",
            "75",
            "74"
        ],
        "4": [
            "653",
            "623",
            "624",
            "625",
            "655",
            "656",
            "714",
            "744",
            "713",
            "712",
            "774",
            "711",
            "804",
            "682",
            "775",
            "773",
            "741",
            "833",
            "834",
            "835",
            "865",
            "836",
            "806",
            "771",
            "866",
            "896",
            "832",
            "837",
            "802",
            "864",
            "838",
            "862",
            "863",
            "892",
            "807",
            "831",
            "867",
            "861",
            "894",
            "891",
            "893",
            "897",
            "860",
            "839",
            "859",
            "898",
            "808",
            "869",
            "899",
            "858",
            "829",
            "769",
            "828",
            "888",
            "800",
            "887",
            "799",
            "825",
            "826"
        ],
        "5": [
            "30",
            "31",
            "1",
            "32",
            "2",
            "62",
            "63",
            "64",
            "93",
            "65",
            "34",
            "123",
            "122",
            "153",
            "152",
            "154",
            "120",
            "121",
            "184",
            "91",
            "214",
            "185",
            "90",
            "244",
            "186",
            "245",
            "243",
            "216",
            "156",
            "187",
            "126",
            "188",
            "218",
            "217",
            "189",
            "246",
            "157",
            "219",
            "125",
            "248",
            "278",
            "276",
            "275",
            "308",
            "247",
            "242",
            "212",
            "211",
            "181",
            "210",
            "180",
            "240",
            "307",
            "272",
            "158",
            "128",
            "69",
            "226"
        ],