{
    "Instance": "Diagonal600_G4",
    "Objective": 214,
    "Infeasibility": 0.0,
    "Starting Time": 1692560635.847556,
    "Time Taken": 49.12672281265259,
    "Initialization Time": 8.75547456741333,
    "nrInitSolutions": 100,
    "startingLambda": 0.1,
    "nrDistricts": 10,
    "lambdaRange": [
        0.1,
        0.4,
        0.7,
        1
    ],
    "delta": 0.05,
    "llambda": 0.7,
    "rcl_parameter": 0.3,
    "Allocation": {
        "0": [
            "371",
            "341",
            "370",
            "342",
            "369",
            "343",
            "344",
            "373",
            "403",
            "345",
            "433",
            "404",
            "434",
            "405",
            "281",
            "252",
            "463",
            "254",
            "280",
            "222",
            "406",
            "493",
            "316",
            "376",
            "279",
            "256",
            "309",
            "317",
            "225",
            "195",
            "287",
            "197",
            "167",
            "164",
            "193",
            "289",
            "137",
            "259",
            "136",
            "290",
            "320",
            "260",
            "319",
            "106",
            "135",
            "166",
            "134",
            "107",
            "99",
            "128",
            "129",
            "72",
            "158",
            "69",
            "130",
            "98",
            "159",
            "40",
            "16",
            "110",
            "71",
            "103"
        ],
        "1": [
            "307",
            "337",
            "336",
            "335",
            "366",
            "305",
            "334",
            "304",
            "365",
            "396",
            "274",
            "273",
            "244",
            "213",
            "243",
            "272",
            "212",
            "271",
            "302",
            "270",
            "332",
            "241",
            "362",
            "300",
            "240",
            "210",
            "331",
            "392",
            "180",
            "422",
            "452",
            "451",
            "453",
            "481",
            "450",
            "480",
            "420",
            "511",
            "510",
            "390",
            "512",
            "540",
            "543",
            "360",
            "544",
            "456",
            "603",
            "455",
            "575",
            "632",
            "574",
            "604",
            "601",
            "634",
            "576",
            "425"
        ],
        "2": [
            "893",
            "894",
            "864",
            "834",
            "833",
            "835",
            "804",
            "832",
            "774",
            "831",
            "744",
            "801",
            "861",
            "891",
            "860",
            "859",
            "889",
            "829",
            "858",
            "888",
            "828",
            "798",
            "887",
            "768",
            "797",
            "856",
            "769",
            "767",
            "855",
            "854",
            "884",
            "824",
            "823",
            "825",
            "885",
            "739",
            "766",
            "735",
            "764",
            "822",
            "883",
            "763",
            "853",
            "734",
            "793",
            "852",
            "792",
            "882",
            "821",
            "762",
            "881",
            "791",
            "851",
            "790",
            "729",
            "788",
            "820",
            "678"
        ],
        "3": [
            "867",
            "868",
            "838",
            "808",
            "839",
            "807",
            "809",
            "777",
            "747",
            "779",
            "748",
            "746",
            "718",
            "719",
            "688",
            "689",
            "687",
            "659",
            "657",
            "655",
            "656",
            "626",
            "685",
            "596",
            "715",
            "684",
            "597",
            "595",
            "537",
            "567",
            "683",
            "598",
            "507",
            "538",
            "713",
            "599",
            "712",
            "415",
            "416",
            "476",
            "445",
            "506",
            "446",
            "417",
            "385",
            "444",
            "418",
            "388",
            "355",
            "443",
            "387",
            "358",
            "384",
            "448",
            "354",
            "473",
            "442",
            "325",
            "356",
            "359",
            "478",
            "383",
            "329",
            "328"
        ],
        "4": [
            "120",
            "121",
            "91",
            "61",
            "31",
            "60",
            "62",
            "32",
            "63",
            "33",
            "34",
            "93",
            "123",
            "124",
            "36",
            "35",
            "37",
            "6",
            "65",
            "96",
            "95",
            "67",
            "97",
            "126",
            "156",
            "155",
            "131",
            "188",
            "39",
            "187",
            "9",
            "217",
            "161",
            "247",
            "73",
            "42",
            "248",
            "162",
            "74",
            "12",
            "43",
            "246",
            "190",
            "46",
            "45",
            "104",
            "276",
            "133",
            "75",
            "15",
            "219",
            "44",
            "163",
            "220",
            "41",
            "70",
            "100",
            "11"
        ],
        "5": [
            "873",
            "871",
            "872",
            "840",
            "810",
            "781",
            "780",
            "751",
            "812",
            "752",
            "721",
            "750",
            "720",
            "813",
            "722",
            "690",
            "783",
            "815",
            "814",
            "692",
            "660",
            "784",
            "693",
            "630",
            "844",
            "845",
            "663",
            "754",
            "661",
            "875",
            "846",
            "633",
            "876",
            "755",
            "724",
            "877",
            "878",
            "848",
            "818",
            "847",
            "849",
            "631",
            "600",
            "787",
            "664",
            "819",
            "850",
            "758",
            "786",
            "756",
            "759",
            "728",
            "796",
            "826",
            "704",
            "703",
            "886"
        ],