{
    "Instance": "Diagonal600_G27",
    "Objective": 237,
    "Infeasibility": 0.0,
    "Starting Time": 1711830241.8682492,
    "Time Taken": 58.48331665992737,
    "Initialization Time": 7.971883773803711,
    "nrInitSolutions": 100,
    "startingLambda": 0.1,
    "nrDistricts": 10,
    "lambdaRange": [
        0.1,
        0.4,
        0.7,
        1
    ],
    "delta": 0.05,
    "llambda": 0.7,
    "rcl_parameter": 0.3,
    "Allocation": {
        "0": [
            "745",
            "775",
            "744",
            "715",
            "714",
            "743",
            "746",
            "713",
            "716",
            "805",
            "773",
            "747",
            "777",
            "748",
            "683",
            "772",
            "749",
            "653",
            "807",
            "654",
            "623",
            "808",
            "771",
            "837",
            "622",
            "624",
            "838",
            "741",
            "867",
            "740",
            "621",
            "739",
            "769",
            "651",
            "625",
            "897",
            "709",
            "595",
            "596",
            "896",
            "681",
            "597",
            "898",
            "591",
            "598",
            "679",
            "568",
            "627",
            "561",
            "899",
            "657",
            "628",
            "562",
            "563",
            "533",
            "569",
            "539",
            "658",
            "688",
            "678",
            "707",
            "737"
        ],
        "1": [
            "156",
            "126",
            "96",
            "67",
            "65",
            "35",
            "34",
            "38",
            "68",
            "70",
            "69",
            "71",
            "100",
            "40",
            "7",
            "41",
            "130",
            "72",
            "42",
            "102",
            "11",
            "129",
            "73",
            "103",
            "74",
            "43",
            "128",
            "44",
            "14",
            "105",
            "159",
            "158",
            "13",
            "15",
            "136",
            "16",
            "17",
            "45",
            "78",
            "80",
            "109",
            "50",
            "110",
            "81",
            "20",
            "51",
            "111",
            "140",
            "23",
            "52",
            "19",
            "22",
            "21",
            "340",
            "341",
            "106",
            "196",
            "227",
            "347",
            "226"
        ],
        "2": [
            "0",
            "1",
            "2",
            "31",
            "91",
            "60",
            "61",
            "121",
            "122",
            "120",
            "150",
            "153",
            "152",
            "180",
            "183",
            "210",
            "181",
            "270",
            "240",
            "242",
            "271",
            "272",
            "273",
            "243",
            "302",
            "212",
            "303",
            "244",
            "304",
            "214",
            "332",
            "362",
            "245",
            "334",
            "363",
            "395",
            "394",
            "393",
            "425",
            "454",
            "456",
            "486",
            "457",
            "515",
            "487",
            "458",
            "483",
            "546",
            "488",
            "482",
            "455",
            "516",
            "544",
            "459",
            "514",
            "512"
        ],
        "3": [
            "330",
            "360",
            "420",
            "390",
            "450",
            "480",
            "451",
            "510",
            "540",
            "511",
            "541",
            "570",
            "513",
            "542",
            "572",
            "600",
            "543",
            "601",
            "602",
            "631",
            "485",
            "603",
            "604",
            "605",
            "606",
            "576",
            "575",
            "577",
            "636",
            "666",
            "665",
            "696",
            "667",
            "668",
            "664",
            "697",
            "695",
            "675",
            "307",
            "646",
            "607",
            "461",
            "704",
            "433",
            "752",
            "435",
            "782",
            "873",
            "708",
            "881",
            "851",
            "796",
            "841",
            "825",
            "484"
        ],
        "4": [
            "28",
            "59",
            "27",
            "58",
            "26",
            "88",
            "57",
            "25",
            "87",
            "56",
            "118",
            "89",
            "55",
            "86",
            "117",
            "116",
            "54",
            "119",
            "148",
            "147",
            "115",
            "149",
            "84",
            "178",
            "145",
            "179",
            "144",
            "114",
            "209",
            "237",
            "268",
            "206",
            "297",
            "296",
            "326",
            "294",
            "207",
            "174",
            "325",
            "239",
            "269",
            "298",
            "171",
            "176",
            "170",
            "299",
            "200",
            "199",
            "46",
            "316",
            "79",
            "231",
            "264",
            "388",
            "317",
            "418",
            "76",
            "75",
            "47",
            "194",
            "77"
        ],
        "5": [
            "834",
            "864",
            "894",
            "863",
            "865",
            "893",
            "892",
            "891",
            "890",
            "861",
            "859",
            "830",
            "827",
            "886",
            "856",
            "798",
            "800",
            "855",
            "885",
            "854",
            "884",
            "824",
            "882",
            "823",
            "853",
            "880",
            "821",
            "879",
            "793",
            "735",
            "736",
            "820",
            "849",
            "734",
            "706",
            "674",
            "645",
            "616",
            "585",
            "790",
            "618",
            "557",
            "617",
            "587",
            "528",
            "526",
            "677",
            "676",
            "615",
            "818",
            "525",
            "524",
            "498",
            "554",
            "469",
            "439",
            "501",
            "470",
            "409",
            "440",
            "502"
        ],