{
    "Instance": "Diagonal600_G24",
    "Objective": 218,
    "Infeasibility": 0.0,
    "Starting Time": 1711830205.7491264,
    "Time Taken": 66.1763322353363,
    "Initialization Time": 7.929505825042725,
    "nrInitSolutions": 100,
    "startingLambda": 0.1,
    "nrDistricts": 10,
    "lambdaRange": [
        0.1,
        0.4,
        0.7,
        1
    ],
    "delta": 0.05,
    "llambda": 0.7,
    "rcl_parameter": 0.3,
    "Allocation": {
        "0": [
            "46",
            "78",
            "256",
            "79",
            "48",
            "108",
            "80",
            "285",
            "18",
            "286",
            "287",
            "17",
            "283",
            "81",
            "49",
            "138",
            "288",
            "318",
            "197",
            "289",
            "51",
            "139",
            "20",
            "317",
            "348",
            "198",
            "19",
            "290",
            "199",
            "444",
            "204",
            "110",
            "477",
            "27",
            "323",
            "88",
            "56",
            "55",
            "201",
            "179",
            "262",
            "353",
            "441",
            "564",
            "533",
            "267",
            "473",
            "414",
            "355",
            "238",
            "440",
            "148",
            "505",
            "509",
            "207",
            "206",
            "178",
            "52",
            "409",
            "147",
            "447"
        ],
        "1": [
            "686",
            "747",
            "717",
            "716",
            "748",
            "808",
            "778",
            "837",
            "838",
            "868",
            "898",
            "899",
            "897",
            "894",
            "896",
            "895",
            "864",
            "834",
            "863",
            "835",
            "804",
            "833",
            "832",
            "774",
            "775",
            "744",
            "772",
            "714",
            "684",
            "683",
            "799",
            "859",
            "802",
            "770",
            "861",
            "739",
            "829",
            "891",
            "860",
            "735",
            "889",
            "857",
            "827",
            "858",
            "647",
            "828",
            "887",
            "769",
            "856",
            "768",
            "825",
            "801",
            "795",
            "886",
            "796",
            "765"
        ],
        "2": [
            "343",
            "374",
            "375",
            "344",
            "376",
            "377",
            "406",
            "407",
            "436",
            "466",
            "467",
            "465",
            "468",
            "438",
            "498",
            "499",
            "529",
            "559",
            "530",
            "589",
            "618",
            "649",
            "620",
            "616",
            "677",
            "615",
            "646",
            "676",
            "706",
            "614",
            "705",
            "645",
            "704",
            "555",
            "675",
            "703",
            "613",
            "612",
            "644",
            "674",
            "583",
            "673",
            "642",
            "525",
            "554",
            "526",
            "702",
            "733",
            "732",
            "701",
            "764",
            "671",
            "637",
            "670",
            "580",
            "742",
            "800",
            "729",
            "608"
        ],
        "3": [
            "870",
            "810",
            "840",
            "841",
            "842",
            "780",
            "750",
            "781",
            "812",
            "813",
            "782",
            "751",
            "720",
            "843",
            "872",
            "690",
            "753",
            "754",
            "691",
            "755",
            "661",
            "756",
            "693",
            "631",
            "757",
            "663",
            "694",
            "664",
            "633",
            "696",
            "634",
            "603",
            "788",
            "572",
            "697",
            "601",
            "571",
            "818",
            "789",
            "728",
            "541",
            "600",
            "877",
            "846",
            "845",
            "875",
            "816",
            "847",
            "758",
            "480",
            "617",
            "639",
            "337",
            "450",
            "585",
            "822",
            "483",
            "767",
            "275",
            "304"
        ],
        "4": [
            "657",
            "626",
            "627",
            "594",
            "595",
            "623",
            "622",
            "652",
            "534",
            "532",
            "651",
            "504",
            "474",
            "502",
            "562",
            "506",
            "501",
            "476",
            "536",
            "507",
            "446",
            "508",
            "413",
            "415",
            "412",
            "416",
            "382",
            "411",
            "410",
            "442",
            "354",
            "324",
            "417",
            "380",
            "350",
            "352",
            "387",
            "383",
            "388",
            "629",
            "381",
            "328",
            "689",
            "299",
            "659",
            "419",
            "359",
            "599",
            "569",
            "568",
            "329",
            "449",
            "389",
            "538",
            "208",
            "268",
            "144",
            "209",
            "386",
            "141",
            "625",
            "418"
        ],
        "5": [
            "551",
            "552",
            "522",
            "492",
            "491",
            "461",
            "462",
            "432",
            "431",
            "460",
            "402",
            "430",
            "459",
            "458",
            "400",
            "489",
            "428",
            "370",
            "519",
            "518",
            "399",
            "457",
            "487",
            "486",
            "516",
            "548",
            "547",
            "485",
            "455",
            "546",
            "576",
            "515",
            "545",
            "514",
            "577",
            "513",
            "606",
            "636",
            "638",
            "668",
            "669",
            "511",
            "667",
            "609",
            "610",
            "700",
            "542",
            "640",
            "699",
            "573",
            "574",
            "787",
            "723",
            "276",
            "128",
            "98",
            "366",
            "186",
            "362",
            "246",
            "611",
            "334"
        ],