{
    "Instance": "Diagonal600_G8",
    "Objective": 257,
    "Infeasibility": 0.06791752139775047,
    "Starting Time": 1692560436.9264636,
    "Time Taken": 76.48916292190552,
    "Initialization Time": 8.459594488143921,
    "nrInitSolutions": 100,
    "startingLambda": 0.1,
    "nrDistricts": 10,
    "lambdaRange": [
        0.1,
        0.4,
        0.7,
        1
    ],
    "delta": 0.05,
    "llambda": 0.7,
    "rcl_parameter": 0.3,
    "Allocation": {
        "0": [
            "337",
            "368",
            "367",
            "307",
            "397",
            "306",
            "366",
            "276",
            "365",
            "219",
            "253",
            "129",
            "158",
            "193",
            "285",
            "163",
            "286",
            "222",
            "187",
            "224",
            "315",
            "135",
            "105",
            "195",
            "167",
            "76",
            "199",
            "164",
            "107",
            "136",
            "226",
            "169",
            "16",
            "168",
            "289",
            "227",
            "229",
            "198",
            "228",
            "174",
            "206",
            "261",
            "204",
            "266",
            "14",
            "12",
            "147",
            "176",
            "98",
            "282",
            "316",
            "279",
            "278",
            "281",
            "385",
            "15",
            "9",
            "355",
            "439",
            "171",
            "196",
            "562"
        ],
        "1": [
            "184",
            "183",
            "182",
            "212",
            "242",
            "211",
            "243",
            "210",
            "272",
            "273",
            "271",
            "244",
            "302",
            "245",
            "303",
            "270",
            "333",
            "332",
            "361",
            "363",
            "392",
            "360",
            "390",
            "330",
            "421",
            "420",
            "451",
            "481",
            "452",
            "482",
            "512",
            "480",
            "510",
            "542",
            "572",
            "571",
            "483",
            "484",
            "454",
            "543",
            "544",
            "570",
            "600",
            "724",
            "694",
            "661",
            "693",
            "725",
            "631",
            "695",
            "750",
            "721",
            "751",
            "579",
            "755",
            "603",
            "493",
            "781",
            "811",
            "784",
            "492",
            "782",
            "606"
        ],
        "2": [
            "899",
            "869",
            "839",
            "868",
            "867",
            "866",
            "837",
            "836",
            "865",
            "896",
            "895",
            "864",
            "835",
            "774",
            "804",
            "805",
            "744",
            "714",
            "715",
            "655",
            "685",
            "686",
            "654",
            "687",
            "688",
            "748",
            "718",
            "689",
            "747",
            "719",
            "659",
            "749",
            "629",
            "779",
            "626",
            "568",
            "537",
            "627",
            "628",
            "569",
            "538",
            "597",
            "567",
            "566",
            "565",
            "595",
            "594",
            "505",
            "564",
            "534",
            "533",
            "504",
            "532"
        ],
        "3": [
            "708",
            "736",
            "707",
            "735",
            "709",
            "677",
            "679",
            "764",
            "765",
            "650",
            "651",
            "619",
            "675",
            "620",
            "645",
            "681",
            "652",
            "644",
            "796",
            "648",
            "647",
            "646",
            "618",
            "440",
            "436",
            "441",
            "410",
            "406",
            "442",
            "471",
            "411",
            "443",
            "472",
            "412",
            "381",
            "413",
            "444",
            "351",
            "414",
            "382",
            "352",
            "445",
            "383",
            "233",
            "287",
            "290",
            "258",
            "292",
            "294",
            "234",
            "232",
            "288",
            "254",
            "145",
            "502"
        ],
        "4": [
            "28",
            "27",
            "58",
            "88",
            "146",
            "24",
            "86",
            "177",
            "55",
            "175",
            "85",
            "207",
            "84",
            "203",
            "23",
            "54",
            "264",
            "297",
            "265",
            "328",
            "268",
            "21",
            "83",
            "262",
            "327",
            "82",
            "293",
            "299",
            "80",
            "109",
            "238",
            "49",
            "141",
            "19",
            "52",
            "81",
            "237",
            "172",
            "291",
            "111",
            "110",
            "79",
            "142",
            "50",
            "48",
            "329",
            "20",
            "269",
            "140",
            "18",
            "389",
            "231",
            "112",
            "419",
            "108",
            "51",
            "358",
            "320",
            "46",
            "78",
            "170",
            "218",
            "280",
            "159",
            "260"
        ],
        "5": [
            "403",
            "464",
            "433",
            "463",
            "494",
            "491",
            "490",
            "460",
            "489",
            "519",
            "430",
            "488",
            "459",
            "429",
            "400",
            "458",
            "518",
            "549",
            "399",
            "370",
            "457",
            "487",
            "371",
            "548",
            "517",
            "486",
            "456",
            "547",
            "455",
            "516",
            "577",
            "515",
            "545",
            "485",
            "575",
            "574",
            "576",
            "514",
            "604",
            "634",
            "633",
            "759",
            "730",
            "788",
            "760",
            "700",
            "874",
            "729",
            "731",
            "790",
            "873",
            "785",
            "761",
            "362",
            "662",
            "663",
            "666",
            "664",
            "791",
            "820",
            "842",
            "697",
            "732",
            "762",
            "872"
        ],