{
    "Instance": "Diagonal600_G28",
    "Objective": 284,
    "Infeasibility": 0.0,
    "Starting Time": 1711830271.9304368,
    "Time Taken": 56.37137198448181,
    "Initialization Time": 8.173530340194702,
    "nrInitSolutions": 100,
    "startingLambda": 0.1,
    "nrDistricts": 10,
    "lambdaRange": [
        0.1,
        0.4,
        0.7,
        1
    ],
    "delta": 0.05,
    "llambda": 0.7,
    "rcl_parameter": 0.3,
    "Allocation": {
        "0": [
            "327",
            "175",
            "295",
            "299",
            "203",
            "146",
            "144",
            "358",
            "114",
            "145",
            "149",
            "389",
            "294",
            "388",
            "324",
            "329",
            "234",
            "357",
            "147",
            "143",
            "233",
            "84",
            "418",
            "117",
            "172",
            "325",
            "57",
            "116",
            "59",
            "113",
            "26",
            "28",
            "88",
            "447",
            "83",
            "54",
            "25",
            "29",
            "27",
            "112",
            "419",
            "566",
            "53",
            "263",
            "148",
            "448",
            "478",
            "537",
            "536",
            "24",
            "52",
            "119",
            "508",
            "538",
            "81",
            "18",
            "199",
            "556",
            "437",
            "405",
            "133"
        ],
        "1": [
            "532",
            "533",
            "563",
            "564",
            "594",
            "624",
            "595",
            "653",
            "625",
            "623",
            "626",
            "655",
            "627",
            "683",
            "597",
            "657",
            "598",
            "684",
            "687",
            "599",
            "686",
            "658",
            "629",
            "717",
            "718",
            "748",
            "719",
            "749",
            "867",
            "898",
            "866",
            "897",
            "832",
            "807",
            "833",
            "803",
            "834",
            "858",
            "804",
            "715",
            "864",
            "827",
            "776",
            "835",
            "895",
            "894",
            "775",
            "893",
            "769",
            "806",
            "745",
            "746",
            "768",
            "739",
            "891",
            "859",
            "829"
        ],
        "2": [
            "331",
            "390",
            "361",
            "362",
            "452",
            "422",
            "482",
            "512",
            "455",
            "572",
            "426",
            "396",
            "571",
            "457",
            "573",
            "601",
            "515",
            "632",
            "366",
            "570",
            "487",
            "600",
            "575",
            "631",
            "576",
            "540",
            "605",
            "630",
            "336",
            "337",
            "603",
            "368",
            "604",
            "369",
            "480",
            "450",
            "636",
            "876",
            "812",
            "845",
            "724",
            "488",
            "690",
            "373",
            "342",
            "403",
            "460",
            "516",
            "548",
            "281",
            "252",
            "524",
            "434",
            "553",
            "544",
            "799",
            "401",
            "311",
            "220",
            "635"
        ],
        "3": [
            "32",
            "1",
            "2",
            "3",
            "0",
            "30",
            "60",
            "90",
            "91",
            "61",
            "93",
            "92",
            "94",
            "64",
            "151",
            "183",
            "181",
            "212",
            "180",
            "242",
            "241",
            "240",
            "303",
            "157",
            "105",
            "135",
            "195",
            "13",
            "106",
            "75",
            "224",
            "225",
            "41",
            "70",
            "196",
            "14",
            "226",
            "76",
            "12",
            "40",
            "45",
            "254",
            "227",
            "11",
            "138",
            "256",
            "228",
            "46",
            "167",
            "47",
            "128",
            "139",
            "169",
            "108",
            "286",
            "38",
            "258",
            "77",
            "229",
            "71"
        ],
        "4": [
            "620",
            "619",
            "648",
            "649",
            "679",
            "711",
            "738",
            "707",
            "677",
            "737",
            "770",
            "798",
            "736",
            "766",
            "705",
            "797",
            "796",
            "795",
            "702",
            "732",
            "734",
            "673",
            "646",
            "764",
            "886",
            "731",
            "733",
            "762",
            "855",
            "825",
            "823",
            "616",
            "852",
            "882",
            "822",
            "791",
            "821",
            "760",
            "615",
            "885",
            "884",
            "853",
            "875",
            "639",
            "665",
            "667",
            "816",
            "458",
            "542",
            "574",
            "485",
            "602",
            "431",
            "343",
            "338",
            "313",
            "392",
            "519",
            "551"
        ],
        "5": [
            "36",
            "7",
            "39",
            "80",
            "201",
            "230",
            "50",
            "111",
            "200",
            "316",
            "51",
            "287",
            "20",
            "346",
            "317",
            "285",
            "110",
            "198",
            "170",
            "259",
            "21",
            "345",
            "22",
            "23",
            "206",
            "177",
            "323",
            "176",
            "297",
            "267",
            "266",
            "58",
            "208",
            "269",
            "209",
            "296",
            "179",
            "265",
            "413",
            "298",
            "328",
            "264",
            "381",
            "232",
            "205",
            "326",
            "48",
            "178",
            "359",
            "118",
            "239",
            "378",
            "412",
            "69",
            "174",
            "173",
            "142",
            "168"
        ],