{
    "Instance": "Diagonal600_G21",
    "Objective": 206,
    "Infeasibility": 1.0161224766205575e-05,
    "Starting Time": 1711829855.8312094,
    "Time Taken": 48.677424907684326,
    "Initialization Time": 7.97361421585083,
    "nrInitSolutions": 100,
    "startingLambda": 0.1,
    "nrDistricts": 10,
    "lambdaRange": [
        0.1,
        0.4,
        0.7,
        1
    ],
    "delta": 0.05,
    "llambda": 0.7,
    "rcl_parameter": 0.3,
    "Allocation": {
        "0": [
            "149",
            "178",
            "239",
            "176",
            "269",
            "207",
            "206",
            "237",
            "267",
            "299",
            "235",
            "266",
            "298",
            "296",
            "234",
            "265",
            "174",
            "116",
            "264",
            "143",
            "263",
            "328",
            "115",
            "233",
            "114",
            "142",
            "172",
            "203",
            "84",
            "141",
            "171",
            "112",
            "85",
            "82",
            "140",
            "202",
            "83",
            "55",
            "52",
            "56",
            "139",
            "81",
            "57",
            "27",
            "22",
            "87",
            "23",
            "24",
            "28",
            "88",
            "118",
            "54",
            "89",
            "59",
            "29",
            "72",
            "283",
            "380",
            "261",
            "73"
        ],
        "1": [
            "629",
            "659",
            "689",
            "688",
            "687",
            "657",
            "686",
            "627",
            "685",
            "715",
            "745",
            "746",
            "744",
            "747",
            "743",
            "774",
            "777",
            "748",
            "778",
            "804",
            "749",
            "807",
            "803",
            "779",
            "809",
            "806",
            "833",
            "839",
            "869",
            "836",
            "861",
            "868",
            "860",
            "891",
            "859",
            "899",
            "858",
            "866",
            "889",
            "890",
            "800",
            "798",
            "799",
            "829",
            "827",
            "826",
            "828",
            "797",
            "768",
            "739",
            "738",
            "825",
            "795",
            "824",
            "708",
            "862",
            "832",
            "796"
        ],
        "2": [
            "393",
            "392",
            "421",
            "420",
            "451",
            "450",
            "481",
            "480",
            "510",
            "540",
            "454",
            "541",
            "570",
            "603",
            "633",
            "573",
            "602",
            "632",
            "578",
            "577",
            "669",
            "610",
            "642",
            "612",
            "641",
            "701",
            "643",
            "671",
            "611",
            "551",
            "704",
            "674",
            "703",
            "582",
            "734",
            "615",
            "584",
            "583",
            "762",
            "733",
            "792",
            "821",
            "840",
            "841",
            "754",
            "813",
            "525",
            "764",
            "552",
            "793",
            "872",
            "735",
            "791",
            "644",
            "843",
            "846",
            "430",
            "781",
            "847",
            "581",
            "457",
            "822"
        ],
        "3": [
            "1",
            "31",
            "32",
            "30",
            "62",
            "92",
            "63",
            "93",
            "91",
            "64",
            "4",
            "34",
            "5",
            "66",
            "6",
            "36",
            "96",
            "95",
            "97",
            "125",
            "98",
            "124",
            "154",
            "99",
            "39",
            "185",
            "9",
            "43",
            "211",
            "8",
            "104",
            "134",
            "101",
            "70",
            "13",
            "102",
            "15",
            "131",
            "213",
            "183",
            "11",
            "190",
            "301",
            "220",
            "306",
            "219",
            "305",
            "210",
            "300",
            "332",
            "151",
            "245",
            "335",
            "132",
            "365",
            "302",
            "273",
            "272",
            "304"
        ],
        "4": [
            "527",
            "528",
            "558",
            "559",
            "560",
            "589",
            "590",
            "649",
            "618",
            "619",
            "679",
            "680",
            "678",
            "709",
            "681",
            "682",
            "707",
            "652",
            "712",
            "737",
            "706",
            "622",
            "736",
            "766",
            "765",
            "855",
            "823",
            "854",
            "771",
            "853",
            "851",
            "772",
            "881",
            "465",
            "524",
            "464",
            "852",
            "885",
            "495",
            "466",
            "883",
            "616",
            "887",
            "614",
            "586",
            "673",
            "554",
            "645",
            "702",
            "886",
            "794",
            "732",
            "876",
            "875",
            "752",
            "664",
            "801",
            "863",
            "769",
            "613"
        ],
        "5": [
            "217",
            "218",
            "130",
            "160",
            "161",
            "162",
            "71",
            "192",
            "41",
            "69",
            "40",
            "193",
            "42",
            "12",
            "10",
            "74",
            "14",
            "282",
            "105",
            "75",
            "76",
            "313",
            "281",
            "312",
            "280",
            "314",
            "315",
            "279",
            "77",
            "164",
            "165",
            "135",
            "166",
            "345",
            "45",
            "316",
            "286",
            "309",
            "344",
            "46",
            "254",
            "285",
            "287",
            "257",
            "340",
            "376",
            "253",
            "310",
            "196",
            "256",
            "375",
            "255",
            "225",
            "278",
            "226",
            "405",
            "224",
            "199",
            "144",
            "232",
            "146",
            "184"
        ],