{
    "Instance": "Diagonal600_G3",
    "Objective": 222,
    "Infeasibility": 0.0,
    "Starting Time": 1692560306.57749,
    "Time Taken": 67.7501630783081,
    "Initialization Time": 8.593064546585083,
    "nrInitSolutions": 100,
    "startingLambda": 0.1,
    "nrDistricts": 10,
    "lambdaRange": [
        0.1,
        0.4,
        0.7,
        1
    ],
    "delta": 0.05,
    "llambda": 0.7,
    "rcl_parameter": 0.3,
    "Allocation": {
        "0": [
            "197",
            "100",
            "43",
            "8",
            "41",
            "69",
            "167",
            "319",
            "261",
            "104",
            "42",
            "74",
            "44",
            "68",
            "71",
            "40",
            "15",
            "291",
            "67",
            "10",
            "9",
            "290",
            "45",
            "37",
            "132",
            "262",
            "102",
            "97",
            "72",
            "231",
            "103",
            "39",
            "70",
            "320",
            "101",
            "263",
            "81",
            "85",
            "139",
            "203",
            "265",
            "293",
            "294",
            "84",
            "146",
            "115",
            "144",
            "116",
            "114",
            "82",
            "113",
            "52",
            "355",
            "58",
            "138",
            "108",
            "413",
            "21"
        ],
        "1": [
            "719",
            "748",
            "747",
            "749",
            "777",
            "808",
            "778",
            "776",
            "775",
            "774",
            "773",
            "834",
            "804",
            "865",
            "835",
            "895",
            "896",
            "894",
            "892",
            "897",
            "898",
            "861",
            "868",
            "899",
            "831",
            "869",
            "832",
            "839",
            "801",
            "859",
            "829",
            "883",
            "882",
            "852",
            "881",
            "854",
            "851",
            "822",
            "855",
            "766",
            "886",
            "856",
            "793",
            "826",
            "887",
            "705",
            "733",
            "858",
            "888",
            "792",
            "762",
            "732",
            "797",
            "798",
            "761",
            "735",
            "884",
            "827"
        ],
        "2": [
            "2",
            "1",
            "32",
            "31",
            "0",
            "30",
            "60",
            "150",
            "90",
            "120",
            "181",
            "151",
            "180",
            "210",
            "182",
            "240",
            "212",
            "270",
            "300",
            "213",
            "242",
            "271",
            "184",
            "214",
            "215",
            "185",
            "155",
            "186",
            "156",
            "187",
            "275",
            "126",
            "95",
            "94",
            "93",
            "65",
            "35",
            "63",
            "123",
            "34",
            "366",
            "365",
            "364",
            "274",
            "361",
            "303",
            "423",
            "125",
            "273",
            "337",
            "454",
            "453",
            "363",
            "336",
            "455",
            "368",
            "244"
        ],
        "3": [
            "658",
            "657",
            "656",
            "655",
            "653",
            "684",
            "654",
            "683",
            "714",
            "682",
            "681",
            "712",
            "649",
            "678",
            "677",
            "648",
            "647",
            "708",
            "676",
            "738",
            "588",
            "706",
            "616",
            "645",
            "589",
            "739",
            "736",
            "586",
            "644",
            "615",
            "585",
            "734",
            "557",
            "769",
            "765",
            "527",
            "497",
            "590",
            "795",
            "528",
            "529",
            "496",
            "495",
            "494",
            "606",
            "578",
            "579",
            "519",
            "674",
            "893",
            "545",
            "891",
            "673",
            "603",
            "890",
            "889",
            "675",
            "680",
            "885",
            "618",
            "818",
            "617",
            "767"
        ],
        "4": [
            "565",
            "564",
            "594",
            "563",
            "593",
            "533",
            "505",
            "506",
            "507",
            "537",
            "508",
            "538",
            "478",
            "509",
            "448",
            "568",
            "417",
            "386",
            "569",
            "598",
            "597",
            "449",
            "596",
            "414",
            "383",
            "326",
            "385",
            "324",
            "599",
            "325",
            "358",
            "412",
            "419",
            "353",
            "328",
            "322",
            "327",
            "381",
            "410",
            "351",
            "298",
            "297",
            "299",
            "408",
            "407",
            "500",
            "440",
            "470",
            "329",
            "380",
            "378",
            "471",
            "409",
            "472",
            "147",
            "148",
            "117",
            "145",
            "208",
            "323",
            "359"
        ],
        "5": [
            "849",
            "879",
            "878",
            "877",
            "875",
            "846",
            "876",
            "845",
            "874",
            "785",
            "784",
            "755",
            "754",
            "783",
            "786",
            "725",
            "723",
            "696",
            "722",
            "666",
            "721",
            "727",
            "757",
            "720",
            "728",
            "698",
            "692",
            "699",
            "781",
            "750",
            "780",
            "668",
            "637",
            "811",
            "812",
            "810",
            "840",
            "870",
            "841",
            "871",
            "872",
            "390",
            "690",
            "450",
            "691",
            "482",
            "610",
            "489",
            "609",
            "402",
            "462",
            "432",
            "759",
            "646",
            "640",
            "823",
            "587",
            "485",
            "333",
            "853",
            "679"
        ],