{
    "Instance": "Diagonal600_G23",
    "Objective": 260,
    "Infeasibility": 0.0,
    "Starting Time": 1711830156.2035022,
    "Time Taken": 53.12594509124756,
    "Initialization Time": 7.977838754653931,
    "nrInitSolutions": 100,
    "startingLambda": 0.1,
    "nrDistricts": 10,
    "lambdaRange": [
        0.1,
        0.4,
        0.7,
        1
    ],
    "delta": 0.05,
    "llambda": 0.7,
    "rcl_parameter": 0.3,
    "Allocation": {
        "0": [
            "133",
            "73",
            "134",
            "164",
            "42",
            "194",
            "100",
            "192",
            "130",
            "160",
            "190",
            "252",
            "105",
            "136",
            "75",
            "254",
            "255",
            "282",
            "225",
            "220",
            "106",
            "137",
            "167",
            "281",
            "250",
            "76",
            "280",
            "195",
            "311",
            "310",
            "279",
            "341",
            "309",
            "339",
            "251",
            "219",
            "342",
            "218",
            "343",
            "312",
            "338",
            "158",
            "278",
            "368",
            "157",
            "262",
            "321",
            "430",
            "261",
            "283",
            "401",
            "291",
            "400",
            "350",
            "358",
            "402",
            "258",
            "405",
            "464",
            "146",
            "406",
            "404",
            "419",
            "386",
            "389",
            "461"
        ],
        "1": [
            "895",
            "896",
            "897",
            "866",
            "869",
            "868",
            "898",
            "839",
            "809",
            "779",
            "749",
            "719",
            "748",
            "718",
            "747",
            "688",
            "746",
            "777",
            "687",
            "716",
            "657",
            "656",
            "714",
            "627",
            "597",
            "628",
            "629",
            "684",
            "596",
            "599",
            "711",
            "659",
            "743",
            "595",
            "625",
            "772",
            "803",
            "771",
            "804",
            "805",
            "648",
            "647",
            "738",
            "650",
            "678",
            "769",
            "708",
            "649",
            "739",
            "709",
            "680",
            "737",
            "619",
            "618",
            "736",
            "706",
            "558",
            "616"
        ],
        "2": [
            "96",
            "125",
            "126",
            "155",
            "153",
            "154",
            "184",
            "244",
            "243",
            "214",
            "242",
            "274",
            "275",
            "276",
            "306",
            "246",
            "216",
            "247",
            "336",
            "366",
            "186",
            "335",
            "396",
            "334",
            "333",
            "395",
            "303",
            "302",
            "331",
            "301",
            "330",
            "361",
            "391",
            "360",
            "392",
            "393",
            "423",
            "453",
            "483",
            "454",
            "484",
            "482",
            "513",
            "481",
            "543",
            "512",
            "451",
            "480",
            "572",
            "575",
            "545",
            "544",
            "573",
            "574",
            "541",
            "540",
            "542",
            "571",
            "603"
        ],
        "3": [
            "862",
            "891",
            "890",
            "892",
            "889",
            "887",
            "827",
            "886",
            "885",
            "796",
            "883",
            "793",
            "852",
            "792",
            "882",
            "734",
            "762",
            "881",
            "880",
            "761",
            "851",
            "731",
            "733",
            "850",
            "702",
            "879",
            "820",
            "790",
            "789",
            "788",
            "821",
            "701",
            "671",
            "759",
            "787",
            "758",
            "670",
            "786",
            "848",
            "700",
            "877",
            "757",
            "639",
            "699",
            "818",
            "785",
            "729",
            "698",
            "815",
            "846",
            "756",
            "814",
            "697",
            "817",
            "784",
            "847",
            "876",
            "816",
            "724",
            "767",
            "773"
        ],
        "4": [
            "535",
            "534",
            "564",
            "533",
            "561",
            "560",
            "591",
            "559",
            "590",
            "621",
            "622",
            "617",
            "646",
            "615",
            "585",
            "645",
            "555",
            "614",
            "644",
            "556",
            "613",
            "674",
            "673",
            "643",
            "612",
            "799",
            "642",
            "611",
            "703",
            "582",
            "798",
            "641",
            "800",
            "830",
            "672",
            "527",
            "523",
            "526",
            "553",
            "552",
            "637",
            "667",
            "825",
            "853",
            "855",
            "884",
            "854",
            "824",
            "823",
            "795",
            "794",
            "857",
            "858",
            "765",
            "511",
            "510",
            "715",
            "485"
        ],
        "5": [
            "568",
            "538",
            "508",
            "509",
            "449",
            "507",
            "479",
            "448",
            "388",
            "359",
            "387",
            "329",
            "357",
            "328",
            "416",
            "356",
            "299",
            "298",
            "385",
            "446",
            "355",
            "415",
            "268",
            "384",
            "445",
            "414",
            "297",
            "325",
            "413",
            "412",
            "295",
            "411",
            "381",
            "444",
            "354",
            "351",
            "441",
            "267",
            "443",
            "265",
            "471",
            "353",
            "440",
            "380",
            "323",
            "293",
            "379",
            "322",
            "292",
            "264",
            "352",
            "442",
            "409",
            "115",
            "232",
            "170",
            "142",
            "173",
            "59"
        ],