{
    "Instance": "Diagonal600_G9",
    "Objective": 271,
    "Infeasibility": 0.0,
    "Starting Time": 1692560450.6461074,
    "Time Taken": 78.2873306274414,
    "Initialization Time": 8.616776943206787,
    "nrInitSolutions": 100,
    "startingLambda": 0.1,
    "nrDistricts": 10,
    "lambdaRange": [
        0.1,
        0.4,
        0.7,
        1
    ],
    "delta": 0.05,
    "llambda": 0.7,
    "rcl_parameter": 0.3,
    "Allocation": {
        "0": [
            "734",
            "612",
            "611",
            "643",
            "703",
            "702",
            "673",
            "672",
            "674",
            "642",
            "854",
            "523",
            "492",
            "852",
            "553",
            "522",
            "885",
            "640",
            "792",
            "610",
            "791",
            "793",
            "552",
            "883",
            "763",
            "761",
            "741",
            "671",
            "583",
            "733",
            "785",
            "815",
            "784",
            "816",
            "845",
            "786",
            "817",
            "756",
            "666",
            "725",
            "894",
            "882",
            "814",
            "638",
            "669",
            "755",
            "819",
            "804",
            "608",
            "607",
            "844",
            "857",
            "843",
            "662",
            "827",
            "663",
            "820",
            "577",
            "737",
            "700",
            "822"
        ],
        "1": [
            "503",
            "504",
            "533",
            "534",
            "564",
            "563",
            "565",
            "566",
            "506",
            "507",
            "476",
            "508",
            "478",
            "509",
            "568",
            "448",
            "569",
            "449",
            "598",
            "447",
            "597",
            "417",
            "419",
            "416",
            "415",
            "627",
            "445",
            "385",
            "356",
            "357",
            "326",
            "358",
            "327",
            "297",
            "359",
            "298",
            "299",
            "439",
            "469",
            "117",
            "442",
            "146",
            "499",
            "229",
            "500",
            "440",
            "438",
            "441",
            "472",
            "443",
            "115",
            "471",
            "320",
            "413",
            "259",
            "262",
            "145",
            "411",
            "412",
            "55"
        ],
        "2": [
            "5",
            "35",
            "65",
            "95",
            "125",
            "155",
            "124",
            "156",
            "123",
            "93",
            "122",
            "186",
            "63",
            "152",
            "182",
            "151",
            "150",
            "212",
            "242",
            "120",
            "243",
            "241",
            "90",
            "244",
            "273",
            "214",
            "60",
            "303",
            "30",
            "333",
            "305",
            "363",
            "0",
            "1",
            "335",
            "364",
            "306",
            "2",
            "247",
            "369",
            "430",
            "403",
            "373",
            "304",
            "405",
            "398",
            "374",
            "375",
            "344",
            "345",
            "465",
            "285",
            "368",
            "371",
            "193",
            "400",
            "337",
            "311",
            "252"
        ],
        "3": [
            "21",
            "49",
            "18",
            "17",
            "76",
            "15",
            "75",
            "137",
            "14",
            "45",
            "136",
            "44",
            "105",
            "74",
            "13",
            "135",
            "43",
            "104",
            "73",
            "12",
            "134",
            "11",
            "164",
            "163",
            "42",
            "200",
            "227",
            "194",
            "226",
            "103",
            "166",
            "133",
            "72",
            "102",
            "71",
            "287",
            "10",
            "195",
            "9",
            "40",
            "7",
            "171",
            "38",
            "8",
            "41",
            "99",
            "370",
            "221",
            "282",
            "97",
            "98",
            "128",
            "189",
            "350",
            "435",
            "168",
            "275",
            "111",
            "276",
            "48",
            "159"
        ],
        "4": [
            "301",
            "330",
            "391",
            "360",
            "421",
            "451",
            "422",
            "452",
            "423",
            "481",
            "480",
            "453",
            "482",
            "454",
            "483",
            "512",
            "513",
            "484",
            "542",
            "455",
            "543",
            "514",
            "572",
            "573",
            "602",
            "571",
            "544",
            "632",
            "545",
            "457",
            "603",
            "633",
            "458",
            "604",
            "575",
            "576",
            "487",
            "601",
            "546",
            "517",
            "488",
            "547",
            "515",
            "574",
            "600",
            "548",
            "570",
            "518",
            "426",
            "520",
            "550",
            "549",
            "540",
            "519",
            "871",
            "811",
            "579",
            "735",
            "821",
            "824",
            "730"
        ],
        "5": [
            "23",
            "83",
            "53",
            "54",
            "52",
            "84",
            "114",
            "25",
            "116",
            "26",
            "86",
            "147",
            "118",
            "87",
            "148",
            "57",
            "88",
            "27",
            "177",
            "58",
            "178",
            "119",
            "149",
            "208",
            "89",
            "59",
            "209",
            "207",
            "239",
            "206",
            "269",
            "237",
            "267",
            "236",
            "268",
            "28",
            "29",
            "179",
            "205",
            "204",
            "174",
            "173",
            "143",
            "199",
            "198",
            "170",
            "197",
            "139",
            "109",
            "138",
            "107",
            "81",
            "167",
            "106",
            "140",
            "16",
            "536",
            "169",
            "538"
        ],