{
    "Instance": "Diagonal600_G2",
    "Objective": 252,
    "Infeasibility": 0.0,
    "Starting Time": 1692560391.6109974,
    "Time Taken": 100.45291376113892,
    "Initialization Time": 8.811980724334717,
    "nrInitSolutions": 100,
    "startingLambda": 0.1,
    "nrDistricts": 10,
    "lambdaRange": [
        0.1,
        0.4,
        0.7,
        1
    ],
    "delta": 0.05,
    "llambda": 0.7,
    "rcl_parameter": 0.3,
    "Allocation": {
        "0": [
            "876",
            "875",
            "816",
            "845",
            "844",
            "815",
            "874",
            "787",
            "785",
            "818",
            "814",
            "873",
            "843",
            "784",
            "788",
            "813",
            "783",
            "758",
            "842",
            "754",
            "789",
            "849",
            "724",
            "812",
            "727",
            "695",
            "841",
            "760",
            "723",
            "726",
            "782",
            "840",
            "850",
            "781",
            "811",
            "870",
            "694",
            "851",
            "752",
            "879",
            "751",
            "780",
            "722",
            "878",
            "693",
            "871",
            "721",
            "664",
            "634",
            "720",
            "633",
            "810",
            "750",
            "663",
            "880",
            "525",
            "455",
            "643",
            "555",
            "646",
            "432"
        ],
        "1": [
            "804",
            "834",
            "835",
            "836",
            "837",
            "838",
            "866",
            "839",
            "809",
            "779",
            "778",
            "777",
            "747",
            "776",
            "717",
            "746",
            "688",
            "718",
            "745",
            "715",
            "689",
            "714",
            "685",
            "713",
            "686",
            "656",
            "712",
            "743",
            "626",
            "682",
            "657",
            "596",
            "625",
            "597",
            "595",
            "567",
            "565",
            "598",
            "568",
            "628",
            "538",
            "629",
            "418",
            "446",
            "447",
            "478",
            "448",
            "508",
            "389",
            "359",
            "415",
            "416",
            "386",
            "357",
            "327",
            "388",
            "387",
            "358",
            "506"
        ],
        "2": [
            "438",
            "437",
            "407",
            "377",
            "376",
            "405",
            "435",
            "313",
            "283",
            "253",
            "252",
            "254",
            "222",
            "251",
            "193",
            "164",
            "191",
            "195",
            "220",
            "280",
            "219",
            "225",
            "226",
            "196",
            "197",
            "166",
            "136",
            "167",
            "310",
            "256",
            "249",
            "279",
            "286",
            "165",
            "248",
            "168",
            "340",
            "257",
            "278",
            "138",
            "339",
            "277",
            "311",
            "169",
            "369",
            "307",
            "139",
            "170",
            "199",
            "337",
            "140",
            "200",
            "336",
            "141",
            "171",
            "133",
            "64",
            "162",
            "68"
        ],
        "3": [
            "119",
            "149",
            "178",
            "209",
            "239",
            "177",
            "147",
            "238",
            "237",
            "176",
            "117",
            "267",
            "236",
            "269",
            "87",
            "298",
            "206",
            "57",
            "175",
            "88",
            "86",
            "297",
            "115",
            "299",
            "205",
            "27",
            "145",
            "56",
            "85",
            "144",
            "174",
            "28",
            "204",
            "114",
            "326",
            "143",
            "55",
            "203",
            "233",
            "59",
            "234",
            "54",
            "24",
            "23",
            "53",
            "21",
            "316",
            "282",
            "470",
            "45",
            "505",
            "129",
            "374",
            "375",
            "223",
            "173",
            "69",
            "329",
            "445"
        ],
        "4": [
            "1",
            "31",
            "30",
            "61",
            "62",
            "60",
            "91",
            "122",
            "123",
            "121",
            "93",
            "153",
            "183",
            "94",
            "181",
            "213",
            "34",
            "214",
            "4",
            "211",
            "180",
            "215",
            "210",
            "150",
            "3",
            "241",
            "185",
            "271",
            "186",
            "155",
            "270",
            "300",
            "272",
            "302",
            "332",
            "303",
            "217",
            "362",
            "361",
            "391",
            "421",
            "420",
            "450",
            "480",
            "510",
            "513",
            "482",
            "483",
            "182",
            "187",
            "573",
            "452",
            "512",
            "542",
            "484",
            "543",
            "188"
        ],
        "5": [
            "895",
            "893",
            "894",
            "892",
            "861",
            "890",
            "889",
            "831",
            "860",
            "859",
            "832",
            "888",
            "829",
            "858",
            "802",
            "828",
            "798",
            "799",
            "827",
            "768",
            "769",
            "738",
            "770",
            "797",
            "737",
            "771",
            "736",
            "766",
            "735",
            "704",
            "703",
            "702",
            "763",
            "732",
            "793",
            "731",
            "764",
            "701",
            "792",
            "730",
            "823",
            "794",
            "700",
            "824",
            "791",
            "795",
            "822",
            "729",
            "790",
            "853",
            "825",
            "883",
            "854",
            "855",
            "885",
            "884",
            "856",
            "489",
            "490",
            "819",
            "881",
            "756",
            "678",
            "725",
            "846"
        ],