{
    "Instance": "Diagonal600_G16",
    "Objective": 239,
    "Infeasibility": 0.0,
    "Starting Time": 1711830296.1867776,
    "Time Taken": 46.74334192276001,
    "Initialization Time": 7.881028175354004,
    "nrInitSolutions": 100,
    "startingLambda": 0.1,
    "nrDistricts": 10,
    "lambdaRange": [
        0.1,
        0.4,
        0.7,
        1
    ],
    "delta": 0.05,
    "llambda": 0.7,
    "rcl_parameter": 0.3,
    "Allocation": {
        "0": [
            "620",
            "531",
            "532",
            "649",
            "559",
            "589",
            "618",
            "529",
            "617",
            "502",
            "533",
            "679",
            "469",
            "498",
            "497",
            "467",
            "648",
            "439",
            "616",
            "647",
            "440",
            "587",
            "441",
            "646",
            "437",
            "645",
            "557",
            "674",
            "442",
            "704",
            "435",
            "405",
            "434",
            "433",
            "443",
            "496",
            "680",
            "432",
            "495",
            "494",
            "493",
            "492",
            "472",
            "403",
            "644",
            "554",
            "552",
            "678",
            "553",
            "491",
            "555",
            "522",
            "463",
            "402",
            "207",
            "235",
            "200",
            "615",
            "705"
        ],
        "1": [
            "30",
            "60",
            "90",
            "91",
            "62",
            "92",
            "122",
            "63",
            "152",
            "151",
            "183",
            "150",
            "153",
            "124",
            "154",
            "180",
            "210",
            "240",
            "270",
            "271",
            "300",
            "301",
            "331",
            "272",
            "302",
            "273",
            "274",
            "243",
            "244",
            "309",
            "281",
            "224",
            "162",
            "193",
            "194",
            "163",
            "225",
            "370",
            "339",
            "282",
            "221",
            "187",
            "185",
            "246",
            "278",
            "220",
            "191",
            "98",
            "161",
            "277",
            "132",
            "218",
            "67",
            "97",
            "127",
            "126",
            "251",
            "313"
        ],
        "2": [
            "397",
            "367",
            "337",
            "366",
            "365",
            "395",
            "394",
            "393",
            "423",
            "453",
            "452",
            "422",
            "421",
            "420",
            "482",
            "451",
            "390",
            "450",
            "512",
            "513",
            "511",
            "542",
            "480",
            "572",
            "510",
            "514",
            "541",
            "571",
            "540",
            "484",
            "485",
            "570",
            "600",
            "456",
            "457",
            "426",
            "601",
            "459",
            "487",
            "455",
            "518",
            "547",
            "578",
            "577",
            "608",
            "638",
            "576",
            "639",
            "668",
            "575",
            "610",
            "606",
            "669",
            "605",
            "640",
            "545",
            "635",
            "670",
            "636",
            "611",
            "667",
            "698",
            "696"
        ],
        "3": [
            "898",
            "869",
            "899",
            "839",
            "809",
            "838",
            "808",
            "837",
            "836",
            "835",
            "865",
            "805",
            "864",
            "804",
            "775",
            "894",
            "803",
            "776",
            "893",
            "745",
            "777",
            "715",
            "744",
            "743",
            "716",
            "742",
            "686",
            "712",
            "772",
            "687",
            "682",
            "711",
            "688",
            "689",
            "659",
            "859",
            "738",
            "828",
            "767",
            "766",
            "769",
            "797",
            "770",
            "795",
            "739",
            "858",
            "824",
            "768",
            "675",
            "887",
            "856",
            "889",
            "829",
            "736",
            "706",
            "827"
        ],
        "4": [
            "34",
            "4",
            "5",
            "6",
            "37",
            "7",
            "66",
            "128",
            "157",
            "217",
            "216",
            "276",
            "215",
            "275",
            "280",
            "279",
            "305",
            "252",
            "283",
            "369",
            "222",
            "223",
            "192",
            "400",
            "190",
            "160",
            "131",
            "130",
            "101",
            "100",
            "257",
            "258",
            "285",
            "260",
            "375",
            "71",
            "256",
            "346",
            "255",
            "41",
            "315",
            "73",
            "289",
            "136",
            "75",
            "74",
            "137",
            "259",
            "228",
            "106",
            "107",
            "138",
            "286",
            "166",
            "11",
            "226",
            "104"
        ],
        "5": [
            "623",
            "653",
            "654",
            "655",
            "625",
            "566",
            "597",
            "536",
            "565",
            "598",
            "537",
            "538",
            "628",
            "539",
            "509",
            "508",
            "569",
            "479",
            "419",
            "418",
            "388",
            "358",
            "447",
            "417",
            "387",
            "477",
            "359",
            "329",
            "476",
            "446",
            "328",
            "386",
            "445",
            "475",
            "505",
            "298",
            "444",
            "356",
            "355",
            "325",
            "297",
            "268",
            "295",
            "415",
            "294",
            "354",
            "353",
            "269",
            "383",
            "238",
            "239",
            "412",
            "299",
            "379",
            "411",
            "319",
            "381",
            "349",
            "348",
            "58",
            "86",
            "59"
        ],