{
    "Instance": "Diagonal600_G10",
    "Objective": 257,
    "Infeasibility": 0.11133803111357998,
    "Starting Time": 1711830517.2705805,
    "Time Taken": 89.1612548828125,
    "Initialization Time": 7.861919403076172,
    "nrInitSolutions": 100,
    "startingLambda": 0.1,
    "nrDistricts": 10,
    "lambdaRange": [
        0.1,
        0.4,
        0.7,
        1
    ],
    "delta": 0.05,
    "llambda": 0.7,
    "rcl_parameter": 0.3,
    "Allocation": {
        "0": [
            "752",
            "664",
            "873",
            "782",
            "722",
            "634",
            "842",
            "604",
            "633",
            "721",
            "758",
            "781",
            "574",
            "575",
            "544",
            "872",
            "603",
            "669",
            "635",
            "878",
            "543",
            "871",
            "541",
            "545",
            "696",
            "571",
            "602",
            "690",
            "631",
            "663",
            "697",
            "870",
            "600",
            "667",
            "632",
            "630",
            "810",
            "570",
            "720",
            "670",
            "542",
            "840",
            "662",
            "661",
            "750",
            "521",
            "460",
            "493",
            "495",
            "525",
            "885",
            "753",
            "857",
            "618",
            "793",
            "619",
            "560"
        ],
        "1": [
            "362",
            "301",
            "302",
            "332",
            "272",
            "303",
            "271",
            "241",
            "300",
            "330",
            "360",
            "211",
            "212",
            "214",
            "213",
            "183",
            "152",
            "153",
            "184",
            "122",
            "93",
            "123",
            "121",
            "120",
            "63",
            "150",
            "62",
            "64",
            "61",
            "33",
            "3",
            "65",
            "31",
            "4",
            "5",
            "1",
            "6",
            "0",
            "7",
            "37",
            "9",
            "8",
            "10",
            "40",
            "11",
            "41",
            "70",
            "71",
            "100",
            "13",
            "101",
            "130",
            "160",
            "14",
            "190",
            "161",
            "98",
            "99",
            "12",
            "44"
        ],
        "2": [
            "771",
            "773",
            "772",
            "743",
            "803",
            "713",
            "712",
            "714",
            "682",
            "715",
            "716",
            "652",
            "653",
            "776",
            "746",
            "777",
            "775",
            "806",
            "807",
            "866",
            "808",
            "836",
            "838",
            "809",
            "865",
            "779",
            "839",
            "895",
            "869",
            "749",
            "864",
            "748",
            "719",
            "718",
            "629",
            "659",
            "689",
            "598",
            "628",
            "627",
            "657",
            "568",
            "656",
            "626",
            "538",
            "539",
            "567",
            "566",
            "565",
            "535",
            "534",
            "505"
        ],
        "3": [
            "58",
            "88",
            "57",
            "87",
            "89",
            "118",
            "56",
            "55",
            "119",
            "25",
            "149",
            "85",
            "54",
            "24",
            "146",
            "179",
            "53",
            "175",
            "23",
            "178",
            "239",
            "22",
            "236",
            "269",
            "113",
            "299",
            "329",
            "205",
            "110",
            "203",
            "139",
            "169",
            "81",
            "109",
            "168",
            "253",
            "285",
            "230",
            "321",
            "410",
            "195",
            "78",
            "323",
            "283",
            "259",
            "507",
            "202",
            "313",
            "193",
            "440",
            "20",
            "442",
            "532",
            "589",
            "189",
            "188",
            "477",
            "446",
            "386",
            "648",
            "617",
            "474"
        ],
        "4": [
            "340",
            "309",
            "339",
            "308",
            "307",
            "337",
            "277",
            "336",
            "247",
            "367",
            "366",
            "275",
            "397",
            "248",
            "217",
            "245",
            "218",
            "187",
            "186",
            "156",
            "126",
            "191",
            "96",
            "68",
            "134",
            "167",
            "282",
            "252",
            "103",
            "165",
            "251",
            "223",
            "250",
            "229",
            "222",
            "405",
            "231",
            "404",
            "221",
            "163",
            "140",
            "261",
            "318",
            "280",
            "403",
            "164",
            "284",
            "131",
            "112",
            "174",
            "322",
            "142",
            "353",
            "350",
            "145",
            "291",
            "73",
            "172",
            "43",
            "80"
        ],
        "5": [
            "476",
            "415",
            "447",
            "414",
            "416",
            "417",
            "418",
            "419",
            "388",
            "356",
            "357",
            "449",
            "389",
            "355",
            "327",
            "326",
            "325",
            "296",
            "297",
            "267",
            "268",
            "237",
            "238",
            "328",
            "234",
            "233",
            "204",
            "207",
            "383",
            "265",
            "206",
            "293",
            "200",
            "530",
            "147",
            "472",
            "443",
            "352",
            "209",
            "232",
            "562",
            "387",
            "501",
            "563",
            "351",
            "26",
            "86",
            "594",
            "593",
            "29",
            "28",
            "621",
            "254",
            "141",
            "411",
            "83",
            "343",
            "591",
            "590",
            "506"
        ],