{
    "Instance": "Diagonal600_G7",
    "Objective": 226,
    "Infeasibility": 0.013379892593510207,
    "Starting Time": 1692560466.2798238,
    "Time Taken": 75.27607941627502,
    "Initialization Time": 8.673247575759888,
    "nrInitSolutions": 100,
    "startingLambda": 0.1,
    "nrDistricts": 10,
    "lambdaRange": [
        0.1,
        0.4,
        0.7,
        1
    ],
    "delta": 0.05,
    "llambda": 0.7,
    "rcl_parameter": 0.3,
    "Allocation": {
        "0": [
            "737",
            "644",
            "675",
            "738",
            "736",
            "643",
            "767",
            "735",
            "766",
            "642",
            "672",
            "613",
            "641",
            "640",
            "704",
            "612",
            "764",
            "583",
            "739",
            "639",
            "669",
            "611",
            "581",
            "733",
            "551",
            "553",
            "554",
            "699",
            "740",
            "700",
            "701",
            "710",
            "432",
            "465",
            "436",
            "493",
            "464",
            "730",
            "373",
            "434",
            "407",
            "555",
            "403",
            "462",
            "522",
            "406",
            "494",
            "731",
            "435",
            "433",
            "880",
            "883",
            "697",
            "695",
            "673",
            "606",
            "486",
            "693",
            "850",
            "459",
            "460",
            "544",
            "706",
            "523",
            "708"
        ],
        "1": [
            "509",
            "479",
            "449",
            "478",
            "477",
            "418",
            "419",
            "447",
            "389",
            "359",
            "446",
            "329",
            "299",
            "445",
            "415",
            "386",
            "298",
            "269",
            "385",
            "297",
            "356",
            "355",
            "268",
            "387",
            "267",
            "325",
            "357",
            "296",
            "326",
            "266",
            "265",
            "236",
            "264",
            "235",
            "237",
            "263",
            "233",
            "234",
            "205",
            "207",
            "204",
            "175",
            "176",
            "145",
            "146",
            "115",
            "144",
            "208",
            "114",
            "177",
            "148",
            "118",
            "116",
            "119",
            "206",
            "209",
            "149",
            "147",
            "81",
            "28",
            "161"
        ],
        "2": [
            "0",
            "2",
            "1",
            "3",
            "62",
            "32",
            "61",
            "63",
            "64",
            "91",
            "94",
            "65",
            "35",
            "124",
            "95",
            "66",
            "37",
            "67",
            "7",
            "8",
            "9",
            "10",
            "41",
            "40",
            "70",
            "42",
            "101",
            "71",
            "100",
            "12",
            "72",
            "102",
            "131",
            "99",
            "130",
            "132",
            "98",
            "103",
            "160",
            "128",
            "104",
            "190",
            "133",
            "162",
            "163",
            "192",
            "105",
            "158",
            "127",
            "159",
            "193",
            "222",
            "223",
            "253",
            "14",
            "45",
            "250",
            "74"
        ],
        "3": [
            "240",
            "270",
            "300",
            "271",
            "272",
            "242",
            "273",
            "212",
            "303",
            "213",
            "274",
            "182",
            "333",
            "275",
            "363",
            "362",
            "276",
            "393",
            "277",
            "394",
            "422",
            "278",
            "307",
            "247",
            "452",
            "395",
            "217",
            "279",
            "451",
            "309",
            "450",
            "280",
            "187",
            "420",
            "186",
            "249",
            "281",
            "185",
            "184",
            "337",
            "220",
            "156",
            "339",
            "340",
            "311",
            "370",
            "341",
            "342",
            "369",
            "155",
            "371",
            "426",
            "456",
            "334",
            "540",
            "428",
            "487",
            "600"
        ],
        "4": [
            "19",
            "18",
            "20",
            "48",
            "50",
            "47",
            "78",
            "51",
            "77",
            "46",
            "52",
            "79",
            "76",
            "82",
            "22",
            "111",
            "15",
            "109",
            "44",
            "110",
            "112",
            "141",
            "83",
            "139",
            "140",
            "43",
            "138",
            "169",
            "137",
            "171",
            "199",
            "201",
            "198",
            "167",
            "197",
            "228",
            "200",
            "168",
            "202",
            "232",
            "196",
            "170",
            "195",
            "84",
            "194",
            "227",
            "136",
            "85",
            "86",
            "55",
            "87",
            "56",
            "165",
            "25",
            "26",
            "27",
            "24",
            "58",
            "59",
            "29",
            "89",
            "174"
        ],
        "5": [
            "871",
            "841",
            "811",
            "781",
            "810",
            "812",
            "782",
            "780",
            "721",
            "750",
            "783",
            "720",
            "691",
            "753",
            "722",
            "784",
            "690",
            "723",
            "692",
            "754",
            "661",
            "724",
            "660",
            "785",
            "725",
            "631",
            "815",
            "694",
            "816",
            "663",
            "846",
            "633",
            "601",
            "664",
            "876",
            "756",
            "602",
            "632",
            "875",
            "845",
            "877",
            "878",
            "873",
            "844",
            "603",
            "726",
            "848",
            "818",
            "819",
            "789",
            "843",
            "879",
            "703",
            "585",
            "705",
            "792",
            "361",
            "392"
        ],