{
    "Instance": "Corners600_G2",
    "Objective": 371.0,
    "Infeasibility": 0.0,
    "Starting Time": 1709473843.4189887,
    "Time Taken": 3667.1585536003113,
    "Initialization Time": 66.06351089477539,
    "nrDistricts": 10,
    "delta": 0.05,
    "llambda": 0.7,
    "rcl_parameter": 0.3,
    "Allocation": {
        "0": [
            "0",
            "1",
            "4",
            "5",
            "11",
            "30",
            "31",
            "32",
            "33",
            "35",
            "64",
            "65",
            "69",
            "90",
            "91",
            "92",
            "93",
            "95",
            "96",
            "97",
            "120",
            "124",
            "125",
            "126",
            "128",
            "150",
            "152",
            "162",
            "180",
            "181",
            "182",
            "185",
            "210",
            "213",
            "215",
            "241",
            "242",
            "243",
            "244",
            "270",
            "271",
            "274",
            "275",
            "300",
            "302",
            "303",
            "304",
            "331",
            "332",
            "333",
            "334",
            "335",
            "360",
            "361",
            "364",
            "365",
            "367",
            "391",
            "392",
            "393",
            "394",
            "420",
            "421",
            "422"
        ],
        "1": [
            "18",
            "25",
            "28",
            "29",
            "47",
            "54",
            "57",
            "58",
            "81",
            "82",
            "85",
            "87",
            "115",
            "116",
            "118",
            "138",
            "144",
            "148",
            "149",
            "168",
            "169",
            "173",
            "176",
            "178",
            "199",
            "200",
            "202",
            "203",
            "204",
            "206",
            "208",
            "227",
            "228",
            "229",
            "232",
            "259",
            "261",
            "263",
            "266",
            "284",
            "287",
            "289",
            "292",
            "294",
            "296",
            "316",
            "323",
            "351",
            "354",
            "375",
            "378",
            "382",
            "384",
            "386",
            "406",
            "413",
            "445",
            "468",
            "528"
        ],
        "2": [
            "321",
            "427",
            "472",
            "489",
            "517",
            "521",
            "582",
            "606",
            "608",
            "616",
            "627",
            "636",
            "641",
            "645",
            "649",
            "662",
            "677",
            "692",
            "695",
            "700",
            "705",
            "706",
            "714",
            "722",
            "728",
            "739",
            "744",
            "756",
            "763",
            "770",
            "771",
            "772",
            "774",
            "775",
            "787",
            "792",
            "796",
            "798",
            "799",
            "803",
            "806",
            "808",
            "820",
            "821",
            "827",
            "831",
            "842",
            "850",
            "860",
            "862",
            "865",
            "873",
            "874",
            "876",
            "878",
            "880",
            "884",
            "888",
            "890",
            "894",
            "895",
            "896"
        ],
        "3": [
            "189",
            "198",
            "258",
            "262",
            "322",
            "327",
            "337",
            "387",
            "477",
            "498",
            "522",
            "613",
            "668",
            "674",
            "683",
            "684",
            "686",
            "689",
            "697",
            "711",
            "712",
            "715",
            "719",
            "741",
            "742",
            "746",
            "749",
            "766",
            "769",
            "776",
            "778",
            "786",
            "801",
            "804",
            "817",
            "819",
            "823",
            "825",
            "826",
            "828",
            "829",
            "832",
            "835",
            "836",
            "838",
            "839",
            "848",
            "849",
            "854",
            "857",
            "867",
            "868",
            "869",
            "879",
            "881",
            "885",
            "893",
            "898"
        ],
        "4": [
            "21",
            "22",
            "23",
            "24",
            "48",
            "49",
            "51",
            "53",
            "55",
            "56",
            "84",
            "88",
            "146",
            "220",
            "230",
            "231",
            "234",
            "308",
            "343",
            "356",
            "358",
            "370",
            "389",
            "398",
            "415",
            "418",
            "426",
            "432",
            "439",
            "446",
            "449",
            "457",
            "458",
            "471",
            "499",
            "505",
            "509",
            "532",
            "534",
            "535",
            "539",
            "560",
            "565",
            "567",
            "569",
            "595",
            "598",
            "623",
            "628",
            "651",
            "652",
            "658",
            "687",
            "688",
            "717",
            "718",
            "747",
            "748"
        ],
        "5": [
            "7",
            "14",
            "102",
            "122",
            "127",
            "130",
            "132",
            "135",
            "136",
            "157",
            "163",
            "164",
            "170",
            "184",
            "192",
            "193",
            "194",
            "197",
            "211",
            "217",
            "278",
            "280",
            "311",
            "315",
            "324",
            "342",
            "377",
            "399",
            "404",
            "440",
            "455",
            "460",
            "474",
            "511",
            "542",
            "548",
            "570",
            "572",
            "587",
            "596",
            "609",
            "612",
            "646",
            "666",
            "667",
            "670",
            "696",
            "726",
            "732",
            "734",
            "736",
            "762",
            "816",
            "846",
            "852"
        ],