{
    "Instance": "Diagonal600_G7",
    "Objective": 388.0,
    "Infeasibility": 0.0,
    "Starting Time": 1709492184.0847127,
    "Time Taken": 3666.0888209342957,
    "Initialization Time": 65.11062431335449,
    "nrDistricts": 10,
    "delta": 0.05,
    "llambda": 0.7,
    "rcl_parameter": 0.3,
    "Allocation": {
        "0": [
            "0",
            "2",
            "7",
            "19",
            "25",
            "27",
            "29",
            "55",
            "59",
            "62",
            "72",
            "76",
            "87",
            "91",
            "98",
            "100",
            "102",
            "114",
            "116",
            "145",
            "146",
            "147",
            "148",
            "168",
            "170",
            "177",
            "190",
            "194",
            "204",
            "213",
            "220",
            "226",
            "228",
            "250",
            "255",
            "256",
            "257",
            "284",
            "285",
            "297",
            "298",
            "299",
            "303",
            "315",
            "318",
            "354",
            "356",
            "357",
            "371",
            "382",
            "383",
            "386",
            "418",
            "441",
            "443",
            "445",
            "446",
            "467",
            "472",
            "479",
            "527"
        ],
        "1": [
            "430",
            "436",
            "453",
            "460",
            "485",
            "554",
            "563",
            "588",
            "601",
            "609",
            "611",
            "613",
            "619",
            "623",
            "627",
            "640",
            "644",
            "661",
            "665",
            "676",
            "677",
            "679",
            "692",
            "698",
            "701",
            "704",
            "707",
            "726",
            "733",
            "735",
            "755",
            "761",
            "762",
            "765",
            "785",
            "790",
            "791",
            "792",
            "793",
            "795",
            "798",
            "799",
            "800",
            "818",
            "819",
            "828",
            "830",
            "844",
            "846",
            "861",
            "865",
            "884",
            "887",
            "888",
            "889",
            "893",
            "897"
        ],
        "2": [
            "12",
            "15",
            "18",
            "35",
            "42",
            "50",
            "51",
            "67",
            "71",
            "85",
            "111",
            "118",
            "132",
            "149",
            "156",
            "161",
            "167",
            "174",
            "176",
            "182",
            "184",
            "195",
            "197",
            "199",
            "201",
            "217",
            "240",
            "247",
            "253",
            "254",
            "260",
            "269",
            "271",
            "273",
            "274",
            "275",
            "277",
            "290",
            "307",
            "311",
            "320",
            "326",
            "327",
            "342",
            "345",
            "348",
            "361",
            "362",
            "363",
            "392",
            "394",
            "395",
            "420",
            "439",
            "447",
            "450",
            "480",
            "481"
        ],
        "3": [
            "397",
            "406",
            "432",
            "433",
            "451",
            "452",
            "456",
            "464",
            "486",
            "488",
            "522",
            "541",
            "553",
            "567",
            "576",
            "579",
            "581",
            "593",
            "597",
            "600",
            "617",
            "629",
            "632",
            "633",
            "635",
            "641",
            "642",
            "653",
            "655",
            "660",
            "668",
            "672",
            "697",
            "710",
            "716",
            "724",
            "731",
            "732",
            "736",
            "737",
            "743",
            "759",
            "767",
            "774",
            "781",
            "796",
            "801",
            "815",
            "831",
            "848",
            "850",
            "851",
            "855",
            "859",
            "862",
            "863",
            "877",
            "885"
        ],
        "4": [
            "403",
            "435",
            "490",
            "493",
            "500",
            "517",
            "525",
            "545",
            "546",
            "562",
            "564",
            "566",
            "568",
            "574",
            "577",
            "580",
            "583",
            "587",
            "590",
            "595",
            "598",
            "599",
            "612",
            "618",
            "621",
            "631",
            "646",
            "650",
            "675",
            "683",
            "690",
            "695",
            "700",
            "708",
            "713",
            "718",
            "722",
            "723",
            "734",
            "740",
            "766",
            "775",
            "784",
            "789",
            "802",
            "807",
            "812",
            "823",
            "825",
            "826",
            "837",
            "852",
            "853",
            "867",
            "879",
            "882",
            "883"
        ],
        "5": [
            "8",
            "10",
            "20",
            "26",
            "28",
            "40",
            "43",
            "52",
            "63",
            "65",
            "66",
            "78",
            "84",
            "86",
            "95",
            "99",
            "101",
            "105",
            "124",
            "127",
            "130",
            "131",
            "141",
            "144",
            "158",
            "159",
            "160",
            "165",
            "169",
            "171",
            "187",
            "192",
            "196",
            "202",
            "229",
            "232",
            "258",
            "267",
            "272",
            "280",
            "281",
            "286",
            "292",
            "296",
            "329",
            "337",
            "350",
            "381",
            "384",
            "411",
            "412",
            "415",
            "416",
            "426",
            "442",
            "454",
            "484",
            "512",
            "540",
            "542",
            "544"
        ],