{
    "Instance": "Diagonal600_G2",
    "Objective": 914.0,
    "Infeasibility": 0.0,
    "Starting Time": 1709477511.7193828,
    "Time Taken": 3667.683751344681,
    "Initialization Time": 66.66909337043762,
    "nrDistricts": 10,
    "delta": 0.05,
    "llambda": 0.7,
    "rcl_parameter": 0.3,
    "Allocation": {
        "0": [
            "1",
            "4",
            "50",
            "64",
            "80",
            "102",
            "159",
            "166",
            "194",
            "258",
            "302",
            "321",
            "336",
            "339",
            "355",
            "359",
            "369",
            "405",
            "407",
            "426",
            "442",
            "453",
            "459",
            "462",
            "464",
            "480",
            "487",
            "498",
            "512",
            "525",
            "552",
            "568",
            "592",
            "602",
            "611",
            "613",
            "634",
            "660",
            "668",
            "670",
            "676",
            "702",
            "704",
            "717",
            "724",
            "733",
            "754",
            "756",
            "764",
            "777",
            "790",
            "794",
            "811",
            "817",
            "819",
            "851",
            "870",
            "880",
            "889",
            "895"
        ],
        "1": [
            "7",
            "11",
            "37",
            "41",
            "43",
            "48",
            "69",
            "70",
            "75",
            "79",
            "91",
            "96",
            "103",
            "114",
            "123",
            "131",
            "136",
            "140",
            "141",
            "150",
            "170",
            "181",
            "182",
            "187",
            "204",
            "206",
            "220",
            "225",
            "226",
            "234",
            "251",
            "265",
            "283",
            "292",
            "323",
            "332",
            "343",
            "375",
            "377",
            "409",
            "447",
            "461",
            "483",
            "486",
            "495",
            "549",
            "567",
            "580",
            "582",
            "601",
            "617",
            "641",
            "732",
            "746",
            "759",
            "798",
            "816",
            "828",
            "834",
            "836",
            "874"
        ],
        "2": [
            "3",
            "18",
            "24",
            "25",
            "31",
            "38",
            "42",
            "56",
            "60",
            "73",
            "104",
            "106",
            "117",
            "130",
            "138",
            "153",
            "163",
            "171",
            "174",
            "179",
            "180",
            "186",
            "188",
            "191",
            "197",
            "217",
            "222",
            "223",
            "241",
            "248",
            "254",
            "277",
            "280",
            "290",
            "293",
            "294",
            "307",
            "352",
            "361",
            "385",
            "395",
            "412",
            "424",
            "437",
            "471",
            "505",
            "519",
            "555",
            "597",
            "628",
            "638",
            "647",
            "673",
            "720",
            "729",
            "750",
            "755",
            "766",
            "770",
            "850",
            "875",
            "883"
        ],
        "3": [
            "16",
            "22",
            "34",
            "71",
            "86",
            "93",
            "133",
            "139",
            "145",
            "155",
            "175",
            "228",
            "232",
            "237",
            "250",
            "381",
            "384",
            "391",
            "410",
            "428",
            "429",
            "432",
            "443",
            "444",
            "446",
            "450",
            "460",
            "478",
            "536",
            "547",
            "571",
            "608",
            "612",
            "621",
            "639",
            "693",
            "695",
            "705",
            "706",
            "722",
            "747",
            "768",
            "779",
            "813",
            "829",
            "838",
            "844",
            "845",
            "849",
            "858",
            "879",
            "888"
        ],
        "4": [
            "47",
            "51",
            "52",
            "55",
            "59",
            "77",
            "83",
            "87",
            "112",
            "128",
            "162",
            "165",
            "169",
            "195",
            "209",
            "210",
            "233",
            "252",
            "256",
            "267",
            "282",
            "289",
            "297",
            "313",
            "322",
            "337",
            "340",
            "374",
            "382",
            "386",
            "421",
            "448",
            "452",
            "454",
            "457",
            "469",
            "476",
            "484",
            "488",
            "490",
            "513",
            "516",
            "573",
            "579",
            "649",
            "682",
            "700",
            "710",
            "735",
            "745",
            "778",
            "781",
            "795",
            "809",
            "831",
            "832",
            "835",
            "866",
            "890",
            "891",
            "894"
        ],
        "5": [
            "10",
            "13",
            "23",
            "27",
            "45",
            "57",
            "66",
            "67",
            "72",
            "82",
            "88",
            "167",
            "168",
            "177",
            "200",
            "202",
            "214",
            "230",
            "249",
            "261",
            "263",
            "286",
            "299",
            "351",
            "373",
            "398",
            "411",
            "413",
            "414",
            "418",
            "456",
            "474",
            "482",
            "485",
            "510",
            "511",
            "515",
            "518",
            "559",
            "574",
            "575",
            "576",
            "591",
            "600",
            "646",
            "688",
            "715",
            "731",
            "738",
            "760",
            "780",
            "783",
            "793",
            "815",
            "853",
            "871",
            "885",
            "893"
        ],