{
    "Instance": "Diagonal600_G6",
    "Objective": 448.0,
    "Infeasibility": 0.0,
    "Starting Time": 1709459167.9081697,
    "Time Taken": 3668.9524812698364,
    "Initialization Time": 65.56248354911804,
    "nrDistricts": 10,
    "delta": 0.05,
    "llambda": 0.7,
    "rcl_parameter": 0.3,
    "Allocation": {
        "0": [
            "0",
            "35",
            "62",
            "65",
            "69",
            "90",
            "93",
            "94",
            "95",
            "100",
            "120",
            "121",
            "123",
            "128",
            "130",
            "140",
            "152",
            "155",
            "156",
            "157",
            "169",
            "171",
            "182",
            "190",
            "191",
            "198",
            "206",
            "220",
            "223",
            "261",
            "276",
            "293",
            "305",
            "316",
            "406",
            "439",
            "513",
            "635",
            "637",
            "642",
            "644",
            "666",
            "667",
            "728",
            "733",
            "735",
            "738",
            "769",
            "790",
            "796",
            "822",
            "824",
            "826",
            "848",
            "875",
            "883"
        ],
        "1": [
            "20",
            "89",
            "102",
            "114",
            "141",
            "172",
            "173",
            "252",
            "314",
            "334",
            "337",
            "374",
            "393",
            "424",
            "428",
            "451",
            "452",
            "456",
            "457",
            "458",
            "483",
            "512",
            "519",
            "522",
            "548",
            "561",
            "576",
            "603",
            "630",
            "660",
            "675",
            "696",
            "701",
            "704",
            "710",
            "723",
            "725",
            "729",
            "760",
            "784",
            "789",
            "792",
            "799",
            "813",
            "819",
            "820",
            "842",
            "853",
            "872",
            "878",
            "880",
            "881",
            "886",
            "887"
        ],
        "2": [
            "2",
            "5",
            "10",
            "63",
            "84",
            "86",
            "104",
            "109",
            "116",
            "117",
            "145",
            "147",
            "148",
            "151",
            "160",
            "177",
            "185",
            "192",
            "194",
            "201",
            "210",
            "211",
            "212",
            "228",
            "241",
            "256",
            "264",
            "265",
            "281",
            "286",
            "291",
            "292",
            "297",
            "311",
            "312",
            "328",
            "330",
            "333",
            "342",
            "361",
            "378",
            "385",
            "420",
            "481",
            "490",
            "553",
            "589",
            "593",
            "638",
            "649",
            "703",
            "753",
            "754",
            "767",
            "785",
            "788",
            "854"
        ],
        "3": [
            "72",
            "101",
            "132",
            "133",
            "163",
            "164",
            "202",
            "208",
            "322",
            "352",
            "389",
            "394",
            "423",
            "426",
            "450",
            "453",
            "454",
            "469",
            "514",
            "515",
            "517",
            "526",
            "540",
            "551",
            "562",
            "572",
            "577",
            "602",
            "609",
            "619",
            "622",
            "646",
            "650",
            "651",
            "665",
            "668",
            "669",
            "690",
            "692",
            "706",
            "724",
            "734",
            "740",
            "755",
            "756",
            "759",
            "780",
            "786",
            "791",
            "795",
            "814",
            "816",
            "840",
            "841",
            "844",
            "847",
            "851",
            "855",
            "858",
            "871",
            "873",
            "877"
        ],
        "4": [
            "22",
            "23",
            "25",
            "27",
            "42",
            "43",
            "51",
            "56",
            "59",
            "70",
            "71",
            "75",
            "99",
            "106",
            "107",
            "119",
            "158",
            "162",
            "166",
            "168",
            "178",
            "187",
            "215",
            "222",
            "236",
            "251",
            "269",
            "274",
            "282",
            "285",
            "308",
            "335",
            "340",
            "365",
            "369",
            "397",
            "399",
            "401",
            "402",
            "431",
            "436",
            "463",
            "502",
            "504",
            "543",
            "575",
            "581",
            "583",
            "595",
            "611",
            "658",
            "685",
            "836"
        ],
        "5": [
            "15",
            "50",
            "54",
            "87",
            "103",
            "110",
            "136",
            "144",
            "197",
            "224",
            "234",
            "246",
            "247",
            "254",
            "257",
            "284",
            "289",
            "325",
            "326",
            "329",
            "391",
            "407",
            "421",
            "441",
            "470",
            "480",
            "489",
            "510",
            "516",
            "550",
            "571",
            "574",
            "591",
            "601",
            "614",
            "617",
            "618",
            "653",
            "662",
            "677",
            "679",
            "699",
            "708",
            "721",
            "730",
            "736",
            "750",
            "751",
            "761",
            "782",
            "802",
            "811",
            "818",
            "823",
            "825",
            "829",
            "830",
            "849",
            "859",
            "860",
            "876",
            "889"
        ],