{
    "Instance": "planar500_G2",
    "Objective": 100.61445015506722,
    "Infeasibility": 0.0,
    "Starting Time": 1711729193.4829357,
    "Time Taken": 3646.010557413101,
    "Initialization Time": 45.328051805496216,
    "nrDistricts": 10,
    "delta": 0.05,
    "llambda": 0.7,
    "rcl_parameter": 0.3,
    "Allocation": {
        "0": [
            "0",
            "22",
            "25",
            "38",
            "51",
            "54",
            "77",
            "80",
            "86",
            "87",
            "91",
            "121",
            "123",
            "128",
            "133",
            "136",
            "138",
            "166",
            "168",
            "172",
            "187",
            "196",
            "202",
            "205",
            "207",
            "220",
            "230",
            "241",
            "251",
            "256",
            "263",
            "265",
            "279",
            "285",
            "287",
            "293",
            "304",
            "310",
            "328",
            "346",
            "362",
            "364",
            "379",
            "404",
            "425",
            "430",
            "447",
            "470",
            "485",
            "490"
        ],
        "1": [
            "12",
            "13",
            "20",
            "32",
            "62",
            "73",
            "76",
            "85",
            "95",
            "101",
            "106",
            "117",
            "125",
            "130",
            "140",
            "145",
            "151",
            "153",
            "160",
            "179",
            "199",
            "209",
            "212",
            "225",
            "229",
            "239",
            "247",
            "295",
            "296",
            "303",
            "314",
            "337",
            "372",
            "374",
            "375",
            "384",
            "402",
            "405",
            "411",
            "416",
            "419",
            "434",
            "454",
            "455",
            "456",
            "462",
            "464",
            "479",
            "489"
        ],
        "2": [
            "9",
            "10",
            "14",
            "18",
            "26",
            "35",
            "58",
            "61",
            "74",
            "75",
            "78",
            "127",
            "131",
            "134",
            "147",
            "154",
            "155",
            "156",
            "157",
            "167",
            "186",
            "189",
            "192",
            "215",
            "221",
            "223",
            "234",
            "249",
            "258",
            "261",
            "269",
            "276",
            "280",
            "322",
            "339",
            "349",
            "357",
            "361",
            "387",
            "398",
            "427",
            "441",
            "443",
            "458",
            "474",
            "476",
            "483",
            "491",
            "492"
        ],
        "3": [
            "17",
            "31",
            "36",
            "41",
            "42",
            "50",
            "69",
            "82",
            "99",
            "112",
            "137",
            "142",
            "148",
            "150",
            "152",
            "162",
            "185",
            "200",
            "226",
            "227",
            "228",
            "237",
            "254",
            "257",
            "270",
            "271",
            "288",
            "290",
            "291",
            "297",
            "324",
            "325",
            "338",
            "347",
            "355",
            "360",
            "378",
            "397",
            "399",
            "403",
            "408",
            "414",
            "417",
            "442",
            "446",
            "480",
            "497"
        ],
        "4": [
            "2",
            "4",
            "8",
            "27",
            "44",
            "45",
            "56",
            "59",
            "63",
            "65",
            "67",
            "68",
            "71",
            "83",
            "88",
            "90",
            "94",
            "96",
            "98",
            "109",
            "119",
            "129",
            "144",
            "183",
            "231",
            "238",
            "259",
            "266",
            "267",
            "274",
            "275",
            "284",
            "286",
            "292",
            "299",
            "311",
            "317",
            "331",
            "335",
            "341",
            "345",
            "359",
            "365",
            "393",
            "431",
            "453",
            "460",
            "463",
            "475",
            "478",
            "484",
            "493"
        ],
        "5": [
            "34",
            "55",
            "64",
            "79",
            "107",
            "108",
            "114",
            "132",
            "135",
            "141",
            "171",
            "176",
            "177",
            "188",
            "204",
            "211",
            "244",
            "246",
            "260",
            "281",
            "282",
            "294",
            "298",
            "306",
            "315",
            "318",
            "342",
            "353",
            "363",
            "366",
            "368",
            "373",
            "385",
            "386",
            "394",
            "407",
            "412",
            "415",
            "422",
            "429",
            "436",
            "437",
            "439",
            "450",
            "465",
            "473",
            "486",
            "488",
            "494"
        ],
        "6": [
            "3",
            "11",
            "16",
            "19",
            "21",
            "46",
            "48",
            "66",
            "97",
            "115",
            "118",
            "122",
            "139",
            "158",
            "161",
            "163",
            "165",
            "169",
            "173",
            "174",
            "182",
            "184",
            "206",
            "233",
            "236",
            "253",
            "255",
            "264",
            "277",
            "283",
            "308",
            "316",
            "333",
            "336",
            "350",
            "356",
            "358",
            "381",
            "383",
            "390",
            "410",
            "448",
            "449",
            "451",
            "461",
            "466",
            "471",
            "481",
            "482",
            "499"
        ],