{
    "Instance": "planar500_G3",
    "Objective": 78.26171249451515,
    "Infeasibility": 0.0,
    "Starting Time": 1711703498.7111425,
    "Time Taken": 3646.2209091186523,
    "Initialization Time": 45.53481960296631,
    "nrDistricts": 10,
    "delta": 0.05,
    "llambda": 0.7,
    "rcl_parameter": 0.3,
    "Allocation": {
        "0": [
            "0",
            "2",
            "5",
            "8",
            "37",
            "38",
            "41",
            "60",
            "61",
            "71",
            "73",
            "111",
            "115",
            "144",
            "154",
            "163",
            "164",
            "166",
            "182",
            "183",
            "203",
            "214",
            "216",
            "220",
            "234",
            "236",
            "257",
            "276",
            "293",
            "302",
            "308",
            "316",
            "333",
            "370",
            "379",
            "381",
            "383",
            "385",
            "399",
            "400",
            "411",
            "435",
            "437",
            "445",
            "448",
            "460",
            "475",
            "497",
            "499"
        ],
        "1": [
            "3",
            "4",
            "7",
            "53",
            "56",
            "69",
            "105",
            "106",
            "110",
            "112",
            "117",
            "138",
            "139",
            "145",
            "171",
            "172",
            "176",
            "209",
            "226",
            "232",
            "244",
            "252",
            "255",
            "272",
            "296",
            "313",
            "342",
            "355",
            "380",
            "389",
            "393",
            "405",
            "406",
            "413",
            "417",
            "421",
            "426",
            "447",
            "452",
            "456",
            "458",
            "464",
            "465",
            "468",
            "473",
            "480",
            "486",
            "487"
        ],
        "2": [
            "12",
            "20",
            "32",
            "34",
            "49",
            "70",
            "77",
            "82",
            "90",
            "91",
            "93",
            "95",
            "100",
            "104",
            "109",
            "128",
            "133",
            "134",
            "142",
            "150",
            "165",
            "186",
            "190",
            "206",
            "208",
            "211",
            "217",
            "223",
            "246",
            "269",
            "282",
            "291",
            "304",
            "319",
            "323",
            "332",
            "335",
            "344",
            "354",
            "358",
            "364",
            "387",
            "394",
            "397",
            "409",
            "425",
            "442",
            "453",
            "462",
            "474",
            "476"
        ],
        "3": [
            "16",
            "19",
            "22",
            "33",
            "35",
            "39",
            "47",
            "58",
            "65",
            "85",
            "103",
            "114",
            "116",
            "124",
            "129",
            "157",
            "187",
            "192",
            "199",
            "205",
            "207",
            "230",
            "231",
            "258",
            "264",
            "266",
            "267",
            "280",
            "294",
            "309",
            "322",
            "324",
            "336",
            "340",
            "346",
            "350",
            "351",
            "353",
            "382",
            "398",
            "401",
            "429",
            "430",
            "444",
            "455",
            "466",
            "467",
            "470",
            "489"
        ],
        "4": [
            "15",
            "26",
            "31",
            "40",
            "43",
            "44",
            "62",
            "67",
            "75",
            "79",
            "80",
            "83",
            "84",
            "96",
            "113",
            "119",
            "132",
            "146",
            "174",
            "179",
            "201",
            "235",
            "237",
            "240",
            "248",
            "249",
            "251",
            "259",
            "263",
            "273",
            "279",
            "285",
            "288",
            "290",
            "300",
            "314",
            "327",
            "329",
            "339",
            "341",
            "352",
            "372",
            "384",
            "390",
            "427",
            "457",
            "471",
            "488",
            "491",
            "498"
        ],
        "5": [
            "11",
            "29",
            "48",
            "51",
            "59",
            "74",
            "87",
            "120",
            "125",
            "131",
            "135",
            "155",
            "158",
            "160",
            "167",
            "168",
            "202",
            "219",
            "225",
            "227",
            "247",
            "254",
            "268",
            "271",
            "281",
            "287",
            "298",
            "306",
            "310",
            "317",
            "318",
            "325",
            "343",
            "366",
            "373",
            "375",
            "392",
            "404",
            "407",
            "416",
            "418",
            "420",
            "423",
            "434",
            "439",
            "451",
            "483",
            "495"
        ],
        "6": [
            "10",
            "23",
            "27",
            "28",
            "50",
            "64",
            "72",
            "76",
            "89",
            "123",
            "137",
            "141",
            "148",
            "152",
            "153",
            "159",
            "177",
            "178",
            "184",
            "189",
            "193",
            "194",
            "195",
            "196",
            "204",
            "210",
            "213",
            "221",
            "222",
            "256",
            "262",
            "265",
            "270",
            "275",
            "277",
            "278",
            "292",
            "295",
            "312",
            "320",
            "326",
            "347",
            "357",
            "365",
            "371",
            "376",
            "402",
            "436",
            "443",
            "450",
            "469",
            "472",
            "477",
            "484"
        ],