{
    "Instance": "planar600_G9",
    "Objective": 101.2744016742042,
    "Infeasibility": 0.0,
    "Starting Time": 1711663119.1243393,
    "Time Taken": 3668.7033789157867,
    "Initialization Time": 67.72238159179688,
    "nrDistricts": 10,
    "delta": 0.05,
    "llambda": 0.7,
    "rcl_parameter": 0.3,
    "Allocation": {
        "0": [
            "0",
            "5",
            "23",
            "56",
            "57",
            "58",
            "70",
            "96",
            "135",
            "136",
            "140",
            "146",
            "153",
            "156",
            "157",
            "167",
            "170",
            "178",
            "185",
            "190",
            "199",
            "230",
            "241",
            "242",
            "246",
            "254",
            "255",
            "261",
            "263",
            "265",
            "283",
            "291",
            "296",
            "297",
            "316",
            "325",
            "336",
            "392",
            "395",
            "416",
            "421",
            "423",
            "426",
            "432",
            "441",
            "443",
            "472",
            "483",
            "517",
            "525",
            "540",
            "545",
            "568",
            "578",
            "583"
        ],
        "1": [
            "6",
            "10",
            "18",
            "29",
            "33",
            "37",
            "43",
            "63",
            "66",
            "93",
            "101",
            "114",
            "116",
            "126",
            "138",
            "173",
            "195",
            "205",
            "228",
            "234",
            "243",
            "250",
            "251",
            "266",
            "282",
            "289",
            "290",
            "310",
            "332",
            "337",
            "338",
            "340",
            "358",
            "362",
            "366",
            "408",
            "435",
            "440",
            "448",
            "450",
            "452",
            "454",
            "479",
            "481",
            "492",
            "500",
            "508",
            "514",
            "518",
            "523",
            "527",
            "531",
            "542",
            "543",
            "546",
            "547",
            "556",
            "584",
            "588"
        ],
        "2": [
            "3",
            "13",
            "15",
            "42",
            "59",
            "76",
            "77",
            "84",
            "92",
            "112",
            "115",
            "124",
            "130",
            "142",
            "145",
            "168",
            "181",
            "206",
            "214",
            "217",
            "221",
            "229",
            "231",
            "237",
            "245",
            "253",
            "258",
            "264",
            "276",
            "299",
            "300",
            "318",
            "379",
            "380",
            "381",
            "384",
            "387",
            "391",
            "397",
            "418",
            "422",
            "424",
            "427",
            "430",
            "433",
            "434",
            "438",
            "473",
            "486",
            "502",
            "520",
            "526",
            "551",
            "552",
            "560",
            "561",
            "562",
            "571",
            "574",
            "590",
            "592"
        ],
        "3": [
            "7",
            "20",
            "24",
            "30",
            "39",
            "50",
            "54",
            "71",
            "79",
            "100",
            "117",
            "139",
            "144",
            "149",
            "164",
            "177",
            "188",
            "194",
            "198",
            "201",
            "215",
            "219",
            "235",
            "262",
            "270",
            "307",
            "308",
            "314",
            "317",
            "320",
            "327",
            "334",
            "349",
            "359",
            "363",
            "364",
            "372",
            "390",
            "393",
            "403",
            "412",
            "413",
            "414",
            "436",
            "439",
            "444",
            "455",
            "456",
            "459",
            "463",
            "471",
            "480",
            "499",
            "507",
            "511",
            "516",
            "566",
            "576",
            "589",
            "595"
        ],
        "4": [
            "8",
            "11",
            "19",
            "35",
            "44",
            "49",
            "52",
            "75",
            "81",
            "98",
            "102",
            "106",
            "108",
            "110",
            "122",
            "123",
            "128",
            "132",
            "141",
            "151",
            "158",
            "169",
            "171",
            "172",
            "174",
            "191",
            "197",
            "202",
            "210",
            "227",
            "247",
            "275",
            "280",
            "281",
            "315",
            "339",
            "342",
            "361",
            "374",
            "382",
            "383",
            "385",
            "386",
            "398",
            "400",
            "411",
            "446",
            "447",
            "461",
            "477",
            "489",
            "495",
            "506",
            "510",
            "519",
            "521",
            "533",
            "549",
            "559",
            "565",
            "567",
            "570",
            "586",
            "593"
        ],
        "5": [
            "14",
            "27",
            "38",
            "41",
            "48",
            "51",
            "60",
            "61",
            "62",
            "69",
            "73",
            "74",
            "82",
            "83",
            "86",
            "89",
            "105",
            "111",
            "127",
            "129",
            "143",
            "182",
            "187",
            "193",
            "207",
            "212",
            "226",
            "257",
            "269",
            "272",
            "277",
            "279",
            "284",
            "285",
            "287",
            "303",
            "304",
            "309",
            "346",
            "348",
            "353",
            "389",
            "394",
            "401",
            "402",
            "407",
            "429",
            "458",
            "465",
            "466",
            "469",
            "476",
            "482",
            "487",
            "498",
            "544",
            "548",
            "553",
            "587"
        ],