{
    "Instance": "planar600_G6",
    "Objective": 100.18020597792007,
    "Infeasibility": 0.0,
    "Starting Time": 1711622716.8946645,
    "Time Taken": 3670.373260974884,
    "Initialization Time": 69.39241099357605,
    "nrDistricts": 10,
    "delta": 0.05,
    "llambda": 0.7,
    "rcl_parameter": 0.3,
    "Allocation": {
        "0": [
            "0",
            "18",
            "38",
            "46",
            "57",
            "99",
            "105",
            "141",
            "147",
            "149",
            "157",
            "166",
            "180",
            "215",
            "261",
            "262",
            "266",
            "276",
            "278",
            "297",
            "304",
            "309",
            "313",
            "328",
            "331",
            "348",
            "351",
            "353",
            "371",
            "373",
            "378",
            "379",
            "395",
            "418",
            "420",
            "424",
            "437",
            "440",
            "451",
            "454",
            "462",
            "478",
            "509",
            "514",
            "517",
            "523",
            "527",
            "528",
            "533",
            "536",
            "541",
            "544",
            "553",
            "567",
            "572",
            "591",
            "594",
            "598",
            "599"
        ],
        "1": [
            "1",
            "4",
            "21",
            "43",
            "58",
            "68",
            "74",
            "77",
            "81",
            "102",
            "111",
            "113",
            "127",
            "128",
            "132",
            "155",
            "156",
            "161",
            "162",
            "165",
            "169",
            "170",
            "185",
            "188",
            "204",
            "220",
            "222",
            "229",
            "268",
            "269",
            "317",
            "325",
            "332",
            "338",
            "342",
            "359",
            "360",
            "362",
            "397",
            "402",
            "403",
            "411",
            "412",
            "413",
            "415",
            "417",
            "419",
            "430",
            "434",
            "438",
            "470",
            "475",
            "483",
            "502",
            "505",
            "559",
            "562",
            "573",
            "575",
            "589",
            "592",
            "593"
        ],
        "2": [
            "3",
            "12",
            "13",
            "22",
            "23",
            "29",
            "36",
            "39",
            "50",
            "52",
            "54",
            "71",
            "83",
            "84",
            "91",
            "94",
            "112",
            "116",
            "118",
            "133",
            "135",
            "137",
            "142",
            "193",
            "207",
            "209",
            "212",
            "235",
            "240",
            "252",
            "273",
            "293",
            "296",
            "298",
            "311",
            "320",
            "324",
            "336",
            "340",
            "344",
            "349",
            "358",
            "364",
            "396",
            "404",
            "426",
            "441",
            "445",
            "461",
            "474",
            "476",
            "499",
            "508",
            "538",
            "546",
            "549",
            "554",
            "568",
            "569",
            "581"
        ],
        "3": [
            "17",
            "25",
            "40",
            "44",
            "47",
            "49",
            "60",
            "75",
            "78",
            "86",
            "103",
            "106",
            "110",
            "115",
            "120",
            "121",
            "138",
            "144",
            "152",
            "154",
            "167",
            "172",
            "184",
            "200",
            "201",
            "203",
            "217",
            "230",
            "234",
            "249",
            "254",
            "294",
            "310",
            "318",
            "354",
            "356",
            "366",
            "384",
            "386",
            "388",
            "393",
            "400",
            "421",
            "425",
            "436",
            "439",
            "453",
            "463",
            "468",
            "492",
            "497",
            "498",
            "504",
            "507",
            "520",
            "522",
            "563",
            "585",
            "595"
        ],
        "4": [
            "9",
            "15",
            "19",
            "20",
            "35",
            "53",
            "56",
            "63",
            "72",
            "73",
            "85",
            "87",
            "98",
            "109",
            "117",
            "119",
            "153",
            "158",
            "176",
            "179",
            "190",
            "192",
            "195",
            "202",
            "205",
            "211",
            "216",
            "219",
            "225",
            "228",
            "239",
            "246",
            "248",
            "272",
            "274",
            "279",
            "280",
            "300",
            "301",
            "326",
            "327",
            "365",
            "368",
            "369",
            "380",
            "385",
            "392",
            "401",
            "416",
            "423",
            "428",
            "464",
            "479",
            "491",
            "506",
            "515",
            "530",
            "539",
            "566",
            "588"
        ],
        "5": [
            "5",
            "7",
            "14",
            "32",
            "34",
            "62",
            "80",
            "82",
            "107",
            "124",
            "146",
            "151",
            "160",
            "173",
            "177",
            "186",
            "208",
            "210",
            "213",
            "232",
            "253",
            "263",
            "267",
            "270",
            "271",
            "275",
            "283",
            "285",
            "316",
            "339",
            "345",
            "355",
            "367",
            "370",
            "372",
            "374",
            "382",
            "398",
            "414",
            "427",
            "435",
            "443",
            "449",
            "456",
            "457",
            "465",
            "471",
            "473",
            "477",
            "481",
            "490",
            "518",
            "519",
            "529",
            "534",
            "550",
            "558"
        ],