{
    "Instance": "planar500_G4",
    "Objective": 101.80982163431975,
    "Infeasibility": 0.0,
    "Starting Time": 1711692505.561703,
    "Time Taken": 3646.029157400131,
    "Initialization Time": 45.34083580970764,
    "nrDistricts": 10,
    "delta": 0.05,
    "llambda": 0.7,
    "rcl_parameter": 0.3,
    "Allocation": {
        "0": [
            "0",
            "28",
            "55",
            "60",
            "82",
            "92",
            "94",
            "98",
            "104",
            "107",
            "110",
            "121",
            "135",
            "148",
            "162",
            "171",
            "196",
            "204",
            "208",
            "217",
            "236",
            "243",
            "251",
            "260",
            "262",
            "263",
            "266",
            "276",
            "278",
            "319",
            "340",
            "343",
            "349",
            "354",
            "366",
            "375",
            "389",
            "392",
            "416",
            "420",
            "440",
            "450",
            "471",
            "477",
            "479",
            "481",
            "483",
            "485",
            "496"
        ],
        "1": [
            "15",
            "23",
            "27",
            "31",
            "42",
            "56",
            "57",
            "61",
            "63",
            "65",
            "79",
            "113",
            "145",
            "150",
            "156",
            "167",
            "181",
            "186",
            "189",
            "192",
            "220",
            "230",
            "245",
            "249",
            "264",
            "268",
            "273",
            "283",
            "285",
            "286",
            "289",
            "294",
            "315",
            "318",
            "324",
            "336",
            "347",
            "363",
            "378",
            "379",
            "380",
            "406",
            "408",
            "413",
            "458",
            "460",
            "463",
            "465",
            "467",
            "470",
            "492",
            "497"
        ],
        "2": [
            "21",
            "40",
            "46",
            "48",
            "51",
            "74",
            "84",
            "106",
            "130",
            "147",
            "157",
            "172",
            "194",
            "197",
            "201",
            "214",
            "218",
            "224",
            "241",
            "255",
            "265",
            "274",
            "275",
            "302",
            "304",
            "317",
            "323",
            "328",
            "332",
            "339",
            "342",
            "358",
            "364",
            "367",
            "387",
            "393",
            "417",
            "418",
            "421",
            "433",
            "441",
            "452",
            "456",
            "461",
            "476",
            "486",
            "490",
            "493"
        ],
        "3": [
            "8",
            "10",
            "17",
            "19",
            "36",
            "43",
            "45",
            "73",
            "88",
            "101",
            "108",
            "112",
            "115",
            "117",
            "158",
            "161",
            "165",
            "170",
            "175",
            "176",
            "177",
            "198",
            "202",
            "207",
            "212",
            "215",
            "277",
            "284",
            "296",
            "309",
            "321",
            "331",
            "333",
            "337",
            "341",
            "348",
            "350",
            "362",
            "365",
            "400",
            "415",
            "425",
            "438",
            "439",
            "444",
            "478",
            "480",
            "488"
        ],
        "4": [
            "14",
            "34",
            "37",
            "50",
            "54",
            "58",
            "64",
            "66",
            "90",
            "91",
            "102",
            "103",
            "124",
            "125",
            "137",
            "154",
            "166",
            "191",
            "193",
            "200",
            "216",
            "244",
            "247",
            "253",
            "256",
            "258",
            "270",
            "297",
            "300",
            "330",
            "334",
            "335",
            "344",
            "353",
            "355",
            "359",
            "382",
            "385",
            "386",
            "391",
            "395",
            "398",
            "411",
            "422",
            "429",
            "432",
            "434",
            "435",
            "436",
            "454"
        ],
        "5": [
            "4",
            "24",
            "39",
            "44",
            "62",
            "71",
            "72",
            "80",
            "85",
            "99",
            "100",
            "109",
            "114",
            "119",
            "120",
            "128",
            "133",
            "136",
            "138",
            "144",
            "149",
            "151",
            "153",
            "164",
            "184",
            "205",
            "222",
            "232",
            "257",
            "259",
            "269",
            "272",
            "287",
            "288",
            "299",
            "312",
            "322",
            "325",
            "338",
            "372",
            "374",
            "384",
            "399",
            "409",
            "424",
            "426",
            "428",
            "489",
            "494",
            "495"
        ],
        "6": [
            "5",
            "53",
            "87",
            "93",
            "97",
            "111",
            "122",
            "126",
            "127",
            "129",
            "141",
            "168",
            "178",
            "180",
            "185",
            "209",
            "211",
            "223",
            "231",
            "239",
            "246",
            "248",
            "254",
            "279",
            "280",
            "282",
            "295",
            "303",
            "313",
            "326",
            "327",
            "351",
            "352",
            "357",
            "383",
            "396",
            "397",
            "405",
            "414",
            "427",
            "430",
            "442",
            "443",
            "445",
            "451",
            "455",
            "464",
            "469",
            "472",
            "473",
            "484",
            "491"
        ],
        "7": [
            "7",
            "9",
            "16",
            "29",
            "30",
            "49",
            "68",
            "69",
            "70",
            "78",
            "89",
            "105",
            "116",
            "118",
            "131",
            "134",
            "140",
            "142",
            "155",
            "159",
            "160",
            "174",
            "179",
            "182",
            "235",
            "238",
            "240",
            "242",
            "261",
            "267",
            "271",
            "291",
            "305",
            "307",
            "308",
            "314",
            "316",
            "329",
            "376",
            "377",
            "381",
            "402",
            "410",
            "423",
            "437",
            "453",
            "459",
            "498"
        ],