{
    "Instance": "planar700_G7",
    "Objective": 106.1261176743233,
    "Infeasibility": 0.0,
    "Starting Time": 1711666788.9420652,
    "Time Taken": 3693.9968049526215,
    "Initialization Time": 92.24702072143555,
    "nrDistricts": 10,
    "delta": 0.05,
    "llambda": 0.7,
    "rcl_parameter": 0.3,
    "Allocation": {
        "0": [
            "0",
            "10",
            "24",
            "34",
            "47",
            "64",
            "72",
            "79",
            "80",
            "92",
            "111",
            "116",
            "120",
            "126",
            "128",
            "140",
            "145",
            "164",
            "166",
            "169",
            "179",
            "181",
            "186",
            "189",
            "195",
            "238",
            "247",
            "264",
            "296",
            "300",
            "315",
            "339",
            "345",
            "354",
            "358",
            "360",
            "367",
            "370",
            "379",
            "383",
            "390",
            "391",
            "400",
            "404",
            "408",
            "409",
            "441",
            "443",
            "445",
            "468",
            "477",
            "486",
            "508",
            "509",
            "541",
            "543",
            "553",
            "557",
            "561",
            "564",
            "567",
            "580",
            "590",
            "599",
            "625",
            "631",
            "660",
            "662",
            "663",
            "666",
            "695"
        ],
        "1": [
            "41",
            "42",
            "55",
            "56",
            "65",
            "66",
            "93",
            "97",
            "103",
            "115",
            "136",
            "138",
            "150",
            "170",
            "180",
            "192",
            "207",
            "216",
            "222",
            "224",
            "234",
            "242",
            "254",
            "262",
            "287",
            "314",
            "324",
            "327",
            "328",
            "341",
            "355",
            "363",
            "368",
            "372",
            "376",
            "381",
            "388",
            "389",
            "418",
            "435",
            "437",
            "447",
            "450",
            "452",
            "457",
            "469",
            "501",
            "504",
            "512",
            "515",
            "522",
            "528",
            "536",
            "563",
            "573",
            "575",
            "608",
            "618",
            "626",
            "637",
            "650",
            "657",
            "668",
            "674",
            "675",
            "676",
            "683",
            "686",
            "687"
        ],
        "2": [
            "6",
            "13",
            "18",
            "29",
            "31",
            "33",
            "38",
            "45",
            "51",
            "58",
            "59",
            "67",
            "69",
            "75",
            "96",
            "100",
            "101",
            "110",
            "131",
            "137",
            "161",
            "163",
            "165",
            "201",
            "204",
            "219",
            "229",
            "251",
            "257",
            "263",
            "266",
            "269",
            "286",
            "313",
            "319",
            "329",
            "331",
            "334",
            "340",
            "351",
            "371",
            "396",
            "398",
            "417",
            "425",
            "431",
            "444",
            "449",
            "458",
            "464",
            "484",
            "487",
            "488",
            "497",
            "511",
            "526",
            "529",
            "544",
            "554",
            "558",
            "589",
            "591",
            "616",
            "624",
            "635",
            "639",
            "653",
            "655",
            "667",
            "670",
            "689"
        ],
        "3": [
            "19",
            "25",
            "35",
            "40",
            "76",
            "85",
            "88",
            "108",
            "114",
            "127",
            "135",
            "144",
            "168",
            "173",
            "176",
            "187",
            "190",
            "191",
            "196",
            "208",
            "209",
            "230",
            "244",
            "249",
            "272",
            "278",
            "292",
            "301",
            "302",
            "318",
            "323",
            "333",
            "338",
            "342",
            "343",
            "364",
            "387",
            "399",
            "411",
            "415",
            "419",
            "421",
            "424",
            "427",
            "446",
            "455",
            "491",
            "493",
            "506",
            "516",
            "530",
            "531",
            "549",
            "559",
            "569",
            "588",
            "606",
            "611",
            "619",
            "629",
            "649",
            "651",
            "656",
            "664",
            "665",
            "672",
            "678",
            "682",
            "690",
            "691",
            "698"
        ],
        "4": [
            "17",
            "20",
            "26",
            "27",
            "43",
            "44",
            "62",
            "87",
            "90",
            "102",
            "105",
            "106",
            "107",
            "117",
            "146",
            "149",
            "157",
            "162",
            "172",
            "197",
            "198",
            "199",
            "213",
            "217",
            "237",
            "268",
            "270",
            "283",
            "290",
            "294",
            "299",
            "306",
            "320",
            "346",
            "350",
            "352",
            "357",
            "374",
            "382",
            "392",
            "401",
            "406",
            "412",
            "422",
            "438",
            "442",
            "459",
            "460",
            "462",
            "474",
            "475",
            "498",
            "507",
            "523",
            "534",
            "539",
            "565",
            "568",
            "583",
            "585",
            "586",
            "593",
            "594",
            "596",
            "600",
            "604",
            "605",
            "658",
            "669",
            "684",
            "694"
        ],