{
    "Instance": "planar500_G6",
    "Objective": 94.55238848651244,
    "Infeasibility": 0.0,
    "Starting Time": 1711630083.4838498,
    "Time Taken": 3646.7005360126495,
    "Initialization Time": 46.01414680480957,
    "nrDistricts": 10,
    "delta": 0.05,
    "llambda": 0.7,
    "rcl_parameter": 0.3,
    "Allocation": {
        "0": [
            "0",
            "19",
            "20",
            "28",
            "42",
            "52",
            "56",
            "63",
            "85",
            "88",
            "94",
            "104",
            "118",
            "122",
            "127",
            "129",
            "150",
            "181",
            "192",
            "198",
            "204",
            "210",
            "216",
            "280",
            "293",
            "303",
            "308",
            "319",
            "324",
            "325",
            "340",
            "344",
            "347",
            "348",
            "355",
            "358",
            "359",
            "363",
            "392",
            "403",
            "415",
            "417",
            "419",
            "424",
            "433",
            "453",
            "461",
            "498"
        ],
        "1": [
            "14",
            "30",
            "38",
            "40",
            "43",
            "45",
            "47",
            "53",
            "74",
            "89",
            "116",
            "123",
            "125",
            "134",
            "135",
            "141",
            "143",
            "157",
            "160",
            "197",
            "200",
            "208",
            "232",
            "246",
            "262",
            "264",
            "270",
            "276",
            "278",
            "281",
            "286",
            "289",
            "294",
            "296",
            "309",
            "333",
            "352",
            "364",
            "381",
            "409",
            "414",
            "418",
            "434",
            "454",
            "462",
            "464",
            "466",
            "477",
            "480",
            "483"
        ],
        "2": [
            "7",
            "22",
            "29",
            "37",
            "46",
            "48",
            "51",
            "67",
            "69",
            "73",
            "82",
            "95",
            "96",
            "101",
            "128",
            "167",
            "169",
            "177",
            "233",
            "234",
            "245",
            "255",
            "258",
            "263",
            "266",
            "271",
            "274",
            "277",
            "317",
            "330",
            "334",
            "353",
            "357",
            "360",
            "362",
            "369",
            "374",
            "390",
            "394",
            "405",
            "410",
            "413",
            "420",
            "421",
            "441",
            "449",
            "475",
            "482",
            "493",
            "496"
        ],
        "3": [
            "10",
            "34",
            "35",
            "44",
            "72",
            "75",
            "78",
            "87",
            "102",
            "110",
            "114",
            "120",
            "165",
            "179",
            "187",
            "189",
            "195",
            "205",
            "221",
            "223",
            "229",
            "230",
            "237",
            "238",
            "243",
            "256",
            "282",
            "287",
            "318",
            "328",
            "331",
            "335",
            "371",
            "373",
            "377",
            "383",
            "387",
            "398",
            "399",
            "401",
            "411",
            "427",
            "432",
            "437",
            "439",
            "456",
            "457",
            "463",
            "474",
            "492",
            "497"
        ],
        "4": [
            "9",
            "18",
            "26",
            "62",
            "92",
            "93",
            "105",
            "112",
            "124",
            "136",
            "139",
            "156",
            "163",
            "164",
            "166",
            "171",
            "174",
            "186",
            "202",
            "203",
            "209",
            "218",
            "222",
            "239",
            "241",
            "244",
            "292",
            "299",
            "313",
            "314",
            "315",
            "321",
            "349",
            "356",
            "382",
            "388",
            "389",
            "408",
            "416",
            "448",
            "470",
            "472",
            "484",
            "485",
            "495"
        ],
        "5": [
            "1",
            "2",
            "17",
            "21",
            "31",
            "32",
            "33",
            "41",
            "61",
            "65",
            "76",
            "81",
            "91",
            "97",
            "99",
            "117",
            "126",
            "142",
            "148",
            "159",
            "170",
            "178",
            "188",
            "201",
            "211",
            "212",
            "249",
            "251",
            "269",
            "273",
            "302",
            "310",
            "311",
            "312",
            "326",
            "336",
            "341",
            "370",
            "376",
            "385",
            "426",
            "435",
            "459",
            "468",
            "473",
            "489",
            "491",
            "494"
        ],
        "6": [
            "4",
            "6",
            "8",
            "11",
            "12",
            "39",
            "50",
            "68",
            "71",
            "80",
            "86",
            "106",
            "107",
            "131",
            "133",
            "140",
            "147",
            "149",
            "168",
            "172",
            "175",
            "184",
            "196",
            "217",
            "219",
            "220",
            "225",
            "242",
            "253",
            "265",
            "285",
            "288",
            "291",
            "295",
            "297",
            "332",
            "337",
            "339",
            "342",
            "350",
            "351",
            "354",
            "361",
            "378",
            "384",
            "391",
            "393",
            "443",
            "445",
            "447",
            "452",
            "471",
            "478",
            "481"
        ],