{
    "Instance": "planar700_G10",
    "Objective": 46.64894671514239,
    "Infeasibility": 0.0,
    "Starting Time": 1711834762.9283378,
    "Time Taken": 105.99085688591003,
    "Initialization Time": 11.239769697189331,
    "nrInitSolutions": 100,
    "startingLambda": 0.1,
    "nrDistricts": 10,
    "lambdaRange": [
        0.1,
        0.4,
        0.7,
        1
    ],
    "delta": 0.05,
    "llambda": 0.7,
    "rcl_parameter": 0.3,
    "Allocation": {
        "0": [
            "335",
            "663",
            "457",
            "221",
            "188",
            "530",
            "421",
            "20",
            "134",
            "408",
            "638",
            "257",
            "169",
            "499",
            "407",
            "214",
            "539",
            "114",
            "375",
            "90",
            "291",
            "98",
            "153",
            "597",
            "664",
            "123",
            "620",
            "370",
            "117",
            "661",
            "226",
            "409",
            "161",
            "693",
            "436",
            "227",
            "482",
            "199",
            "248",
            "127",
            "605",
            "300",
            "639",
            "182",
            "629",
            "269",
            "184",
            "398",
            "603",
            "8",
            "136",
            "675",
            "293",
            "540",
            "460",
            "332",
            "129",
            "517",
            "501",
            "609",
            "254",
            "289",
            "388",
            "401",
            "318",
            "636",
            "149",
            "523",
            "187"
        ],
        "1": [
            "356",
            "477",
            "695",
            "550",
            "327",
            "141",
            "282",
            "561",
            "263",
            "160",
            "434",
            "478",
            "679",
            "660",
            "549",
            "610",
            "21",
            "333",
            "150",
            "159",
            "369",
            "426",
            "612",
            "328",
            "505",
            "528",
            "146",
            "699",
            "624",
            "363",
            "272",
            "6",
            "373",
            "286",
            "602",
            "303",
            "290",
            "260",
            "192",
            "379",
            "19",
            "209",
            "284",
            "310",
            "689",
            "186",
            "237",
            "3",
            "673",
            "522",
            "155",
            "472",
            "42",
            "195",
            "352",
            "288",
            "509",
            "535",
            "84",
            "598",
            "51",
            "78",
            "533",
            "681",
            "133",
            "87",
            "427",
            "395",
            "128",
            "216",
            "220",
            "613",
            "83",
            "183"
        ],
        "2": [
            "454",
            "475",
            "678",
            "323",
            "115",
            "191",
            "437",
            "416",
            "270",
            "34",
            "69",
            "246",
            "97",
            "575",
            "393",
            "589",
            "299",
            "107",
            "178",
            "348",
            "145",
            "139",
            "231",
            "615",
            "364",
            "452",
            "659",
            "265",
            "2",
            "656",
            "63",
            "280",
            "548",
            "595",
            "268",
            "691",
            "489",
            "657",
            "516",
            "414",
            "92",
            "36",
            "464",
            "79",
            "496",
            "568",
            "305",
            "669",
            "649",
            "510",
            "275",
            "537",
            "207",
            "217",
            "264",
            "278",
            "355",
            "100",
            "50",
            "445",
            "238",
            "189",
            "574",
            "485",
            "526",
            "32",
            "371",
            "103",
            "68",
            "320"
        ],
        "3": [
            "234",
            "668",
            "481",
            "119",
            "203",
            "147",
            "113",
            "444",
            "402",
            "569",
            "372",
            "515",
            "319",
            "571",
            "429",
            "54",
            "304",
            "546",
            "365",
            "12",
            "112",
            "504",
            "99",
            "262",
            "386",
            "39",
            "487",
            "694",
            "336",
            "390",
            "486",
            "593",
            "228",
            "450",
            "301",
            "431",
            "389",
            "67",
            "423",
            "545",
            "447",
            "557",
            "28",
            "696",
            "555",
            "65",
            "538",
            "23",
            "556",
            "33",
            "131",
            "608",
            "306",
            "171",
            "10",
            "490",
            "210",
            "30",
            "637",
            "116",
            "55",
            "443",
            "362",
            "567",
            "80",
            "56",
            "252",
            "308",
            "198"
        ],
        "4": [
            "274",
            "462",
            "473",
            "341",
            "658",
            "72",
            "294",
            "611",
            "446",
            "245",
            "309",
            "618",
            "7",
            "577",
            "26",
            "11",
            "60",
            "15",
            "158",
            "339",
            "455",
            "621",
            "415",
            "25",
            "276",
            "140",
            "317",
            "81",
            "311",
            "650",
            "607",
            "104",
            "152",
            "625",
            "432",
            "205",
            "312",
            "440",
            "469",
            "235",
            "627",
            "698",
            "165",
            "494",
            "347",
            "247",
            "591",
            "645",
            "325",
            "683",
            "64",
            "174",
            "163",
            "322",
            "377",
            "121",
            "218",
            "461",
            "503",
            "1",
            "394",
            "77",
            "411",
            "4",
            "261",
            "424",
            "497",
            "13",
            "202"
        ],