{
    "Instance": "planar500_G24",
    "Objective": 46.46098202784486,
    "Infeasibility": 0.0,
    "Starting Time": 1711834306.5890923,
    "Time Taken": 77.12137842178345,
    "Initialization Time": 6.310471057891846,
    "nrInitSolutions": 100,
    "startingLambda": 0.1,
    "nrDistricts": 10,
    "lambdaRange": [
        0.1,
        0.4,
        0.7,
        1
    ],
    "delta": 0.05,
    "llambda": 0.7,
    "rcl_parameter": 0.3,
    "Allocation": {
        "0": [
            "213",
            "220",
            "315",
            "227",
            "443",
            "77",
            "330",
            "161",
            "9",
            "210",
            "222",
            "221",
            "233",
            "256",
            "165",
            "441",
            "11",
            "88",
            "214",
            "57",
            "246",
            "38",
            "119",
            "312",
            "197",
            "373",
            "288",
            "240",
            "120",
            "440",
            "446",
            "163",
            "14",
            "331",
            "255",
            "340",
            "147",
            "23",
            "76",
            "388",
            "106",
            "289",
            "482",
            "374",
            "344",
            "334",
            "136",
            "59",
            "127",
            "206",
            "125"
        ],
        "1": [
            "69",
            "258",
            "5",
            "94",
            "472",
            "308",
            "176",
            "159",
            "325",
            "333",
            "43",
            "56",
            "457",
            "53",
            "28",
            "129",
            "391",
            "342",
            "363",
            "32",
            "372",
            "376",
            "467",
            "360",
            "370",
            "459",
            "126",
            "319",
            "18",
            "281",
            "378",
            "468",
            "73",
            "249",
            "431",
            "430",
            "416",
            "449",
            "75",
            "245",
            "403",
            "329",
            "196",
            "175",
            "50",
            "348",
            "400",
            "211",
            "366"
        ],
        "2": [
            "324",
            "445",
            "277",
            "164",
            "26",
            "231",
            "72",
            "111",
            "149",
            "278",
            "12",
            "189",
            "204",
            "116",
            "90",
            "434",
            "408",
            "62",
            "124",
            "419",
            "382",
            "154",
            "276",
            "21",
            "110",
            "162",
            "98",
            "186",
            "187",
            "287",
            "51",
            "358",
            "420",
            "39",
            "248",
            "195",
            "135",
            "353",
            "20",
            "190",
            "371",
            "397",
            "496",
            "322",
            "436",
            "268",
            "13",
            "394"
        ],
        "3": [
            "411",
            "485",
            "27",
            "45",
            "439",
            "294",
            "427",
            "52",
            "438",
            "178",
            "290",
            "170",
            "303",
            "209",
            "104",
            "47",
            "405",
            "198",
            "131",
            "470",
            "157",
            "225",
            "454",
            "417",
            "489",
            "368",
            "10",
            "318",
            "293",
            "97",
            "218",
            "216",
            "191",
            "392",
            "264",
            "109",
            "250",
            "292",
            "425",
            "99",
            "115",
            "271",
            "37",
            "128",
            "389",
            "332",
            "259",
            "377"
        ],
        "4": [
            "228",
            "435",
            "269",
            "142",
            "448",
            "300",
            "114",
            "121",
            "80",
            "234",
            "415",
            "238",
            "167",
            "74",
            "280",
            "181",
            "479",
            "243",
            "412",
            "273",
            "144",
            "497",
            "356",
            "481",
            "424",
            "169",
            "49",
            "347",
            "437",
            "421",
            "466",
            "183",
            "113",
            "4",
            "321",
            "480",
            "42",
            "327",
            "407",
            "317",
            "55",
            "33",
            "413",
            "230",
            "185",
            "63",
            "70",
            "396",
            "160",
            "349",
            "270"
        ],
        "5": [
            "158",
            "338",
            "476",
            "35",
            "184",
            "381",
            "341",
            "236",
            "182",
            "16",
            "305",
            "365",
            "432",
            "304",
            "477",
            "385",
            "44",
            "336",
            "208",
            "68",
            "172",
            "387",
            "15",
            "484",
            "494",
            "3",
            "130",
            "151",
            "357",
            "302",
            "447",
            "60",
            "343",
            "166",
            "286",
            "145",
            "306",
            "257",
            "179",
            "103",
            "328",
            "215",
            "337",
            "177",
            "85",
            "379",
            "272",
            "93",
            "226",
            "150",
            "279"
        ],
        "6": [
            "474",
            "100",
            "31",
            "174",
            "79",
            "350",
            "345",
            "384",
            "173",
            "491",
            "7",
            "224",
            "380",
            "458",
            "301",
            "262",
            "359",
            "410",
            "193",
            "362",
            "444",
            "29",
            "464",
            "274",
            "134",
            "323",
            "87",
            "452",
            "352",
            "140",
            "263",
            "247",
            "433",
            "314",
            "180",
            "200",
            "244",
            "81",
            "41",
            "295",
            "239",
            "237",
            "194",
            "460",
            "386",
            "364",
            "34",
            "30",
            "339"
        ],