{
    "Instance": "planar700_G5",
    "Objective": 45.208823642161846,
    "Infeasibility": 0.0,
    "Starting Time": 1692446405.4842572,
    "Time Taken": 224.38321018218994,
    "Initialization Time": 12.73455548286438,
    "nrInitSolutions": 100,
    "startingLambda": 0.1,
    "nrDistricts": 10,
    "lambdaRange": [
        0.1,
        0.4,
        0.7,
        1
    ],
    "delta": 0.05,
    "llambda": 0.7,
    "rcl_parameter": 0.3,
    "Allocation": {
        "0": [
            "231",
            "277",
            "283",
            "472",
            "632",
            "245",
            "361",
            "660",
            "562",
            "402",
            "510",
            "499",
            "98",
            "521",
            "628",
            "428",
            "602",
            "116",
            "551",
            "608",
            "558",
            "79",
            "485",
            "576",
            "288",
            "70",
            "249",
            "128",
            "89",
            "561",
            "186",
            "386",
            "498",
            "3",
            "138",
            "172",
            "504",
            "247",
            "7",
            "253",
            "282",
            "155",
            "250",
            "391",
            "593",
            "106",
            "347",
            "383",
            "8",
            "581",
            "513",
            "157",
            "673",
            "476",
            "107",
            "520",
            "222",
            "649",
            "613",
            "202",
            "535",
            "552",
            "624",
            "118",
            "385",
            "32",
            "322",
            "77",
            "287",
            "432",
            "333",
            "630"
        ],
        "1": [
            "112",
            "258",
            "134",
            "425",
            "397",
            "448",
            "695",
            "286",
            "276",
            "537",
            "63",
            "531",
            "389",
            "153",
            "447",
            "40",
            "42",
            "663",
            "239",
            "595",
            "184",
            "580",
            "488",
            "547",
            "597",
            "344",
            "78",
            "228",
            "124",
            "125",
            "119",
            "626",
            "13",
            "238",
            "235",
            "81",
            "589",
            "306",
            "97",
            "242",
            "212",
            "427",
            "623",
            "308",
            "311",
            "323",
            "73",
            "234",
            "493",
            "360",
            "533",
            "14",
            "600",
            "403",
            "33",
            "568",
            "452",
            "404",
            "269",
            "21",
            "302",
            "141",
            "351",
            "146",
            "255",
            "182",
            "279"
        ],
        "2": [
            "343",
            "312",
            "545",
            "516",
            "223",
            "41",
            "263",
            "396",
            "117",
            "661",
            "28",
            "530",
            "697",
            "512",
            "696",
            "449",
            "550",
            "456",
            "243",
            "698",
            "654",
            "652",
            "668",
            "371",
            "53",
            "554",
            "203",
            "508",
            "490",
            "314",
            "689",
            "458",
            "240",
            "601",
            "340",
            "295",
            "285",
            "284",
            "100",
            "62",
            "436",
            "74",
            "645",
            "110",
            "201",
            "87",
            "384",
            "468",
            "309",
            "192",
            "682",
            "395",
            "11",
            "681",
            "241",
            "362",
            "349",
            "365",
            "75",
            "491",
            "85",
            "154",
            "324",
            "148",
            "4",
            "642",
            "151",
            "54",
            "327",
            "461",
            "420",
            "161"
        ],
        "3": [
            "187",
            "506",
            "674",
            "417",
            "39",
            "346",
            "292",
            "64",
            "483",
            "525",
            "367",
            "197",
            "534",
            "163",
            "424",
            "339",
            "289",
            "667",
            "640",
            "181",
            "88",
            "18",
            "131",
            "307",
            "65",
            "159",
            "415",
            "91",
            "325",
            "566",
            "5",
            "536",
            "152",
            "275",
            "507",
            "256",
            "95",
            "464",
            "15",
            "676",
            "160",
            "211",
            "641",
            "176",
            "685",
            "610",
            "126",
            "605",
            "6",
            "150",
            "261",
            "484",
            "651",
            "410",
            "180",
            "353",
            "281",
            "569",
            "213",
            "366",
            "482",
            "115",
            "368",
            "401",
            "411",
            "699",
            "564",
            "24",
            "377",
            "99",
            "76",
            "226",
            "543"
        ],
        "4": [
            "207",
            "20",
            "121",
            "16",
            "574",
            "140",
            "313",
            "58",
            "413",
            "296",
            "297",
            "27",
            "31",
            "398",
            "301",
            "341",
            "229",
            "352",
            "658",
            "644",
            "400",
            "538",
            "218",
            "584",
            "489",
            "278",
            "620",
            "227",
            "129",
            "274",
            "165",
            "61",
            "316",
            "599",
            "477",
            "66",
            "524",
            "225",
            "337",
            "408",
            "374",
            "556",
            "441",
            "429",
            "198",
            "356",
            "67",
            "665",
            "496",
            "209",
            "622",
            "694",
            "373",
            "486",
            "582",
            "515",
            "467",
            "273",
            "646",
            "303",
            "168",
            "114",
            "260",
            "237",
            "46",
            "298",
            "291",
            "500",
            "572",
            "591",
            "455"
        ],