{
    "Instance": "planar600_G8",
    "Objective": 46.364728627801256,
    "Infeasibility": 0.0,
    "Starting Time": 1692446039.9210055,
    "Time Taken": 71.55958294868469,
    "Initialization Time": 9.466643571853638,
    "nrInitSolutions": 100,
    "startingLambda": 0.1,
    "nrDistricts": 10,
    "lambdaRange": [
        0.1,
        0.4,
        0.7,
        1
    ],
    "delta": 0.05,
    "llambda": 0.7,
    "rcl_parameter": 0.3,
    "Allocation": {
        "0": [
            "426",
            "480",
            "563",
            "304",
            "281",
            "249",
            "351",
            "269",
            "83",
            "552",
            "0",
            "383",
            "53",
            "69",
            "16",
            "70",
            "594",
            "148",
            "369",
            "267",
            "64",
            "81",
            "475",
            "500",
            "359",
            "268",
            "285",
            "313",
            "412",
            "567",
            "481",
            "419",
            "393",
            "310",
            "580",
            "120",
            "307",
            "436",
            "141",
            "549",
            "216",
            "215",
            "595",
            "77",
            "441",
            "530",
            "302",
            "293",
            "523",
            "355",
            "22",
            "111",
            "224",
            "239",
            "368",
            "377",
            "358",
            "178",
            "410"
        ],
        "1": [
            "437",
            "447",
            "366",
            "209",
            "457",
            "518",
            "183",
            "140",
            "68",
            "553",
            "204",
            "408",
            "93",
            "39",
            "305",
            "245",
            "287",
            "403",
            "573",
            "122",
            "417",
            "565",
            "384",
            "340",
            "570",
            "219",
            "118",
            "10",
            "409",
            "42",
            "341",
            "400",
            "201",
            "231",
            "378",
            "63",
            "25",
            "24",
            "407",
            "380",
            "576",
            "438",
            "448",
            "527",
            "18",
            "524",
            "405",
            "135",
            "415",
            "21",
            "479",
            "352",
            "589",
            "72",
            "94",
            "263",
            "189",
            "506",
            "82",
            "254"
        ],
        "2": [
            "232",
            "485",
            "55",
            "560",
            "238",
            "404",
            "401",
            "205",
            "156",
            "84",
            "464",
            "125",
            "107",
            "240",
            "587",
            "528",
            "158",
            "326",
            "6",
            "466",
            "184",
            "103",
            "449",
            "396",
            "288",
            "325",
            "266",
            "322",
            "115",
            "531",
            "394",
            "361",
            "510",
            "196",
            "556",
            "498",
            "27",
            "4",
            "152",
            "561",
            "23",
            "62",
            "469",
            "568",
            "162",
            "535",
            "159",
            "321",
            "56",
            "200",
            "458",
            "133",
            "509",
            "414",
            "212",
            "34",
            "113",
            "260",
            "537",
            "251",
            "444"
        ],
        "3": [
            "579",
            "331",
            "89",
            "327",
            "569",
            "422",
            "43",
            "167",
            "443",
            "511",
            "487",
            "66",
            "300",
            "211",
            "222",
            "390",
            "367",
            "243",
            "503",
            "386",
            "420",
            "131",
            "223",
            "259",
            "246",
            "15",
            "163",
            "578",
            "335",
            "210",
            "460",
            "562",
            "75",
            "312",
            "87",
            "301",
            "452",
            "478",
            "185",
            "110",
            "186",
            "13",
            "250",
            "218",
            "571",
            "274",
            "360",
            "280",
            "497",
            "123",
            "119",
            "586",
            "446",
            "150",
            "12",
            "92",
            "99",
            "504",
            "491"
        ],
        "4": [
            "51",
            "522",
            "234",
            "142",
            "35",
            "484",
            "505",
            "494",
            "431",
            "474",
            "97",
            "296",
            "461",
            "297",
            "525",
            "418",
            "214",
            "550",
            "44",
            "342",
            "433",
            "371",
            "492",
            "109",
            "343",
            "398",
            "581",
            "290",
            "32",
            "349",
            "354",
            "65",
            "299",
            "545",
            "49",
            "198",
            "181",
            "3",
            "303",
            "106",
            "29",
            "90",
            "104",
            "207",
            "445",
            "134",
            "146",
            "160",
            "169",
            "387",
            "117",
            "432",
            "534",
            "264",
            "20",
            "411",
            "258",
            "138",
            "230",
            "96"
        ],
        "5": [
            "252",
            "76",
            "328",
            "311",
            "28",
            "108",
            "136",
            "59",
            "282",
            "316",
            "329",
            "337",
            "233",
            "423",
            "175",
            "165",
            "291",
            "166",
            "493",
            "52",
            "1",
            "389",
            "336",
            "112",
            "467",
            "294",
            "532",
            "376",
            "353",
            "357",
            "221",
            "575",
            "345",
            "176",
            "381",
            "554",
            "193",
            "402",
            "208",
            "143",
            "88",
            "482",
            "270",
            "557",
            "73",
            "137",
            "8",
            "275",
            "241",
            "597",
            "309",
            "462",
            "40",
            "114",
            "179",
            "168",
            "139",
            "472",
            "416",
            "406",
            "465",
            "256",
            "100",
            "36",
            "149",
            "116"
        ],