{
    "Instance": "planar600_G6",
    "Objective": 49.48275412593183,
    "Infeasibility": 0.0,
    "Starting Time": 1692445690.6617763,
    "Time Taken": 105.18100428581238,
    "Initialization Time": 9.43343472480774,
    "nrInitSolutions": 100,
    "startingLambda": 0.1,
    "nrDistricts": 10,
    "lambdaRange": [
        0.1,
        0.4,
        0.7,
        1
    ],
    "delta": 0.05,
    "llambda": 0.7,
    "rcl_parameter": 0.3,
    "Allocation": {
        "0": [
            "576",
            "75",
            "138",
            "172",
            "444",
            "110",
            "4",
            "43",
            "504",
            "483",
            "515",
            "279",
            "388",
            "405",
            "557",
            "540",
            "592",
            "408",
            "573",
            "154",
            "167",
            "362",
            "356",
            "437",
            "42",
            "25",
            "597",
            "184",
            "542",
            "294",
            "389",
            "200",
            "393",
            "72",
            "328",
            "419",
            "371",
            "498",
            "195",
            "181",
            "304",
            "310",
            "400",
            "386",
            "460",
            "415",
            "157",
            "433",
            "312",
            "547",
            "306",
            "464",
            "21",
            "343",
            "266",
            "454",
            "106",
            "251",
            "252",
            "44",
            "463",
            "379"
        ],
        "1": [
            "560",
            "503",
            "500",
            "555",
            "114",
            "431",
            "140",
            "552",
            "260",
            "3",
            "247",
            "461",
            "535",
            "474",
            "51",
            "537",
            "13",
            "221",
            "83",
            "241",
            "533",
            "28",
            "561",
            "2",
            "151",
            "91",
            "554",
            "263",
            "7",
            "71",
            "59",
            "493",
            "390",
            "76",
            "231",
            "526",
            "54",
            "209",
            "372",
            "66",
            "298",
            "224",
            "314",
            "8",
            "584",
            "125",
            "23",
            "131",
            "538",
            "207",
            "64",
            "48",
            "544",
            "104",
            "93",
            "494",
            "391",
            "546",
            "98"
        ],
        "2": [
            "473",
            "146",
            "443",
            "345",
            "34",
            "285",
            "558",
            "223",
            "218",
            "465",
            "481",
            "213",
            "82",
            "501",
            "564",
            "367",
            "14",
            "452",
            "349",
            "80",
            "267",
            "490",
            "177",
            "134",
            "173",
            "77",
            "394",
            "305",
            "578",
            "398",
            "73",
            "15",
            "374",
            "295",
            "482",
            "414",
            "237",
            "475",
            "427",
            "476",
            "582",
            "84",
            "529",
            "586",
            "402",
            "347",
            "290",
            "441",
            "326",
            "81",
            "423",
            "74",
            "360",
            "357",
            "399",
            "317",
            "271",
            "288",
            "507",
            "363",
            "426"
        ],
        "3": [
            "407",
            "395",
            "321",
            "489",
            "163",
            "548",
            "242",
            "265",
            "26",
            "166",
            "484",
            "523",
            "57",
            "216",
            "46",
            "206",
            "136",
            "149",
            "100",
            "348",
            "451",
            "30",
            "226",
            "513",
            "335",
            "572",
            "583",
            "196",
            "421",
            "353",
            "528",
            "376",
            "329",
            "297",
            "287",
            "60",
            "598",
            "425",
            "86",
            "278",
            "373",
            "553",
            "254",
            "250",
            "468",
            "333",
            "466",
            "214",
            "45",
            "17",
            "99",
            "520",
            "410",
            "458",
            "261",
            "204",
            "234",
            "236",
            "301"
        ],
        "4": [
            "396",
            "113",
            "145",
            "355",
            "152",
            "381",
            "255",
            "567",
            "382",
            "375",
            "211",
            "459",
            "453",
            "296",
            "358",
            "107",
            "275",
            "233",
            "588",
            "303",
            "364",
            "158",
            "436",
            "387",
            "361",
            "589",
            "189",
            "24",
            "35",
            "316",
            "518",
            "315",
            "117",
            "169",
            "352",
            "307",
            "525",
            "416",
            "422",
            "383",
            "510",
            "210",
            "486",
            "235",
            "245",
            "228",
            "262",
            "384",
            "571",
            "159",
            "87",
            "338",
            "142",
            "124",
            "67",
            "530",
            "274",
            "344",
            "116",
            "311",
            "49",
            "447"
        ],
        "5": [
            "56",
            "325",
            "368",
            "593",
            "256",
            "269",
            "428",
            "19",
            "413",
            "346",
            "332",
            "9",
            "20",
            "123",
            "392",
            "366",
            "90",
            "10",
            "403",
            "309",
            "505",
            "479",
            "38",
            "31",
            "41",
            "448",
            "192",
            "193",
            "488",
            "161",
            "471",
            "201",
            "144",
            "238",
            "496",
            "165",
            "409",
            "532",
            "97",
            "299",
            "132",
            "94",
            "369",
            "539",
            "472",
            "47",
            "253",
            "108",
            "456",
            "239",
            "183",
            "176",
            "58",
            "359",
            "438",
            "580",
            "79",
            "127",
            "246",
            "229"
        ],