{
    "Instance": "planar600_G5",
    "Objective": 48.253316946754445,
    "Infeasibility": 0.0,
    "Starting Time": 1692446375.7396073,
    "Time Taken": 118.41036462783813,
    "Initialization Time": 9.446595430374146,
    "nrInitSolutions": 100,
    "startingLambda": 0.1,
    "nrDistricts": 10,
    "lambdaRange": [
        0.1,
        0.4,
        0.7,
        1
    ],
    "delta": 0.05,
    "llambda": 0.7,
    "rcl_parameter": 0.3,
    "Allocation": {
        "0": [
            "305",
            "202",
            "91",
            "539",
            "121",
            "384",
            "502",
            "102",
            "426",
            "284",
            "39",
            "496",
            "480",
            "560",
            "251",
            "268",
            "261",
            "381",
            "264",
            "153",
            "179",
            "289",
            "405",
            "53",
            "528",
            "372",
            "19",
            "21",
            "469",
            "519",
            "534",
            "235",
            "319",
            "484",
            "25",
            "267",
            "549",
            "81",
            "444",
            "238",
            "411",
            "453",
            "118",
            "456",
            "390",
            "46",
            "335",
            "198",
            "67",
            "327",
            "130",
            "175",
            "111",
            "247",
            "237",
            "69",
            "500",
            "404",
            "396"
        ],
        "1": [
            "75",
            "347",
            "254",
            "43",
            "465",
            "559",
            "506",
            "10",
            "382",
            "287",
            "248",
            "20",
            "582",
            "460",
            "417",
            "96",
            "60",
            "297",
            "259",
            "447",
            "123",
            "462",
            "532",
            "373",
            "318",
            "427",
            "227",
            "436",
            "48",
            "131",
            "511",
            "522",
            "126",
            "374",
            "393",
            "140",
            "538",
            "368",
            "493",
            "551",
            "419",
            "296",
            "307",
            "177",
            "450",
            "218",
            "418",
            "446",
            "5",
            "128",
            "324",
            "30",
            "406",
            "509",
            "149",
            "55",
            "142",
            "566"
        ],
        "2": [
            "503",
            "309",
            "547",
            "554",
            "451",
            "84",
            "346",
            "510",
            "50",
            "376",
            "535",
            "136",
            "577",
            "416",
            "520",
            "8",
            "475",
            "210",
            "459",
            "273",
            "150",
            "341",
            "22",
            "561",
            "562",
            "144",
            "23",
            "420",
            "517",
            "362",
            "352",
            "181",
            "57",
            "92",
            "119",
            "310",
            "45",
            "578",
            "463",
            "301",
            "244",
            "201",
            "228",
            "431",
            "124",
            "72",
            "47",
            "278",
            "137",
            "544",
            "525",
            "567",
            "595",
            "98",
            "62",
            "550",
            "507",
            "326"
        ],
        "3": [
            "545",
            "156",
            "101",
            "340",
            "338",
            "542",
            "79",
            "513",
            "583",
            "533",
            "395",
            "122",
            "553",
            "306",
            "367",
            "569",
            "504",
            "233",
            "356",
            "361",
            "408",
            "407",
            "308",
            "286",
            "366",
            "452",
            "479",
            "516",
            "191",
            "209",
            "276",
            "199",
            "32",
            "370",
            "337",
            "351",
            "249",
            "521",
            "64",
            "593",
            "322",
            "90",
            "40",
            "487",
            "403",
            "166",
            "213",
            "41",
            "364",
            "568",
            "35",
            "573",
            "86",
            "300",
            "138",
            "52",
            "206",
            "216",
            "437"
        ],
        "4": [
            "58",
            "208",
            "571",
            "114",
            "523",
            "115",
            "332",
            "133",
            "409",
            "391",
            "245",
            "359",
            "579",
            "552",
            "477",
            "3",
            "127",
            "27",
            "224",
            "17",
            "170",
            "360",
            "574",
            "234",
            "438",
            "125",
            "14",
            "379",
            "357",
            "70",
            "587",
            "558",
            "51",
            "495",
            "279",
            "71",
            "294",
            "505",
            "77",
            "439",
            "187",
            "597",
            "65",
            "435",
            "412",
            "330",
            "312",
            "15",
            "572",
            "285",
            "83",
            "89",
            "283",
            "413",
            "215",
            "4",
            "563",
            "354",
            "584",
            "461",
            "415",
            "148",
            "132",
            "421",
            "269"
        ],
        "5": [
            "317",
            "185",
            "398",
            "548",
            "236",
            "474",
            "394",
            "483",
            "303",
            "385",
            "258",
            "66",
            "223",
            "599",
            "88",
            "180",
            "74",
            "163",
            "375",
            "165",
            "348",
            "275",
            "315",
            "476",
            "265",
            "29",
            "400",
            "290",
            "486",
            "433",
            "464",
            "222",
            "61",
            "155",
            "471",
            "333",
            "497",
            "424",
            "173",
            "369",
            "329",
            "598",
            "353",
            "454",
            "103",
            "492",
            "18",
            "105",
            "365",
            "334",
            "468",
            "271",
            "178",
            "575",
            "24",
            "112",
            "423",
            "161",
            "6",
            "160",
            "229",
            "291",
            "383"
        ],