{
    "Instance": "planar500_G29",
    "Objective": 45.4760273042956,
    "Infeasibility": 0.0,
    "Starting Time": 1711833908.0049436,
    "Time Taken": 96.16967630386353,
    "Initialization Time": 6.380956649780273,
    "nrInitSolutions": 100,
    "startingLambda": 0.1,
    "nrDistricts": 10,
    "lambdaRange": [
        0.1,
        0.4,
        0.7,
        1
    ],
    "delta": 0.05,
    "llambda": 0.7,
    "rcl_parameter": 0.3,
    "Allocation": {
        "0": [
            "153",
            "244",
            "462",
            "134",
            "453",
            "432",
            "93",
            "494",
            "284",
            "362",
            "191",
            "325",
            "343",
            "170",
            "379",
            "427",
            "352",
            "79",
            "89",
            "226",
            "228",
            "163",
            "230",
            "70",
            "472",
            "467",
            "439",
            "147",
            "10",
            "231",
            "493",
            "159",
            "218",
            "145",
            "260",
            "463",
            "305",
            "423",
            "251",
            "20",
            "96",
            "108",
            "2",
            "221",
            "411",
            "430",
            "237",
            "35",
            "112",
            "336"
        ],
        "1": [
            "76",
            "342",
            "391",
            "219",
            "326",
            "400",
            "414",
            "279",
            "319",
            "208",
            "207",
            "328",
            "122",
            "209",
            "238",
            "195",
            "368",
            "46",
            "498",
            "73",
            "225",
            "14",
            "259",
            "38",
            "252",
            "271",
            "486",
            "194",
            "349",
            "43",
            "94",
            "416",
            "59",
            "78",
            "437",
            "348",
            "329",
            "203",
            "262",
            "401",
            "346",
            "277",
            "431",
            "415",
            "383",
            "22",
            "187",
            "91",
            "110",
            "496",
            "421",
            "435",
            "139"
        ],
        "2": [
            "82",
            "370",
            "175",
            "127",
            "152",
            "142",
            "1",
            "29",
            "60",
            "443",
            "222",
            "183",
            "458",
            "178",
            "386",
            "394",
            "356",
            "372",
            "227",
            "292",
            "206",
            "0",
            "442",
            "314",
            "130",
            "322",
            "172",
            "52",
            "7",
            "149",
            "366",
            "477",
            "376",
            "190",
            "473",
            "200",
            "295",
            "449",
            "380",
            "9",
            "263",
            "303",
            "350",
            "34",
            "186",
            "492",
            "32",
            "454"
        ],
        "3": [
            "80",
            "88",
            "182",
            "71",
            "55",
            "320",
            "461",
            "369",
            "56",
            "321",
            "3",
            "353",
            "249",
            "363",
            "483",
            "248",
            "169",
            "384",
            "111",
            "409",
            "360",
            "184",
            "158",
            "345",
            "105",
            "220",
            "412",
            "407",
            "204",
            "30",
            "189",
            "156",
            "424",
            "419",
            "247",
            "51",
            "288",
            "272",
            "150",
            "287",
            "479",
            "8",
            "344",
            "365",
            "306",
            "289",
            "316",
            "246",
            "375"
        ],
        "4": [
            "304",
            "124",
            "132",
            "107",
            "420",
            "39",
            "311",
            "197",
            "456",
            "25",
            "405",
            "69",
            "121",
            "355",
            "408",
            "382",
            "357",
            "480",
            "179",
            "298",
            "63",
            "482",
            "444",
            "312",
            "274",
            "31",
            "469",
            "113",
            "75",
            "302",
            "103",
            "489",
            "165",
            "331",
            "90",
            "464",
            "309",
            "422",
            "205",
            "291",
            "129",
            "404",
            "457",
            "254",
            "162",
            "434",
            "351",
            "201"
        ],
        "5": [
            "448",
            "45",
            "126",
            "214",
            "58",
            "84",
            "114",
            "398",
            "339",
            "497",
            "27",
            "28",
            "198",
            "173",
            "151",
            "193",
            "17",
            "388",
            "157",
            "57",
            "192",
            "452",
            "410",
            "239",
            "37",
            "67",
            "15",
            "285",
            "136",
            "338",
            "374",
            "77",
            "68",
            "101",
            "332",
            "23",
            "280",
            "393",
            "426",
            "276",
            "140",
            "323",
            "98",
            "40",
            "135",
            "327",
            "185",
            "65",
            "256"
        ],
        "6": [
            "445",
            "66",
            "106",
            "86",
            "465",
            "95",
            "354",
            "490",
            "148",
            "24",
            "213",
            "87",
            "281",
            "72",
            "481",
            "296",
            "491",
            "166",
            "283",
            "99",
            "48",
            "215",
            "117",
            "176",
            "16",
            "177",
            "278",
            "146",
            "313",
            "154",
            "199",
            "181",
            "358",
            "250",
            "261",
            "300",
            "102",
            "202",
            "273",
            "390",
            "253",
            "5",
            "429",
            "396",
            "471",
            "286",
            "36",
            "19",
            "438",
            "428"
        ],