{
    "Instance": "planar700_G24",
    "Objective": 49.972321363063514,
    "Infeasibility": 0.0,
    "Starting Time": 1711833782.380552,
    "Time Taken": 64.53575801849365,
    "Initialization Time": 11.29857349395752,
    "nrInitSolutions": 100,
    "startingLambda": 0.1,
    "nrDistricts": 10,
    "lambdaRange": [
        0.1,
        0.4,
        0.7,
        1
    ],
    "delta": 0.05,
    "llambda": 0.7,
    "rcl_parameter": 0.3,
    "Allocation": {
        "0": [
            "602",
            "546",
            "42",
            "487",
            "185",
            "695",
            "229",
            "654",
            "254",
            "330",
            "691",
            "661",
            "240",
            "278",
            "561",
            "566",
            "344",
            "439",
            "635",
            "456",
            "43",
            "417",
            "475",
            "299",
            "486",
            "263",
            "261",
            "47",
            "256",
            "680",
            "399",
            "391",
            "361",
            "164",
            "577",
            "338",
            "180",
            "533",
            "46",
            "510",
            "679",
            "75",
            "186",
            "184",
            "323",
            "348",
            "555",
            "586",
            "624",
            "588",
            "582",
            "61",
            "9",
            "128",
            "465",
            "54",
            "458",
            "187",
            "326",
            "133",
            "301",
            "541",
            "521",
            "415",
            "590",
            "428",
            "12",
            "206",
            "660",
            "469",
            "244",
            "292",
            "269"
        ],
        "1": [
            "66",
            "303",
            "159",
            "616",
            "64",
            "34",
            "328",
            "404",
            "102",
            "332",
            "158",
            "190",
            "35",
            "253",
            "60",
            "373",
            "634",
            "111",
            "77",
            "225",
            "539",
            "183",
            "210",
            "257",
            "147",
            "345",
            "613",
            "19",
            "294",
            "122",
            "612",
            "663",
            "551",
            "637",
            "27",
            "650",
            "316",
            "300",
            "442",
            "291",
            "44",
            "100",
            "202",
            "418",
            "501",
            "349",
            "318",
            "496",
            "619",
            "357",
            "252",
            "238",
            "621",
            "146",
            "233",
            "93",
            "223",
            "507",
            "339",
            "236",
            "276",
            "493",
            "400",
            "468",
            "273",
            "157",
            "659",
            "641",
            "216"
        ],
        "2": [
            "526",
            "156",
            "440",
            "23",
            "247",
            "386",
            "15",
            "110",
            "622",
            "665",
            "219",
            "79",
            "371",
            "70",
            "80",
            "476",
            "38",
            "427",
            "250",
            "87",
            "33",
            "161",
            "13",
            "477",
            "71",
            "265",
            "322",
            "224",
            "162",
            "207",
            "603",
            "511",
            "432",
            "530",
            "148",
            "152",
            "678",
            "672",
            "11",
            "165",
            "430",
            "105",
            "455",
            "108",
            "63",
            "217",
            "7",
            "143",
            "222",
            "414",
            "99",
            "25",
            "129",
            "171",
            "522",
            "205",
            "248",
            "37",
            "89",
            "350",
            "150",
            "651",
            "464",
            "249",
            "221",
            "97",
            "88"
        ],
        "3": [
            "410",
            "116",
            "682",
            "585",
            "484",
            "557",
            "119",
            "411",
            "26",
            "293",
            "592",
            "258",
            "175",
            "126",
            "121",
            "611",
            "601",
            "298",
            "632",
            "134",
            "494",
            "448",
            "317",
            "18",
            "313",
            "648",
            "617",
            "384",
            "403",
            "346",
            "200",
            "599",
            "136",
            "0",
            "545",
            "540",
            "499",
            "572",
            "295",
            "627",
            "132",
            "558",
            "598",
            "138",
            "160",
            "396",
            "516",
            "167",
            "470",
            "610",
            "681",
            "523",
            "178",
            "696",
            "378",
            "196",
            "393",
            "255",
            "482",
            "407",
            "594",
            "401",
            "570",
            "336",
            "98",
            "288",
            "245",
            "565",
            "94",
            "574",
            "135",
            "3",
            "392"
        ],
        "4": [
            "649",
            "8",
            "182",
            "466",
            "117",
            "490",
            "144",
            "489",
            "290",
            "174",
            "360",
            "645",
            "45",
            "78",
            "104",
            "593",
            "106",
            "226",
            "69",
            "461",
            "406",
            "581",
            "334",
            "500",
            "41",
            "272",
            "419",
            "266",
            "57",
            "422",
            "84",
            "584",
            "578",
            "614",
            "398",
            "467",
            "40",
            "508",
            "166",
            "377",
            "550",
            "580",
            "237",
            "387",
            "514",
            "542",
            "101",
            "699",
            "564",
            "444",
            "173",
            "556",
            "589",
            "333",
            "690",
            "653",
            "605",
            "287",
            "698",
            "36",
            "51",
            "227",
            "354",
            "478",
            "284",
            "281",
            "575",
            "358",
            "22",
            "181",
            "656",
            "443"
        ],