{
    "Instance": "planar500_G5",
    "Objective": 47.54845812747219,
    "Infeasibility": 0.0,
    "Starting Time": 1692446111.4886672,
    "Time Taken": 34.91584134101868,
    "Initialization Time": 6.637953996658325,
    "nrInitSolutions": 100,
    "startingLambda": 0.1,
    "nrDistricts": 10,
    "lambdaRange": [
        0.1,
        0.4,
        0.7,
        1
    ],
    "delta": 0.05,
    "llambda": 0.7,
    "rcl_parameter": 0.3,
    "Allocation": {
        "0": [
            "368",
            "241",
            "221",
            "22",
            "37",
            "138",
            "186",
            "295",
            "32",
            "16",
            "395",
            "212",
            "30",
            "146",
            "8",
            "345",
            "455",
            "234",
            "370",
            "354",
            "83",
            "139",
            "170",
            "87",
            "454",
            "195",
            "355",
            "388",
            "483",
            "316",
            "67",
            "425",
            "21",
            "317",
            "281",
            "192",
            "9",
            "126",
            "294",
            "401",
            "184",
            "494",
            "308",
            "190",
            "44",
            "343",
            "31",
            "49",
            "287"
        ],
        "1": [
            "64",
            "34",
            "134",
            "143",
            "176",
            "431",
            "476",
            "438",
            "73",
            "247",
            "273",
            "463",
            "362",
            "486",
            "396",
            "495",
            "490",
            "380",
            "307",
            "97",
            "211",
            "96",
            "337",
            "68",
            "91",
            "228",
            "412",
            "92",
            "236",
            "434",
            "353",
            "457",
            "471",
            "422",
            "242",
            "135",
            "330",
            "315",
            "302",
            "447",
            "79",
            "484",
            "382",
            "418",
            "227",
            "145",
            "375",
            "240",
            "452"
        ],
        "2": [
            "335",
            "239",
            "132",
            "292",
            "29",
            "334",
            "255",
            "340",
            "108",
            "321",
            "188",
            "424",
            "379",
            "182",
            "406",
            "90",
            "265",
            "157",
            "117",
            "39",
            "160",
            "323",
            "95",
            "23",
            "238",
            "339",
            "479",
            "376",
            "430",
            "416",
            "272",
            "225",
            "329",
            "459",
            "391",
            "54",
            "277",
            "78",
            "417",
            "122",
            "293",
            "155",
            "246",
            "346",
            "349",
            "149",
            "310",
            "38"
        ],
        "3": [
            "326",
            "13",
            "373",
            "271",
            "252",
            "214",
            "233",
            "40",
            "397",
            "85",
            "231",
            "6",
            "177",
            "303",
            "264",
            "298",
            "498",
            "125",
            "275",
            "267",
            "69",
            "237",
            "324",
            "492",
            "305",
            "497",
            "472",
            "130",
            "386",
            "219",
            "150",
            "207",
            "185",
            "470",
            "45",
            "98",
            "50",
            "268",
            "101",
            "385",
            "33",
            "251",
            "361",
            "259",
            "364",
            "116",
            "278",
            "413",
            "464",
            "254",
            "496",
            "25",
            "258"
        ],
        "4": [
            "113",
            "466",
            "409",
            "344",
            "84",
            "88",
            "384",
            "152",
            "309",
            "131",
            "266",
            "3",
            "57",
            "296",
            "51",
            "243",
            "299",
            "460",
            "144",
            "63",
            "12",
            "421",
            "331",
            "487",
            "148",
            "105",
            "485",
            "164",
            "300",
            "55",
            "204",
            "477",
            "15",
            "180",
            "408",
            "276",
            "351",
            "261",
            "181",
            "235",
            "257",
            "333",
            "7",
            "356",
            "420",
            "189",
            "35",
            "282",
            "74",
            "403"
        ],
        "5": [
            "357",
            "467",
            "448",
            "19",
            "183",
            "456",
            "205",
            "129",
            "442",
            "423",
            "102",
            "120",
            "304",
            "263",
            "191",
            "121",
            "75",
            "419",
            "474",
            "43",
            "404",
            "153",
            "194",
            "4",
            "187",
            "77",
            "56",
            "124",
            "393",
            "428",
            "169",
            "461",
            "159",
            "444",
            "313",
            "133",
            "358",
            "410",
            "325",
            "165",
            "224",
            "60",
            "270",
            "383",
            "374",
            "93",
            "171",
            "112"
        ],
        "6": [
            "314",
            "260",
            "110",
            "439",
            "76",
            "248",
            "289",
            "429",
            "114",
            "400",
            "359",
            "222",
            "291",
            "462",
            "17",
            "475",
            "453",
            "437",
            "387",
            "322",
            "347",
            "14",
            "18",
            "172",
            "89",
            "168",
            "244",
            "377",
            "327",
            "0",
            "136",
            "390",
            "140",
            "166",
            "482",
            "48",
            "201",
            "128",
            "318",
            "106",
            "202",
            "249",
            "372",
            "414",
            "199",
            "226",
            "209",
            "137",
            "338",
            "348",
            "193",
            "158"
        ],