{
    "Instance": "planar500_G12",
    "Objective": 49.0216852371047,
    "Infeasibility": 0.0,
    "Starting Time": 1711834475.8645344,
    "Time Taken": 32.95076107978821,
    "Initialization Time": 6.160206079483032,
    "nrInitSolutions": 100,
    "startingLambda": 0.1,
    "nrDistricts": 10,
    "lambdaRange": [
        0.1,
        0.4,
        0.7,
        1
    ],
    "delta": 0.05,
    "llambda": 0.7,
    "rcl_parameter": 0.3,
    "Allocation": {
        "0": [
            "141",
            "458",
            "439",
            "440",
            "226",
            "134",
            "476",
            "114",
            "132",
            "413",
            "374",
            "444",
            "222",
            "432",
            "372",
            "268",
            "451",
            "146",
            "481",
            "291",
            "17",
            "85",
            "328",
            "443",
            "218",
            "143",
            "256",
            "292",
            "400",
            "98",
            "262",
            "307",
            "18",
            "285",
            "484",
            "13",
            "233",
            "312",
            "252",
            "398",
            "472",
            "42",
            "178",
            "133",
            "197",
            "192",
            "116",
            "301"
        ],
        "1": [
            "495",
            "499",
            "266",
            "465",
            "181",
            "208",
            "105",
            "33",
            "110",
            "321",
            "348",
            "344",
            "151",
            "177",
            "7",
            "316",
            "202",
            "313",
            "437",
            "14",
            "162",
            "419",
            "12",
            "94",
            "353",
            "412",
            "351",
            "448",
            "60",
            "160",
            "479",
            "297",
            "38",
            "179",
            "157",
            "470",
            "164",
            "270",
            "135",
            "294",
            "142",
            "441",
            "386",
            "489",
            "274",
            "425",
            "206",
            "361",
            "245",
            "392",
            "21",
            "390"
        ],
        "2": [
            "200",
            "209",
            "139",
            "115",
            "358",
            "341",
            "422",
            "130",
            "349",
            "381",
            "453",
            "322",
            "423",
            "494",
            "217",
            "191",
            "421",
            "366",
            "277",
            "375",
            "63",
            "296",
            "199",
            "249",
            "442",
            "324",
            "109",
            "251",
            "466",
            "355",
            "283",
            "225",
            "264",
            "147",
            "282",
            "289",
            "304",
            "228",
            "0",
            "287",
            "284",
            "170",
            "180",
            "122",
            "66",
            "399",
            "314",
            "342",
            "416"
        ],
        "3": [
            "150",
            "496",
            "36",
            "189",
            "420",
            "243",
            "68",
            "126",
            "166",
            "123",
            "288",
            "229",
            "376",
            "102",
            "198",
            "407",
            "254",
            "176",
            "56",
            "389",
            "426",
            "81",
            "395",
            "185",
            "64",
            "462",
            "41",
            "138",
            "401",
            "43",
            "486",
            "29",
            "260",
            "409",
            "24",
            "237",
            "463",
            "370",
            "203",
            "430",
            "239",
            "10",
            "388",
            "3",
            "482",
            "117",
            "128",
            "168",
            "148",
            "158",
            "319",
            "305",
            "51"
        ],
        "4": [
            "22",
            "104",
            "161",
            "276",
            "450",
            "214",
            "30",
            "354",
            "377",
            "468",
            "371",
            "333",
            "363",
            "410",
            "99",
            "35",
            "153",
            "240",
            "201",
            "369",
            "171",
            "477",
            "152",
            "232",
            "367",
            "325",
            "118",
            "329",
            "165",
            "70",
            "205",
            "346",
            "230",
            "59",
            "93",
            "221",
            "320",
            "493",
            "286",
            "9",
            "474",
            "332",
            "326",
            "194",
            "263",
            "236",
            "100",
            "34",
            "16",
            "4"
        ],
        "5": [
            "45",
            "83",
            "473",
            "238",
            "414",
            "404",
            "87",
            "434",
            "298",
            "40",
            "234",
            "107",
            "318",
            "382",
            "446",
            "37",
            "175",
            "140",
            "338",
            "163",
            "88",
            "302",
            "362",
            "345",
            "73",
            "90",
            "173",
            "210",
            "461",
            "86",
            "403",
            "391",
            "303",
            "20",
            "279",
            "335",
            "61",
            "137",
            "278",
            "337",
            "269",
            "246",
            "92",
            "438",
            "247",
            "144",
            "352",
            "248",
            "125"
        ],
        "6": [
            "257",
            "365",
            "457",
            "460",
            "216",
            "360",
            "91",
            "467",
            "244",
            "5",
            "67",
            "241",
            "121",
            "72",
            "44",
            "129",
            "227",
            "169",
            "487",
            "455",
            "445",
            "127",
            "62",
            "271",
            "103",
            "347",
            "58",
            "311",
            "339",
            "385",
            "32",
            "96",
            "195",
            "435",
            "411",
            "112",
            "383",
            "113",
            "483",
            "52",
            "469",
            "182",
            "78",
            "46",
            "31",
            "259",
            "186",
            "74",
            "250",
            "459"
        ],