{
    "Instance": "planar600_G16",
    "Objective": 47.39830348986593,
    "Infeasibility": 0.0,
    "Starting Time": 1711835010.0848403,
    "Time Taken": 81.48600363731384,
    "Initialization Time": 8.852532863616943,
    "nrInitSolutions": 100,
    "startingLambda": 0.1,
    "nrDistricts": 10,
    "lambdaRange": [
        0.1,
        0.4,
        0.7,
        1
    ],
    "delta": 0.05,
    "llambda": 0.7,
    "rcl_parameter": 0.3,
    "Allocation": {
        "0": [
            "554",
            "463",
            "151",
            "124",
            "316",
            "495",
            "588",
            "499",
            "415",
            "538",
            "248",
            "266",
            "425",
            "422",
            "317",
            "469",
            "484",
            "145",
            "129",
            "243",
            "227",
            "536",
            "5",
            "445",
            "237",
            "286",
            "574",
            "309",
            "245",
            "578",
            "28",
            "575",
            "279",
            "408",
            "51",
            "344",
            "205",
            "428",
            "251",
            "294",
            "473",
            "130",
            "335",
            "231",
            "211",
            "163",
            "483",
            "390",
            "47",
            "192",
            "40",
            "322",
            "417",
            "182",
            "498",
            "26",
            "572",
            "100",
            "434",
            "476",
            "517",
            "19",
            "153"
        ],
        "1": [
            "212",
            "462",
            "435",
            "296",
            "355",
            "360",
            "201",
            "59",
            "11",
            "4",
            "533",
            "532",
            "43",
            "436",
            "254",
            "519",
            "448",
            "477",
            "13",
            "564",
            "143",
            "46",
            "557",
            "102",
            "57",
            "468",
            "441",
            "594",
            "556",
            "501",
            "398",
            "569",
            "388",
            "330",
            "133",
            "391",
            "308",
            "56",
            "433",
            "117",
            "247",
            "370",
            "585",
            "38",
            "230",
            "306",
            "577",
            "176",
            "289",
            "203",
            "154",
            "331",
            "25",
            "32",
            "173",
            "511"
        ],
        "2": [
            "233",
            "86",
            "234",
            "497",
            "527",
            "136",
            "152",
            "413",
            "534",
            "123",
            "555",
            "21",
            "300",
            "325",
            "312",
            "15",
            "559",
            "458",
            "92",
            "285",
            "83",
            "385",
            "180",
            "45",
            "222",
            "189",
            "459",
            "35",
            "250",
            "478",
            "404",
            "194",
            "354",
            "204",
            "7",
            "599",
            "109",
            "165",
            "579",
            "342",
            "276",
            "62",
            "253",
            "118",
            "282",
            "9",
            "80",
            "494",
            "104",
            "146",
            "48",
            "244",
            "537",
            "265",
            "518",
            "346",
            "467"
        ],
        "3": [
            "242",
            "523",
            "215",
            "85",
            "528",
            "29",
            "412",
            "492",
            "587",
            "214",
            "550",
            "337",
            "178",
            "508",
            "323",
            "93",
            "98",
            "263",
            "597",
            "30",
            "31",
            "235",
            "384",
            "240",
            "565",
            "357",
            "159",
            "241",
            "292",
            "386",
            "160",
            "418",
            "406",
            "573",
            "210",
            "275",
            "280",
            "365",
            "562",
            "225",
            "191",
            "586",
            "530",
            "315",
            "416",
            "218",
            "343",
            "79",
            "561",
            "582",
            "257",
            "126",
            "332",
            "371",
            "444",
            "442",
            "121",
            "97",
            "112",
            "338",
            "115",
            "262",
            "570"
        ],
        "4": [
            "164",
            "149",
            "347",
            "471",
            "91",
            "383",
            "68",
            "596",
            "125",
            "181",
            "77",
            "504",
            "400",
            "506",
            "106",
            "36",
            "440",
            "547",
            "249",
            "298",
            "61",
            "336",
            "161",
            "491",
            "447",
            "288",
            "377",
            "580",
            "531",
            "481",
            "522",
            "551",
            "545",
            "490",
            "144",
            "505",
            "158",
            "273",
            "34",
            "419",
            "375",
            "132",
            "402",
            "272",
            "1",
            "507",
            "155",
            "372",
            "14",
            "470",
            "140",
            "50",
            "374",
            "197",
            "207",
            "195",
            "334",
            "364",
            "341",
            "373",
            "96",
            "221",
            "328"
        ],
        "5": [
            "349",
            "520",
            "420",
            "510",
            "200",
            "542",
            "353",
            "576",
            "319",
            "367",
            "590",
            "119",
            "284",
            "199",
            "327",
            "108",
            "175",
            "451",
            "128",
            "369",
            "503",
            "303",
            "206",
            "489",
            "185",
            "446",
            "139",
            "397",
            "88",
            "226",
            "0",
            "509",
            "281",
            "141",
            "475",
            "426",
            "187",
            "120",
            "411",
            "389",
            "236",
            "147",
            "193",
            "179",
            "515",
            "137",
            "169",
            "516",
            "95",
            "171",
            "162",
            "352",
            "17",
            "307",
            "213",
            "73",
            "37",
            "535",
            "414",
            "264",
            "278"
        ],