{
    "Instance": "planar600_G13",
    "Objective": 46.20370866647484,
    "Infeasibility": 0.0,
    "Starting Time": 1711834405.6862183,
    "Time Taken": 143.92495393753052,
    "Initialization Time": 8.817929983139038,
    "nrInitSolutions": 100,
    "startingLambda": 0.1,
    "nrDistricts": 10,
    "lambdaRange": [
        0.1,
        0.4,
        0.7,
        1
    ],
    "delta": 0.05,
    "llambda": 0.7,
    "rcl_parameter": 0.3,
    "Allocation": {
        "0": [
            "39",
            "349",
            "315",
            "92",
            "323",
            "519",
            "125",
            "495",
            "574",
            "76",
            "384",
            "132",
            "165",
            "369",
            "518",
            "481",
            "571",
            "12",
            "85",
            "234",
            "261",
            "440",
            "32",
            "503",
            "152",
            "43",
            "535",
            "372",
            "7",
            "551",
            "572",
            "150",
            "447",
            "251",
            "146",
            "16",
            "47",
            "499",
            "385",
            "104",
            "105",
            "69",
            "419",
            "527",
            "160",
            "513",
            "324",
            "107",
            "210",
            "345",
            "567",
            "355",
            "239",
            "480",
            "154",
            "25",
            "344",
            "421",
            "113",
            "467",
            "273"
        ],
        "1": [
            "474",
            "599",
            "568",
            "270",
            "500",
            "456",
            "449",
            "376",
            "320",
            "299",
            "240",
            "350",
            "581",
            "343",
            "194",
            "169",
            "101",
            "411",
            "366",
            "95",
            "377",
            "173",
            "159",
            "434",
            "157",
            "336",
            "560",
            "301",
            "548",
            "263",
            "569",
            "5",
            "403",
            "322",
            "156",
            "410",
            "402",
            "58",
            "391",
            "407",
            "26",
            "260",
            "381",
            "588",
            "84",
            "321",
            "93",
            "289",
            "479",
            "56",
            "525",
            "138",
            "312",
            "423",
            "515",
            "563",
            "217"
        ],
        "2": [
            "488",
            "478",
            "557",
            "21",
            "561",
            "60",
            "453",
            "292",
            "250",
            "41",
            "382",
            "541",
            "4",
            "501",
            "51",
            "465",
            "348",
            "371",
            "498",
            "397",
            "19",
            "0",
            "244",
            "455",
            "179",
            "128",
            "505",
            "267",
            "199",
            "102",
            "248",
            "332",
            "290",
            "191",
            "45",
            "259",
            "365",
            "142",
            "65",
            "190",
            "204",
            "504",
            "300",
            "282",
            "233",
            "133",
            "209",
            "549",
            "116",
            "502",
            "305",
            "34",
            "353",
            "149",
            "141",
            "386",
            "354",
            "180",
            "335"
        ],
        "3": [
            "163",
            "108",
            "439",
            "223",
            "338",
            "490",
            "277",
            "326",
            "220",
            "112",
            "257",
            "237",
            "586",
            "536",
            "3",
            "91",
            "442",
            "268",
            "279",
            "158",
            "14",
            "230",
            "424",
            "435",
            "143",
            "238",
            "203",
            "317",
            "566",
            "595",
            "594",
            "362",
            "172",
            "287",
            "284",
            "264",
            "109",
            "49",
            "291",
            "578",
            "184",
            "63",
            "64",
            "318",
            "412",
            "333",
            "269",
            "310",
            "469",
            "66",
            "130",
            "550",
            "57",
            "307",
            "166",
            "140",
            "360",
            "445",
            "306",
            "212"
        ],
        "4": [
            "526",
            "489",
            "420",
            "388",
            "228",
            "531",
            "148",
            "373",
            "189",
            "145",
            "389",
            "370",
            "144",
            "137",
            "302",
            "235",
            "294",
            "430",
            "77",
            "570",
            "61",
            "246",
            "207",
            "547",
            "565",
            "288",
            "208",
            "274",
            "71",
            "383",
            "243",
            "177",
            "473",
            "448",
            "6",
            "216",
            "225",
            "523",
            "401",
            "507",
            "155",
            "591",
            "111",
            "278",
            "226",
            "303",
            "428",
            "249",
            "135",
            "48",
            "587",
            "262",
            "533",
            "580",
            "521",
            "416",
            "206",
            "87",
            "537"
        ],
        "5": [
            "286",
            "266",
            "393",
            "497",
            "96",
            "295",
            "134",
            "472",
            "13",
            "27",
            "443",
            "253",
            "577",
            "73",
            "359",
            "404",
            "313",
            "406",
            "334",
            "553",
            "575",
            "464",
            "254",
            "426",
            "330",
            "357",
            "122",
            "213",
            "539",
            "67",
            "202",
            "186",
            "304",
            "195",
            "542",
            "120",
            "8",
            "181",
            "103",
            "593",
            "361",
            "532",
            "227",
            "147",
            "358",
            "296",
            "398",
            "121",
            "219",
            "285",
            "276",
            "193",
            "62",
            "454",
            "538",
            "94",
            "432",
            "460",
            "590",
            "511",
            "86"
        ],