{
    "Instance": "planar500_G9",
    "Objective": 49.263256869087,
    "Infeasibility": 0.0,
    "Starting Time": 1692446326.0247924,
    "Time Taken": 50.292688846588135,
    "Initialization Time": 6.72237229347229,
    "nrInitSolutions": 100,
    "startingLambda": 0.1,
    "nrDistricts": 10,
    "lambdaRange": [
        0.1,
        0.4,
        0.7,
        1
    ],
    "delta": 0.05,
    "llambda": 0.7,
    "rcl_parameter": 0.3,
    "Allocation": {
        "0": [
            "137",
            "157",
            "102",
            "108",
            "56",
            "442",
            "468",
            "279",
            "54",
            "2",
            "309",
            "318",
            "281",
            "129",
            "23",
            "80",
            "243",
            "396",
            "36",
            "433",
            "118",
            "399",
            "482",
            "103",
            "190",
            "410",
            "110",
            "338",
            "169",
            "407",
            "33",
            "380",
            "100",
            "369",
            "47",
            "413",
            "359",
            "30",
            "58",
            "463",
            "404",
            "400",
            "290",
            "391",
            "295",
            "374",
            "388",
            "261"
        ],
        "1": [
            "246",
            "175",
            "73",
            "344",
            "26",
            "267",
            "350",
            "120",
            "277",
            "196",
            "94",
            "478",
            "327",
            "27",
            "254",
            "386",
            "434",
            "286",
            "4",
            "312",
            "12",
            "77",
            "177",
            "316",
            "280",
            "319",
            "292",
            "48",
            "362",
            "29",
            "165",
            "162",
            "13",
            "314",
            "260",
            "346",
            "376",
            "69",
            "225",
            "163",
            "284",
            "164",
            "71",
            "83",
            "146",
            "423",
            "144",
            "360",
            "127"
        ],
        "2": [
            "176",
            "113",
            "203",
            "53",
            "142",
            "50",
            "443",
            "119",
            "436",
            "51",
            "429",
            "270",
            "381",
            "475",
            "238",
            "76",
            "46",
            "278",
            "143",
            "0",
            "185",
            "5",
            "305",
            "128",
            "439",
            "174",
            "39",
            "296",
            "455",
            "408",
            "299",
            "460",
            "28",
            "154",
            "416",
            "187",
            "282",
            "89",
            "402",
            "497",
            "8",
            "473",
            "273",
            "179",
            "178",
            "384",
            "155",
            "45"
        ],
        "3": [
            "132",
            "264",
            "7",
            "199",
            "105",
            "437",
            "252",
            "283",
            "161",
            "304",
            "324",
            "123",
            "140",
            "20",
            "479",
            "248",
            "287",
            "226",
            "303",
            "427",
            "236",
            "84",
            "297",
            "3",
            "9",
            "75",
            "269",
            "251",
            "313",
            "134",
            "291",
            "486",
            "59",
            "104",
            "275",
            "339",
            "274",
            "130",
            "444",
            "197",
            "325",
            "322",
            "418",
            "356",
            "79",
            "223",
            "461",
            "211",
            "257",
            "74",
            "68",
            "90"
        ],
        "4": [
            "493",
            "333",
            "306",
            "393",
            "484",
            "92",
            "205",
            "194",
            "487",
            "250",
            "67",
            "133",
            "32",
            "136",
            "414",
            "96",
            "192",
            "232",
            "107",
            "332",
            "321",
            "66",
            "63",
            "168",
            "230",
            "160",
            "417",
            "153",
            "152",
            "88",
            "310",
            "62",
            "124",
            "147",
            "449",
            "353",
            "389",
            "311",
            "447",
            "31",
            "227",
            "64",
            "19",
            "378",
            "111",
            "184",
            "411",
            "481",
            "425",
            "189",
            "265"
        ],
        "5": [
            "289",
            "158",
            "308",
            "204",
            "40",
            "387",
            "498",
            "454",
            "430",
            "200",
            "10",
            "392",
            "186",
            "394",
            "101",
            "372",
            "323",
            "121",
            "65",
            "458",
            "135",
            "268",
            "398",
            "385",
            "148",
            "117",
            "335",
            "201",
            "38",
            "49",
            "139",
            "340",
            "216",
            "99",
            "266",
            "334",
            "298",
            "220",
            "401",
            "263",
            "219",
            "141",
            "181",
            "215",
            "320",
            "16",
            "237",
            "244"
        ],
        "6": [
            "451",
            "363",
            "351",
            "170",
            "373",
            "440",
            "472",
            "125",
            "331",
            "285",
            "438",
            "315",
            "465",
            "368",
            "198",
            "91",
            "341",
            "126",
            "87",
            "17",
            "441",
            "86",
            "247",
            "149",
            "206",
            "253",
            "471",
            "258",
            "272",
            "191",
            "249",
            "242",
            "409",
            "214",
            "228",
            "85",
            "365",
            "81",
            "293",
            "469",
            "44",
            "180",
            "474",
            "403",
            "456",
            "150",
            "495",
            "453",
            "450",
            "352",
            "276",
            "262",
            "255"
        ],