{
    "Instance": "planar700_G27",
    "Objective": 47.544273384225576,
    "Infeasibility": 0.0,
    "Starting Time": 1711834673.2433558,
    "Time Taken": 52.644150495529175,
    "Initialization Time": 11.542713403701782,
    "nrInitSolutions": 100,
    "startingLambda": 0.1,
    "nrDistricts": 10,
    "lambdaRange": [
        0.1,
        0.4,
        0.7,
        1
    ],
    "delta": 0.05,
    "llambda": 0.7,
    "rcl_parameter": 0.3,
    "Allocation": {
        "0": [
            "101",
            "566",
            "656",
            "629",
            "520",
            "486",
            "112",
            "74",
            "648",
            "269",
            "393",
            "308",
            "438",
            "331",
            "15",
            "312",
            "82",
            "472",
            "60",
            "426",
            "659",
            "84",
            "342",
            "571",
            "510",
            "195",
            "430",
            "295",
            "380",
            "68",
            "8",
            "19",
            "660",
            "443",
            "321",
            "309",
            "598",
            "286",
            "529",
            "548",
            "654",
            "214",
            "447",
            "172",
            "233",
            "355",
            "690",
            "51",
            "111",
            "178",
            "266",
            "650",
            "180",
            "52",
            "157",
            "672",
            "215",
            "533",
            "372",
            "365",
            "204",
            "508",
            "431",
            "207",
            "535",
            "413",
            "531",
            "154",
            "48",
            "183",
            "102",
            "615",
            "466",
            "328"
        ],
        "1": [
            "279",
            "581",
            "668",
            "487",
            "160",
            "348",
            "225",
            "317",
            "128",
            "504",
            "479",
            "156",
            "318",
            "230",
            "337",
            "591",
            "64",
            "350",
            "636",
            "578",
            "196",
            "31",
            "322",
            "56",
            "421",
            "90",
            "616",
            "665",
            "399",
            "185",
            "685",
            "691",
            "188",
            "388",
            "498",
            "345",
            "552",
            "590",
            "597",
            "370",
            "606",
            "577",
            "148",
            "549",
            "506",
            "428",
            "385",
            "580",
            "6",
            "11",
            "272",
            "358",
            "263",
            "95",
            "389",
            "131",
            "417",
            "354",
            "514",
            "653",
            "450",
            "689",
            "236",
            "560",
            "226",
            "405",
            "562",
            "298",
            "306",
            "647"
        ],
        "2": [
            "492",
            "122",
            "29",
            "462",
            "39",
            "199",
            "285",
            "588",
            "613",
            "252",
            "640",
            "558",
            "136",
            "661",
            "307",
            "574",
            "222",
            "433",
            "579",
            "582",
            "73",
            "182",
            "559",
            "143",
            "563",
            "645",
            "217",
            "568",
            "115",
            "646",
            "32",
            "423",
            "585",
            "310",
            "610",
            "521",
            "159",
            "289",
            "649",
            "7",
            "346",
            "572",
            "3",
            "187",
            "320",
            "452",
            "403",
            "85",
            "564",
            "461",
            "683",
            "373",
            "281",
            "311",
            "87",
            "256",
            "442",
            "335",
            "88",
            "525",
            "251",
            "353",
            "603",
            "553",
            "681",
            "0",
            "333",
            "446",
            "596",
            "445",
            "323"
        ],
        "3": [
            "47",
            "625",
            "652",
            "383",
            "444",
            "27",
            "78",
            "503",
            "288",
            "211",
            "33",
            "526",
            "565",
            "193",
            "693",
            "551",
            "22",
            "276",
            "638",
            "617",
            "116",
            "12",
            "524",
            "347",
            "612",
            "344",
            "434",
            "368",
            "100",
            "221",
            "376",
            "86",
            "469",
            "13",
            "186",
            "171",
            "688",
            "371",
            "641",
            "138",
            "511",
            "555",
            "24",
            "352",
            "409",
            "244",
            "61",
            "366",
            "1",
            "412",
            "126",
            "173",
            "237",
            "542",
            "164",
            "679",
            "457",
            "165",
            "611",
            "546",
            "644",
            "671",
            "449",
            "201",
            "242",
            "422",
            "669",
            "240",
            "260",
            "114",
            "456",
            "192",
            "593"
        ],
        "4": [
            "432",
            "261",
            "150",
            "142",
            "297",
            "9",
            "362",
            "270",
            "632",
            "495",
            "360",
            "66",
            "374",
            "282",
            "205",
            "190",
            "340",
            "200",
            "356",
            "177",
            "296",
            "121",
            "254",
            "234",
            "326",
            "127",
            "584",
            "484",
            "573",
            "516",
            "119",
            "129",
            "586",
            "480",
            "696",
            "339",
            "415",
            "245",
            "400",
            "26",
            "161",
            "235",
            "394",
            "149",
            "618",
            "695",
            "483",
            "264",
            "110",
            "692",
            "327",
            "44",
            "79",
            "108",
            "194",
            "547",
            "212",
            "676",
            "63",
            "623",
            "267",
            "218",
            "152",
            "427",
            "304"
        ],