{
    "Instance": "planar600_G25",
    "Objective": 46.99476162595164,
    "Infeasibility": 0.0,
    "Starting Time": 1711834325.4325538,
    "Time Taken": 57.27928161621094,
    "Initialization Time": 8.830485820770264,
    "nrInitSolutions": 100,
    "startingLambda": 0.1,
    "nrDistricts": 10,
    "lambdaRange": [
        0.1,
        0.4,
        0.7,
        1
    ],
    "delta": 0.05,
    "llambda": 0.7,
    "rcl_parameter": 0.3,
    "Allocation": {
        "0": [
            "415",
            "100",
            "439",
            "505",
            "257",
            "287",
            "560",
            "102",
            "446",
            "101",
            "97",
            "476",
            "230",
            "61",
            "28",
            "237",
            "528",
            "295",
            "547",
            "493",
            "44",
            "333",
            "396",
            "12",
            "3",
            "480",
            "384",
            "221",
            "218",
            "385",
            "199",
            "559",
            "31",
            "231",
            "286",
            "551",
            "25",
            "267",
            "423",
            "497",
            "46",
            "308",
            "495",
            "240",
            "535",
            "569",
            "508",
            "16",
            "332",
            "511",
            "570",
            "58",
            "513",
            "224",
            "583",
            "565",
            "428",
            "260",
            "451"
        ],
        "1": [
            "18",
            "388",
            "269",
            "239",
            "432",
            "93",
            "478",
            "20",
            "43",
            "590",
            "307",
            "138",
            "259",
            "531",
            "390",
            "347",
            "438",
            "164",
            "129",
            "72",
            "369",
            "355",
            "280",
            "424",
            "49",
            "86",
            "498",
            "481",
            "83",
            "441",
            "103",
            "576",
            "470",
            "540",
            "500",
            "84",
            "296",
            "405",
            "445",
            "386",
            "436",
            "241",
            "273",
            "522",
            "427",
            "213",
            "336",
            "158",
            "141",
            "281",
            "340",
            "48",
            "174",
            "246",
            "475",
            "376",
            "538",
            "202"
        ],
        "2": [
            "227",
            "110",
            "261",
            "452",
            "293",
            "360",
            "115",
            "1",
            "75",
            "98",
            "135",
            "59",
            "304",
            "443",
            "571",
            "553",
            "542",
            "573",
            "219",
            "463",
            "494",
            "172",
            "245",
            "501",
            "456",
            "526",
            "60",
            "234",
            "211",
            "226",
            "567",
            "449",
            "156",
            "373",
            "10",
            "222",
            "584",
            "56",
            "582",
            "37",
            "431",
            "24",
            "442",
            "251",
            "325",
            "426",
            "379",
            "558",
            "283",
            "399",
            "408",
            "577",
            "30",
            "366",
            "182",
            "496",
            "329",
            "132",
            "346",
            "126",
            "170",
            "176"
        ],
        "3": [
            "484",
            "335",
            "169",
            "473",
            "401",
            "55",
            "276",
            "279",
            "434",
            "539",
            "150",
            "124",
            "106",
            "277",
            "183",
            "338",
            "153",
            "113",
            "489",
            "19",
            "196",
            "548",
            "504",
            "51",
            "168",
            "36",
            "514",
            "21",
            "140",
            "22",
            "506",
            "467",
            "483",
            "217",
            "80",
            "578",
            "532",
            "458",
            "502",
            "187",
            "297",
            "404",
            "162",
            "595",
            "201",
            "564",
            "359",
            "184",
            "250",
            "189",
            "112",
            "203",
            "151",
            "487",
            "63",
            "4",
            "109",
            "303",
            "190",
            "139",
            "79",
            "247"
        ],
        "4": [
            "215",
            "159",
            "588",
            "323",
            "429",
            "566",
            "330",
            "143",
            "275",
            "364",
            "444",
            "462",
            "209",
            "253",
            "26",
            "363",
            "568",
            "166",
            "220",
            "416",
            "284",
            "145",
            "550",
            "402",
            "157",
            "552",
            "263",
            "152",
            "39",
            "255",
            "507",
            "208",
            "393",
            "193",
            "161",
            "541",
            "2",
            "256",
            "85",
            "562",
            "81",
            "95",
            "17",
            "185",
            "242",
            "262",
            "320",
            "290",
            "328",
            "599",
            "67",
            "365",
            "546",
            "173",
            "492",
            "47",
            "29",
            "510",
            "53",
            "450",
            "35",
            "339",
            "15"
        ],
        "5": [
            "216",
            "406",
            "206",
            "111",
            "485",
            "131",
            "368",
            "137",
            "244",
            "191",
            "165",
            "204",
            "477",
            "411",
            "71",
            "572",
            "52",
            "288",
            "464",
            "413",
            "313",
            "524",
            "294",
            "317",
            "177",
            "94",
            "154",
            "23",
            "554",
            "587",
            "134",
            "520",
            "344",
            "33",
            "195",
            "88",
            "194",
            "471",
            "433",
            "299",
            "491",
            "122",
            "40",
            "499",
            "282",
            "128",
            "371",
            "264",
            "448",
            "374",
            "107",
            "292",
            "76",
            "474",
            "375",
            "77"
        ],