{
    "Instance": "planar500_G15",
    "Objective": 47.064189001750876,
    "Infeasibility": 0.0,
    "Starting Time": 1711834168.5500696,
    "Time Taken": 90.8849081993103,
    "Initialization Time": 6.3986122608184814,
    "nrInitSolutions": 100,
    "startingLambda": 0.1,
    "nrDistricts": 10,
    "lambdaRange": [
        0.1,
        0.4,
        0.7,
        1
    ],
    "delta": 0.05,
    "llambda": 0.7,
    "rcl_parameter": 0.3,
    "Allocation": {
        "0": [
            "278",
            "384",
            "469",
            "352",
            "473",
            "143",
            "347",
            "394",
            "301",
            "58",
            "380",
            "266",
            "6",
            "273",
            "231",
            "227",
            "87",
            "49",
            "22",
            "238",
            "461",
            "16",
            "434",
            "8",
            "225",
            "375",
            "218",
            "226",
            "240",
            "463",
            "200",
            "96",
            "20",
            "77",
            "393",
            "342",
            "105",
            "74",
            "70",
            "467",
            "305",
            "414",
            "387",
            "436",
            "366",
            "171",
            "127",
            "365",
            "377",
            "46",
            "284",
            "30"
        ],
        "1": [
            "453",
            "386",
            "3",
            "423",
            "382",
            "438",
            "84",
            "102",
            "120",
            "319",
            "222",
            "259",
            "283",
            "34",
            "311",
            "194",
            "7",
            "141",
            "139",
            "428",
            "79",
            "80",
            "288",
            "295",
            "477",
            "208",
            "202",
            "228",
            "398",
            "131",
            "497",
            "78",
            "291",
            "142",
            "217",
            "67",
            "286",
            "281",
            "267",
            "187",
            "484",
            "253",
            "492",
            "219",
            "54",
            "340",
            "264",
            "61",
            "360",
            "43"
        ],
        "2": [
            "440",
            "9",
            "234",
            "169",
            "429",
            "101",
            "251",
            "432",
            "406",
            "45",
            "324",
            "294",
            "243",
            "145",
            "451",
            "129",
            "37",
            "304",
            "14",
            "108",
            "224",
            "83",
            "346",
            "121",
            "459",
            "206",
            "383",
            "361",
            "452",
            "86",
            "397",
            "289",
            "405",
            "56",
            "445",
            "499",
            "344",
            "348",
            "233",
            "353",
            "126",
            "112",
            "280",
            "115",
            "192",
            "106",
            "29",
            "52",
            "437",
            "197",
            "185"
        ],
        "3": [
            "457",
            "282",
            "140",
            "389",
            "114",
            "241",
            "390",
            "179",
            "374",
            "196",
            "211",
            "274",
            "10",
            "42",
            "63",
            "320",
            "325",
            "47",
            "215",
            "327",
            "356",
            "400",
            "181",
            "408",
            "128",
            "204",
            "424",
            "50",
            "350",
            "182",
            "65",
            "480",
            "454",
            "306",
            "111",
            "388",
            "189",
            "213",
            "343",
            "146",
            "188",
            "201",
            "69",
            "277",
            "235",
            "24",
            "237",
            "279",
            "312",
            "481"
        ],
        "4": [
            "427",
            "109",
            "272",
            "314",
            "25",
            "66",
            "195",
            "210",
            "55",
            "262",
            "334",
            "448",
            "355",
            "133",
            "60",
            "191",
            "32",
            "89",
            "28",
            "18",
            "326",
            "249",
            "335",
            "167",
            "321",
            "471",
            "254",
            "421",
            "275",
            "95",
            "158",
            "123",
            "94",
            "447",
            "118",
            "464",
            "265",
            "449",
            "333",
            "159",
            "338",
            "170",
            "150",
            "482",
            "239",
            "425",
            "376",
            "255",
            "229",
            "163"
        ],
        "5": [
            "260",
            "173",
            "161",
            "246",
            "180",
            "230",
            "475",
            "307",
            "268",
            "5",
            "245",
            "494",
            "419",
            "466",
            "209",
            "134",
            "178",
            "465",
            "212",
            "474",
            "165",
            "176",
            "476",
            "154",
            "39",
            "35",
            "199",
            "203",
            "137",
            "221",
            "205",
            "27",
            "488",
            "496",
            "177",
            "76",
            "354",
            "33",
            "92",
            "110",
            "446",
            "48",
            "276",
            "391",
            "341",
            "193",
            "124",
            "104",
            "402",
            "483"
        ],
        "6": [
            "468",
            "256",
            "160",
            "72",
            "91",
            "23",
            "418",
            "303",
            "399",
            "368",
            "247",
            "85",
            "198",
            "470",
            "336",
            "330",
            "258",
            "151",
            "21",
            "298",
            "442",
            "498",
            "323",
            "97",
            "455",
            "479",
            "248",
            "172",
            "119",
            "11",
            "4",
            "431",
            "75",
            "339",
            "357",
            "156",
            "302",
            "299",
            "441",
            "57",
            "450",
            "379",
            "328",
            "381",
            "417",
            "364",
            "458",
            "359",
            "15",
            "41",
            "12"
        ],