{
    "Instance": "planar600_G28",
    "Objective": 45.40198522634486,
    "Infeasibility": 0.0,
    "Starting Time": 1711834032.095784,
    "Time Taken": 129.14429259300232,
    "Initialization Time": 9.018017292022705,
    "nrInitSolutions": 100,
    "startingLambda": 0.1,
    "nrDistricts": 10,
    "lambdaRange": [
        0.1,
        0.4,
        0.7,
        1
    ],
    "delta": 0.05,
    "llambda": 0.7,
    "rcl_parameter": 0.3,
    "Allocation": {
        "0": [
            "347",
            "150",
            "580",
            "51",
            "377",
            "162",
            "68",
            "284",
            "74",
            "523",
            "503",
            "253",
            "216",
            "468",
            "3",
            "368",
            "492",
            "526",
            "139",
            "300",
            "414",
            "70",
            "0",
            "513",
            "594",
            "545",
            "72",
            "6",
            "211",
            "311",
            "375",
            "30",
            "334",
            "397",
            "355",
            "599",
            "49",
            "481",
            "424",
            "157",
            "476",
            "220",
            "465",
            "572",
            "336",
            "534",
            "115",
            "65",
            "164",
            "302",
            "458",
            "400",
            "449",
            "597",
            "432"
        ],
        "1": [
            "191",
            "306",
            "103",
            "556",
            "370",
            "55",
            "32",
            "471",
            "184",
            "214",
            "237",
            "574",
            "305",
            "454",
            "530",
            "219",
            "255",
            "37",
            "86",
            "264",
            "554",
            "411",
            "192",
            "429",
            "4",
            "105",
            "141",
            "169",
            "232",
            "535",
            "478",
            "493",
            "420",
            "104",
            "447",
            "48",
            "181",
            "106",
            "242",
            "21",
            "388",
            "36",
            "387",
            "205",
            "568",
            "69",
            "159",
            "341",
            "12",
            "163",
            "402",
            "96",
            "227",
            "45",
            "324",
            "266",
            "496",
            "469",
            "433",
            "197",
            "382",
            "564"
        ],
        "2": [
            "527",
            "579",
            "543",
            "138",
            "451",
            "262",
            "263",
            "38",
            "249",
            "483",
            "290",
            "173",
            "374",
            "1",
            "221",
            "179",
            "276",
            "391",
            "386",
            "260",
            "33",
            "431",
            "500",
            "132",
            "274",
            "293",
            "102",
            "273",
            "467",
            "41",
            "54",
            "247",
            "226",
            "390",
            "40",
            "498",
            "84",
            "171",
            "407",
            "559",
            "548",
            "315",
            "489",
            "308",
            "285",
            "325",
            "257",
            "519",
            "428",
            "555",
            "501",
            "583",
            "155",
            "473",
            "25",
            "586",
            "394"
        ],
        "3": [
            "280",
            "23",
            "536",
            "64",
            "364",
            "118",
            "225",
            "116",
            "244",
            "152",
            "570",
            "421",
            "581",
            "552",
            "322",
            "516",
            "541",
            "507",
            "373",
            "29",
            "444",
            "203",
            "344",
            "385",
            "531",
            "383",
            "15",
            "231",
            "303",
            "439",
            "222",
            "156",
            "73",
            "372",
            "596",
            "35",
            "436",
            "160",
            "542",
            "196",
            "204",
            "320",
            "259",
            "582",
            "296",
            "39",
            "218",
            "573",
            "426",
            "327",
            "210",
            "79",
            "512",
            "395",
            "177",
            "123",
            "251",
            "18",
            "566",
            "445",
            "310"
        ],
        "4": [
            "417",
            "82",
            "136",
            "381",
            "560",
            "335",
            "452",
            "208",
            "99",
            "282",
            "479",
            "119",
            "172",
            "413",
            "505",
            "108",
            "353",
            "567",
            "81",
            "175",
            "286",
            "88",
            "269",
            "425",
            "549",
            "484",
            "419",
            "77",
            "16",
            "182",
            "571",
            "314",
            "166",
            "268",
            "261",
            "475",
            "46",
            "228",
            "323",
            "217",
            "190",
            "20",
            "525",
            "361",
            "522",
            "550",
            "508",
            "212",
            "95",
            "207",
            "270",
            "114",
            "307",
            "127",
            "278",
            "209",
            "56",
            "224",
            "540",
            "575"
        ],
        "5": [
            "246",
            "275",
            "153",
            "480",
            "140",
            "392",
            "109",
            "494",
            "553",
            "461",
            "363",
            "298",
            "60",
            "90",
            "235",
            "318",
            "243",
            "122",
            "91",
            "187",
            "149",
            "450",
            "497",
            "24",
            "576",
            "518",
            "47",
            "406",
            "206",
            "42",
            "333",
            "170",
            "365",
            "201",
            "151",
            "287",
            "252",
            "272",
            "587",
            "14",
            "121",
            "120",
            "509",
            "283",
            "215",
            "189",
            "59",
            "551",
            "590",
            "442",
            "146",
            "44",
            "338",
            "366",
            "133",
            "588",
            "144",
            "223",
            "148",
            "593",
            "271",
            "129"
        ],