{
    "Instance": "planar500_G16",
    "Objective": 47.38237228997508,
    "Infeasibility": 0.0,
    "Starting Time": 1711834725.8987808,
    "Time Taken": 84.5679304599762,
    "Initialization Time": 6.310485601425171,
    "nrInitSolutions": 100,
    "startingLambda": 0.1,
    "nrDistricts": 10,
    "lambdaRange": [
        0.1,
        0.4,
        0.7,
        1
    ],
    "delta": 0.05,
    "llambda": 0.7,
    "rcl_parameter": 0.3,
    "Allocation": {
        "0": [
            "175",
            "130",
            "402",
            "89",
            "316",
            "499",
            "401",
            "322",
            "445",
            "247",
            "400",
            "9",
            "198",
            "410",
            "314",
            "33",
            "469",
            "407",
            "442",
            "111",
            "258",
            "341",
            "142",
            "94",
            "162",
            "345",
            "419",
            "55",
            "6",
            "119",
            "173",
            "291",
            "230",
            "116",
            "325",
            "190",
            "65",
            "95",
            "434",
            "60",
            "280",
            "393",
            "328",
            "249",
            "481",
            "141",
            "80",
            "166",
            "310",
            "321"
        ],
        "1": [
            "159",
            "225",
            "337",
            "348",
            "452",
            "427",
            "22",
            "355",
            "41",
            "313",
            "339",
            "343",
            "335",
            "371",
            "219",
            "356",
            "243",
            "56",
            "391",
            "265",
            "478",
            "52",
            "441",
            "163",
            "117",
            "106",
            "242",
            "426",
            "237",
            "244",
            "276",
            "451",
            "309",
            "112",
            "164",
            "103",
            "459",
            "436",
            "170",
            "115",
            "361",
            "262",
            "319",
            "296",
            "295",
            "44",
            "324",
            "363",
            "360",
            "235"
        ],
        "2": [
            "474",
            "466",
            "62",
            "462",
            "273",
            "42",
            "252",
            "183",
            "192",
            "143",
            "294",
            "13",
            "346",
            "134",
            "330",
            "208",
            "108",
            "285",
            "368",
            "88",
            "31",
            "214",
            "379",
            "193",
            "229",
            "305",
            "414",
            "68",
            "0",
            "423",
            "374",
            "458",
            "43",
            "71",
            "18",
            "260",
            "326",
            "7",
            "395",
            "382",
            "218",
            "47",
            "387",
            "51",
            "479",
            "99",
            "197",
            "380",
            "92",
            "446",
            "107",
            "386"
        ],
        "3": [
            "443",
            "12",
            "431",
            "8",
            "289",
            "476",
            "255",
            "122",
            "392",
            "150",
            "123",
            "77",
            "153",
            "306",
            "39",
            "203",
            "281",
            "202",
            "413",
            "430",
            "49",
            "444",
            "10",
            "492",
            "206",
            "248",
            "299",
            "349",
            "15",
            "331",
            "491",
            "74",
            "137",
            "246",
            "172",
            "209",
            "411",
            "409",
            "35",
            "329",
            "224",
            "126",
            "365",
            "457",
            "398",
            "376",
            "450",
            "140",
            "381",
            "17",
            "447"
        ],
        "4": [
            "152",
            "188",
            "19",
            "129",
            "473",
            "58",
            "418",
            "484",
            "213",
            "241",
            "133",
            "489",
            "228",
            "169",
            "290",
            "464",
            "362",
            "37",
            "226",
            "221",
            "311",
            "375",
            "318",
            "205",
            "377",
            "157",
            "61",
            "275",
            "424",
            "498",
            "179",
            "212",
            "278",
            "187",
            "340",
            "254",
            "227",
            "297",
            "304",
            "344",
            "428",
            "64",
            "389",
            "3",
            "333",
            "256",
            "30",
            "184",
            "32",
            "482",
            "70"
        ],
        "5": [
            "195",
            "72",
            "131",
            "251",
            "327",
            "369",
            "73",
            "174",
            "467",
            "433",
            "87",
            "267",
            "144",
            "378",
            "488",
            "102",
            "287",
            "437",
            "101",
            "171",
            "1",
            "104",
            "93",
            "286",
            "222",
            "23",
            "79",
            "75",
            "125",
            "338",
            "201",
            "475",
            "353",
            "394",
            "207",
            "259",
            "135",
            "20",
            "282",
            "196",
            "155",
            "25",
            "422",
            "45",
            "270",
            "257",
            "180",
            "288",
            "149",
            "372"
        ],
        "6": [
            "165",
            "57",
            "468",
            "145",
            "245",
            "110",
            "200",
            "370",
            "336",
            "453",
            "404",
            "220",
            "151",
            "67",
            "38",
            "178",
            "347",
            "146",
            "232",
            "384",
            "397",
            "390",
            "24",
            "350",
            "4",
            "312",
            "34",
            "63",
            "109",
            "168",
            "303",
            "78",
            "100",
            "176",
            "367",
            "292",
            "483",
            "215",
            "497",
            "46",
            "194",
            "91",
            "127",
            "217",
            "399",
            "477",
            "118",
            "182",
            "120",
            "317"
        ],