{
    "Instance": "planar700_G7",
    "Objective": 44.87858635107692,
    "Infeasibility": 0.0,
    "Starting Time": 1692446023.3752582,
    "Time Taken": 123.03431105613708,
    "Initialization Time": 12.369295358657837,
    "nrInitSolutions": 100,
    "startingLambda": 0.1,
    "nrDistricts": 10,
    "lambdaRange": [
        0.1,
        0.4,
        0.7,
        1
    ],
    "delta": 0.05,
    "llambda": 0.7,
    "rcl_parameter": 0.3,
    "Allocation": {
        "0": [
            "591",
            "314",
            "327",
            "381",
            "435",
            "66",
            "18",
            "130",
            "101",
            "393",
            "650",
            "75",
            "110",
            "522",
            "372",
            "626",
            "563",
            "65",
            "254",
            "447",
            "131",
            "42",
            "222",
            "440",
            "618",
            "31",
            "558",
            "265",
            "639",
            "687",
            "192",
            "671",
            "633",
            "371",
            "640",
            "161",
            "521",
            "431",
            "195",
            "627",
            "347",
            "494",
            "612",
            "536",
            "287",
            "100",
            "271",
            "388",
            "174",
            "464",
            "46",
            "453",
            "424",
            "30",
            "58",
            "480",
            "469",
            "323",
            "320",
            "224",
            "312",
            "229",
            "458",
            "231",
            "144",
            "77",
            "250",
            "584",
            "655",
            "683",
            "324"
        ],
        "1": [
            "382",
            "583",
            "294",
            "27",
            "593",
            "81",
            "290",
            "146",
            "44",
            "149",
            "213",
            "53",
            "244",
            "43",
            "197",
            "596",
            "411",
            "348",
            "171",
            "209",
            "645",
            "106",
            "465",
            "148",
            "127",
            "157",
            "585",
            "40",
            "531",
            "253",
            "270",
            "24",
            "28",
            "164",
            "445",
            "456",
            "568",
            "230",
            "599",
            "422",
            "693",
            "459",
            "152",
            "228",
            "586",
            "112",
            "352",
            "654",
            "2",
            "475",
            "178",
            "598",
            "139",
            "196",
            "556",
            "22",
            "523",
            "268",
            "442",
            "433",
            "412",
            "540",
            "177",
            "538",
            "374",
            "688",
            "451",
            "386",
            "493",
            "656"
        ],
        "2": [
            "625",
            "181",
            "557",
            "145",
            "391",
            "34",
            "358",
            "662",
            "509",
            "383",
            "92",
            "441",
            "10",
            "80",
            "408",
            "553",
            "344",
            "189",
            "245",
            "111",
            "238",
            "300",
            "296",
            "317",
            "124",
            "83",
            "508",
            "322",
            "32",
            "241",
            "36",
            "8",
            "468",
            "529",
            "525",
            "45",
            "364",
            "318",
            "304",
            "21",
            "443",
            "608",
            "367",
            "676",
            "695",
            "427",
            "664",
            "506",
            "551",
            "503",
            "140",
            "267",
            "470",
            "410",
            "541",
            "169",
            "554",
            "473",
            "379",
            "533",
            "194",
            "590",
            "55",
            "141",
            "446",
            "216"
        ],
        "3": [
            "280",
            "466",
            "291",
            "293",
            "49",
            "601",
            "375",
            "123",
            "434",
            "284",
            "576",
            "519",
            "507",
            "632",
            "454",
            "14",
            "99",
            "643",
            "517",
            "623",
            "316",
            "214",
            "369",
            "200",
            "273",
            "658",
            "82",
            "283",
            "162",
            "460",
            "449",
            "184",
            "570",
            "156",
            "644",
            "478",
            "188",
            "534",
            "652",
            "129",
            "54",
            "134",
            "621",
            "526",
            "669",
            "305",
            "153",
            "118",
            "403",
            "172",
            "204",
            "365",
            "682",
            "357",
            "107",
            "397",
            "257",
            "544",
            "67",
            "479",
            "85",
            "530",
            "481",
            "579",
            "309",
            "98",
            "52",
            "346",
            "236"
        ],
        "4": [
            "489",
            "620",
            "678",
            "448",
            "488",
            "474",
            "399",
            "154",
            "444",
            "592",
            "334",
            "227",
            "409",
            "698",
            "151",
            "380",
            "368",
            "407",
            "642",
            "661",
            "559",
            "413",
            "668",
            "219",
            "223",
            "115",
            "663",
            "220",
            "62",
            "247",
            "659",
            "582",
            "89",
            "15",
            "105",
            "566",
            "186",
            "86",
            "486",
            "125",
            "495",
            "48",
            "573",
            "528",
            "205",
            "614",
            "339",
            "539",
            "7",
            "39",
            "272",
            "684",
            "59",
            "588",
            "251",
            "295",
            "12",
            "565",
            "73",
            "310",
            "286",
            "428",
            "560",
            "572",
            "311",
            "319",
            "208",
            "159",
            "362",
            "109",
            "132",
            "337"
        ],