{
    "Instance": "planar700_G26",
    "Objective": 47.18362647751754,
    "Infeasibility": 0.0,
    "Starting Time": 1711833967.4634423,
    "Time Taken": 64.62132525444031,
    "Initialization Time": 11.579158306121826,
    "nrInitSolutions": 100,
    "startingLambda": 0.1,
    "nrDistricts": 10,
    "lambdaRange": [
        0.1,
        0.4,
        0.7,
        1
    ],
    "delta": 0.05,
    "llambda": 0.7,
    "rcl_parameter": 0.3,
    "Allocation": {
        "0": [
            "520",
            "176",
            "20",
            "149",
            "233",
            "64",
            "597",
            "479",
            "540",
            "116",
            "390",
            "163",
            "240",
            "280",
            "538",
            "376",
            "469",
            "25",
            "356",
            "51",
            "668",
            "92",
            "229",
            "498",
            "542",
            "294",
            "636",
            "135",
            "54",
            "672",
            "409",
            "512",
            "572",
            "339",
            "634",
            "410",
            "11",
            "347",
            "380",
            "494",
            "317",
            "225",
            "198",
            "444",
            "224",
            "121",
            "626",
            "202",
            "360",
            "429",
            "326",
            "432",
            "365",
            "395",
            "647",
            "554",
            "447",
            "265",
            "589",
            "406",
            "578",
            "290",
            "385",
            "74",
            "426",
            "323",
            "674",
            "635",
            "622",
            "152",
            "122",
            "230"
        ],
        "1": [
            "172",
            "513",
            "530",
            "95",
            "638",
            "263",
            "31",
            "433",
            "158",
            "522",
            "69",
            "603",
            "427",
            "133",
            "281",
            "37",
            "505",
            "285",
            "633",
            "156",
            "193",
            "282",
            "575",
            "314",
            "141",
            "58",
            "564",
            "87",
            "196",
            "661",
            "110",
            "687",
            "236",
            "201",
            "260",
            "574",
            "571",
            "472",
            "298",
            "481",
            "250",
            "151",
            "523",
            "388",
            "289",
            "657",
            "417",
            "127",
            "322",
            "508",
            "102",
            "235",
            "103",
            "445",
            "320",
            "623",
            "576",
            "341",
            "680",
            "217",
            "307",
            "492",
            "189",
            "144",
            "120",
            "413",
            "370",
            "421",
            "681"
        ],
        "2": [
            "181",
            "139",
            "83",
            "277",
            "330",
            "654",
            "100",
            "435",
            "526",
            "259",
            "581",
            "205",
            "355",
            "459",
            "168",
            "460",
            "391",
            "43",
            "160",
            "373",
            "191",
            "532",
            "394",
            "630",
            "384",
            "393",
            "302",
            "98",
            "219",
            "608",
            "257",
            "244",
            "138",
            "692",
            "641",
            "254",
            "448",
            "516",
            "46",
            "449",
            "345",
            "192",
            "483",
            "666",
            "539",
            "696",
            "65",
            "210",
            "502",
            "466",
            "446",
            "383",
            "599",
            "533",
            "495",
            "124",
            "238",
            "155",
            "150",
            "420",
            "284",
            "669",
            "221",
            "335",
            "207",
            "496",
            "372",
            "665",
            "364"
        ],
        "3": [
            "697",
            "671",
            "231",
            "363",
            "247",
            "117",
            "197",
            "256",
            "519",
            "525",
            "631",
            "582",
            "559",
            "286",
            "215",
            "531",
            "264",
            "306",
            "545",
            "75",
            "275",
            "218",
            "17",
            "677",
            "632",
            "299",
            "675",
            "15",
            "553",
            "137",
            "643",
            "209",
            "85",
            "454",
            "374",
            "111",
            "304",
            "424",
            "610",
            "123",
            "591",
            "310",
            "491",
            "56",
            "399",
            "440",
            "28",
            "288",
            "359",
            "35",
            "130",
            "584",
            "585",
            "99",
            "346",
            "319",
            "222",
            "321",
            "262",
            "274",
            "619",
            "518",
            "611",
            "561",
            "186"
        ],
        "4": [
            "313",
            "295",
            "309",
            "506",
            "621",
            "434",
            "143",
            "315",
            "329",
            "457",
            "171",
            "234",
            "154",
            "412",
            "36",
            "439",
            "159",
            "79",
            "541",
            "436",
            "39",
            "535",
            "7",
            "461",
            "34",
            "464",
            "431",
            "82",
            "40",
            "248",
            "375",
            "232",
            "389",
            "598",
            "242",
            "177",
            "577",
            "18",
            "651",
            "474",
            "407",
            "639",
            "125",
            "47",
            "0",
            "301",
            "627",
            "249",
            "699",
            "153",
            "161",
            "527",
            "688",
            "112",
            "592",
            "381",
            "517",
            "452",
            "503",
            "343",
            "662",
            "507",
            "658",
            "255",
            "73",
            "211",
            "6",
            "458",
            "604"
        ],