{
    "Instance": "planar700_G13",
    "Objective": 47.384458863350794,
    "Infeasibility": 0.0,
    "Starting Time": 1711835121.0720813,
    "Time Taken": 80.84024810791016,
    "Initialization Time": 11.769086360931396,
    "nrInitSolutions": 100,
    "startingLambda": 0.1,
    "nrDistricts": 10,
    "lambdaRange": [
        0.1,
        0.4,
        0.7,
        1
    ],
    "delta": 0.05,
    "llambda": 0.7,
    "rcl_parameter": 0.3,
    "Allocation": {
        "0": [
            "378",
            "100",
            "632",
            "383",
            "43",
            "583",
            "564",
            "411",
            "652",
            "640",
            "120",
            "348",
            "665",
            "443",
            "654",
            "81",
            "172",
            "653",
            "179",
            "398",
            "271",
            "472",
            "302",
            "351",
            "2",
            "76",
            "481",
            "634",
            "516",
            "485",
            "202",
            "648",
            "138",
            "98",
            "118",
            "397",
            "158",
            "509",
            "124",
            "674",
            "221",
            "569",
            "239",
            "697",
            "60",
            "368",
            "403",
            "79",
            "296",
            "307",
            "270",
            "364",
            "69",
            "77",
            "538",
            "306",
            "656",
            "683",
            "372",
            "441",
            "572",
            "501",
            "526",
            "510",
            "371",
            "535",
            "315",
            "204",
            "319",
            "482",
            "603",
            "419"
        ],
        "1": [
            "311",
            "513",
            "234",
            "195",
            "341",
            "531",
            "434",
            "18",
            "97",
            "123",
            "530",
            "27",
            "32",
            "561",
            "537",
            "61",
            "134",
            "502",
            "496",
            "237",
            "452",
            "629",
            "68",
            "126",
            "282",
            "614",
            "86",
            "412",
            "145",
            "416",
            "35",
            "356",
            "334",
            "663",
            "495",
            "327",
            "688",
            "643",
            "517",
            "418",
            "479",
            "451",
            "547",
            "626",
            "162",
            "471",
            "288",
            "401",
            "468",
            "292",
            "592",
            "174",
            "685",
            "230",
            "507",
            "386",
            "240",
            "679",
            "133",
            "523",
            "178",
            "57"
        ],
        "2": [
            "633",
            "551",
            "186",
            "220",
            "638",
            "678",
            "565",
            "374",
            "541",
            "524",
            "593",
            "467",
            "103",
            "613",
            "131",
            "555",
            "176",
            "21",
            "236",
            "160",
            "437",
            "617",
            "602",
            "265",
            "88",
            "78",
            "161",
            "173",
            "190",
            "506",
            "104",
            "106",
            "152",
            "257",
            "15",
            "273",
            "238",
            "23",
            "67",
            "194",
            "112",
            "549",
            "331",
            "222",
            "94",
            "644",
            "439",
            "251",
            "317",
            "180",
            "484",
            "672",
            "17",
            "673",
            "444",
            "528",
            "615",
            "110",
            "82",
            "36",
            "483",
            "254",
            "667",
            "55",
            "428",
            "85",
            "337",
            "445",
            "474",
            "699"
        ],
        "3": [
            "388",
            "525",
            "407",
            "169",
            "544",
            "553",
            "355",
            "692",
            "600",
            "54",
            "1",
            "318",
            "574",
            "591",
            "476",
            "73",
            "244",
            "39",
            "470",
            "248",
            "11",
            "636",
            "301",
            "109",
            "183",
            "429",
            "548",
            "52",
            "350",
            "519",
            "404",
            "285",
            "321",
            "558",
            "335",
            "280",
            "466",
            "235",
            "117",
            "611",
            "9",
            "154",
            "267",
            "312",
            "520",
            "201",
            "687",
            "252",
            "45",
            "475",
            "357",
            "457",
            "31",
            "209",
            "264",
            "394",
            "217",
            "171",
            "375",
            "382",
            "141",
            "413",
            "587",
            "113",
            "150",
            "196",
            "365",
            "3",
            "168",
            "91",
            "588"
        ],
        "4": [
            "151",
            "263",
            "641",
            "359",
            "694",
            "137",
            "149",
            "156",
            "111",
            "424",
            "93",
            "607",
            "385",
            "480",
            "247",
            "42",
            "408",
            "127",
            "521",
            "34",
            "332",
            "670",
            "446",
            "417",
            "639",
            "478",
            "66",
            "233",
            "12",
            "309",
            "511",
            "436",
            "199",
            "46",
            "223",
            "556",
            "657",
            "627",
            "338",
            "459",
            "465",
            "229",
            "250",
            "366",
            "370",
            "325",
            "680",
            "362",
            "266",
            "384",
            "491",
            "425",
            "16",
            "144",
            "619",
            "392",
            "440",
            "492",
            "274",
            "177",
            "304",
            "646",
            "26",
            "219",
            "539",
            "447",
            "231",
            "518",
            "83",
            "50",
            "293"
        ],