{
    "Instance": "planar700_G15",
    "Objective": 51.695273549240405,
    "Infeasibility": 0.0,
    "Starting Time": 1711831990.5410554,
    "Time Taken": 204.40812349319458,
    "Initialization Time": 1.703066110610962,
    "nrEliteSolutions": 20,
    "i_max": 500,
    "nrDistricts": 10,
    "delta": 0.05,
    "llambda": 0.7,
    "rcl_parameter": 0.3,
    "Allocation": {
        "0": [
            "222",
            "16",
            "451",
            "504",
            "663",
            "23",
            "613",
            "179",
            "136",
            "142",
            "191",
            "319",
            "580",
            "526",
            "73",
            "250",
            "627",
            "134",
            "496",
            "355",
            "316",
            "442",
            "422",
            "558",
            "635",
            "656",
            "643",
            "171",
            "36",
            "65",
            "530",
            "253",
            "148",
            "365",
            "182",
            "333",
            "390",
            "144",
            "141",
            "80",
            "325",
            "150",
            "165",
            "189",
            "427",
            "85",
            "247",
            "407",
            "581",
            "658",
            "556",
            "429",
            "243",
            "642",
            "508",
            "597",
            "601",
            "673",
            "602",
            "446",
            "123",
            "672",
            "441",
            "114",
            "366",
            "454",
            "449",
            "199",
            "364",
            "291"
        ],
        "1": [
            "271",
            "353",
            "110",
            "78",
            "392",
            "551",
            "681",
            "22",
            "139",
            "550",
            "383",
            "244",
            "251",
            "194",
            "660",
            "174",
            "188",
            "500",
            "328",
            "295",
            "549",
            "617",
            "527",
            "31",
            "607",
            "588",
            "90",
            "578",
            "374",
            "157",
            "518",
            "47",
            "116",
            "27",
            "312",
            "118",
            "96",
            "200",
            "75",
            "87",
            "412",
            "694",
            "272",
            "358",
            "553",
            "434",
            "491",
            "634",
            "159",
            "345",
            "567",
            "394",
            "20",
            "94",
            "72",
            "308",
            "401",
            "309",
            "561",
            "349",
            "337",
            "120",
            "38",
            "559",
            "57",
            "101",
            "187"
        ],
        "2": [
            "32",
            "430",
            "403",
            "257",
            "4",
            "103",
            "636",
            "166",
            "418",
            "282",
            "130",
            "495",
            "357",
            "414",
            "59",
            "380",
            "404",
            "320",
            "478",
            "653",
            "113",
            "70",
            "621",
            "234",
            "423",
            "664",
            "400",
            "622",
            "35",
            "100",
            "615",
            "58",
            "494",
            "156",
            "608",
            "419",
            "155",
            "555",
            "669",
            "367",
            "356",
            "334",
            "485",
            "516",
            "280",
            "290",
            "542",
            "146",
            "175",
            "492",
            "344",
            "133",
            "167",
            "386",
            "363",
            "347",
            "276",
            "641",
            "482",
            "111",
            "105",
            "444",
            "546",
            "41",
            "177",
            "66",
            "468",
            "670",
            "335",
            "682",
            "371"
        ],
        "3": [
            "698",
            "226",
            "340",
            "540",
            "135",
            "509",
            "210",
            "260",
            "568",
            "480",
            "213",
            "263",
            "281",
            "453",
            "573",
            "216",
            "54",
            "379",
            "83",
            "459",
            "342",
            "225",
            "176",
            "594",
            "137",
            "467",
            "298",
            "659",
            "668",
            "278",
            "277",
            "304",
            "313",
            "329",
            "2",
            "612",
            "43",
            "544",
            "205",
            "196",
            "440",
            "256",
            "692",
            "695",
            "417",
            "204",
            "117",
            "34",
            "477",
            "397",
            "584",
            "661",
            "667",
            "649",
            "405",
            "432",
            "33",
            "37",
            "410",
            "76",
            "395",
            "677",
            "318",
            "534",
            "398",
            "481",
            "665"
        ],
        "4": [
            "145",
            "624",
            "284",
            "197",
            "12",
            "261",
            "644",
            "8",
            "71",
            "7",
            "604",
            "455",
            "445",
            "666",
            "143",
            "252",
            "62",
            "351",
            "178",
            "569",
            "640",
            "684",
            "593",
            "572",
            "393",
            "388",
            "183",
            "106",
            "675",
            "40",
            "470",
            "21",
            "462",
            "86",
            "299",
            "497",
            "645",
            "654",
            "375",
            "128",
            "322",
            "493",
            "528",
            "678",
            "387",
            "541",
            "28",
            "368",
            "195",
            "448",
            "466",
            "95",
            "483",
            "625",
            "214",
            "267",
            "382",
            "310",
            "52",
            "215",
            "192",
            "153",
            "652",
            "693",
            "265",
            "286",
            "420",
            "359",
            "570",
            "201",
            "406",
            "25"
        ],