{
    "Instance": "planar500_G13",
    "Objective": 52.46499963124512,
    "Infeasibility": 0.0,
    "Starting Time": 1711832479.0587742,
    "Time Taken": 122.36703753471375,
    "Initialization Time": 0.8256373405456543,
    "nrEliteSolutions": 20,
    "i_max": 500,
    "nrDistricts": 10,
    "delta": 0.05,
    "llambda": 0.7,
    "rcl_parameter": 0.3,
    "Allocation": {
        "0": [
            "238",
            "473",
            "427",
            "417",
            "367",
            "66",
            "479",
            "409",
            "492",
            "150",
            "24",
            "380",
            "92",
            "105",
            "135",
            "428",
            "239",
            "285",
            "30",
            "43",
            "185",
            "49",
            "167",
            "272",
            "192",
            "6",
            "102",
            "215",
            "127",
            "197",
            "480",
            "430",
            "266",
            "74",
            "281",
            "286",
            "325",
            "440",
            "82",
            "265",
            "2",
            "369",
            "355",
            "116",
            "292",
            "42",
            "415",
            "398"
        ],
        "1": [
            "344",
            "198",
            "329",
            "207",
            "213",
            "446",
            "339",
            "227",
            "179",
            "347",
            "221",
            "228",
            "393",
            "217",
            "63",
            "75",
            "296",
            "382",
            "419",
            "194",
            "233",
            "469",
            "210",
            "345",
            "248",
            "200",
            "267",
            "76",
            "324",
            "462",
            "243",
            "352",
            "397",
            "495",
            "276",
            "254",
            "162",
            "445",
            "270",
            "142",
            "214",
            "234",
            "48",
            "414",
            "156",
            "182",
            "161",
            "172",
            "140",
            "199",
            "351",
            "146"
        ],
        "2": [
            "240",
            "22",
            "132",
            "328",
            "341",
            "478",
            "113",
            "274",
            "25",
            "17",
            "99",
            "263",
            "10",
            "202",
            "452",
            "360",
            "122",
            "250",
            "89",
            "374",
            "366",
            "70",
            "112",
            "340",
            "435",
            "357",
            "20",
            "145",
            "472",
            "80",
            "27",
            "168",
            "138",
            "255",
            "159",
            "251",
            "229",
            "477",
            "269",
            "220",
            "368",
            "91",
            "310",
            "9",
            "259",
            "315",
            "481",
            "181",
            "459",
            "158",
            "177"
        ],
        "3": [
            "405",
            "222",
            "261",
            "154",
            "67",
            "402",
            "278",
            "72",
            "457",
            "302",
            "275",
            "305",
            "458",
            "236",
            "147",
            "231",
            "268",
            "258",
            "118",
            "418",
            "389",
            "188",
            "84",
            "379",
            "12",
            "115",
            "436",
            "332",
            "131",
            "429",
            "36",
            "47",
            "451",
            "475",
            "487",
            "448",
            "308",
            "166",
            "304",
            "95",
            "83",
            "224",
            "187",
            "208",
            "46",
            "117",
            "482",
            "317",
            "60"
        ],
        "4": [
            "358",
            "449",
            "195",
            "422",
            "299",
            "293",
            "186",
            "455",
            "450",
            "373",
            "88",
            "431",
            "453",
            "486",
            "121",
            "247",
            "14",
            "411",
            "120",
            "164",
            "311",
            "390",
            "176",
            "100",
            "465",
            "128",
            "230",
            "327",
            "94",
            "396",
            "53",
            "289",
            "381",
            "342",
            "104",
            "62",
            "337",
            "456",
            "85",
            "160",
            "284",
            "123",
            "201",
            "288",
            "216",
            "343",
            "78",
            "55"
        ],
        "5": [
            "19",
            "287",
            "256",
            "93",
            "424",
            "466",
            "438",
            "474",
            "106",
            "107",
            "391",
            "184",
            "3",
            "331",
            "54",
            "348",
            "225",
            "476",
            "483",
            "338",
            "129",
            "124",
            "283",
            "461",
            "444",
            "406",
            "77",
            "196",
            "300",
            "488",
            "73",
            "437",
            "180",
            "468",
            "401",
            "15",
            "385",
            "442",
            "400",
            "98",
            "165",
            "257",
            "413",
            "443",
            "4",
            "45",
            "499",
            "392",
            "290",
            "489",
            "96"
        ],
        "6": [
            "8",
            "491",
            "404",
            "71",
            "108",
            "242",
            "137",
            "433",
            "318",
            "320",
            "412",
            "0",
            "372",
            "143",
            "297",
            "441",
            "350",
            "321",
            "29",
            "153",
            "303",
            "155",
            "7",
            "193",
            "206",
            "204",
            "68",
            "336",
            "309",
            "322",
            "65",
            "313",
            "484",
            "394",
            "86",
            "87",
            "463",
            "21",
            "439",
            "183",
            "58",
            "490",
            "101",
            "157",
            "114",
            "434",
            "51",
            "454",
            "334",
            "56",
            "246"
        ],