{
    "Instance": "planar600_G0",
    "Objective": 52.750448426547116,
    "Infeasibility": 0.008817383921872092,
    "Starting Time": 1692437176.44494,
    "Time Taken": 177.1163399219513,
    "Initialization Time": 1.2027149200439453,
    "nrEliteSolutions": 20,
    "i_max": 500,
    "nrDistricts": 10,
    "delta": 0.05,
    "llambda": 0.7,
    "rcl_parameter": 0.3,
    "Allocation": {
        "0": [
            "35",
            "32",
            "403",
            "583",
            "548",
            "199",
            "446",
            "362",
            "387",
            "96",
            "72",
            "131",
            "78",
            "526",
            "197",
            "118",
            "358",
            "580",
            "376",
            "171",
            "289",
            "566",
            "269",
            "111",
            "54",
            "522",
            "52",
            "71",
            "329",
            "523",
            "460",
            "151",
            "391",
            "557",
            "420",
            "357",
            "145",
            "112",
            "181",
            "585",
            "265",
            "466",
            "558",
            "237",
            "318",
            "428",
            "399",
            "374",
            "384",
            "535",
            "597",
            "92",
            "0",
            "77",
            "342",
            "136",
            "292",
            "408",
            "43",
            "541"
        ],
        "1": [
            "59",
            "225",
            "101",
            "333",
            "327",
            "450",
            "14",
            "121",
            "124",
            "444",
            "518",
            "573",
            "465",
            "490",
            "279",
            "228",
            "81",
            "379",
            "458",
            "163",
            "533",
            "485",
            "301",
            "463",
            "276",
            "383",
            "254",
            "141",
            "478",
            "531",
            "190",
            "194",
            "104",
            "244",
            "578",
            "162",
            "211",
            "114",
            "196",
            "149",
            "168",
            "491",
            "309",
            "107",
            "576",
            "324",
            "266",
            "109",
            "505",
            "464",
            "582",
            "410",
            "255",
            "205",
            "504",
            "599",
            "195",
            "41",
            "63"
        ],
        "2": [
            "284",
            "480",
            "419",
            "322",
            "191",
            "287",
            "167",
            "297",
            "264",
            "349",
            "259",
            "395",
            "312",
            "563",
            "346",
            "449",
            "406",
            "281",
            "326",
            "517",
            "454",
            "88",
            "507",
            "12",
            "393",
            "317",
            "8",
            "155",
            "310",
            "493",
            "75",
            "206",
            "321",
            "215",
            "314",
            "371",
            "204",
            "469",
            "397",
            "484",
            "510",
            "591",
            "365",
            "416",
            "521",
            "123",
            "350",
            "594",
            "536",
            "489",
            "57",
            "158",
            "174",
            "347",
            "293",
            "509",
            "90",
            "202",
            "488",
            "23",
            "315"
        ],
        "3": [
            "551",
            "549",
            "381",
            "172",
            "544",
            "18",
            "153",
            "496",
            "570",
            "499",
            "345",
            "188",
            "296",
            "142",
            "467",
            "571",
            "224",
            "574",
            "53",
            "438",
            "443",
            "534",
            "352",
            "592",
            "392",
            "508",
            "336",
            "538",
            "424",
            "356",
            "257",
            "596",
            "432",
            "70",
            "369",
            "373",
            "236",
            "291",
            "474",
            "261",
            "34",
            "16",
            "313",
            "579",
            "177",
            "272",
            "330",
            "525",
            "176",
            "539",
            "436",
            "198",
            "110",
            "161",
            "560",
            "49",
            "132",
            "256",
            "87",
            "413",
            "415",
            "495",
            "528",
            "559"
        ],
        "4": [
            "6",
            "511",
            "282",
            "278",
            "231",
            "370",
            "288",
            "515",
            "51",
            "402",
            "487",
            "97",
            "307",
            "94",
            "556",
            "423",
            "382",
            "325",
            "299",
            "217",
            "37",
            "355",
            "409",
            "537",
            "572",
            "512",
            "80",
            "586",
            "38",
            "514",
            "100",
            "429",
            "567",
            "258",
            "138",
            "524",
            "220",
            "238",
            "27",
            "411",
            "427",
            "182",
            "216",
            "144",
            "547",
            "519",
            "430",
            "361",
            "147",
            "475",
            "589",
            "106",
            "115",
            "353",
            "316",
            "425",
            "550",
            "334",
            "294"
        ],
        "5": [
            "520",
            "497",
            "103",
            "456",
            "280",
            "9",
            "262",
            "150",
            "222",
            "426",
            "127",
            "17",
            "208",
            "47",
            "481",
            "584",
            "119",
            "79",
            "319",
            "42",
            "95",
            "338",
            "388",
            "421",
            "290",
            "442",
            "385",
            "5",
            "506",
            "439",
            "183",
            "105",
            "200",
            "125",
            "483",
            "85",
            "405",
            "595",
            "462",
            "148",
            "447",
            "308",
            "170",
            "233",
            "527",
            "448",
            "26",
            "234",
            "89",
            "561",
            "283",
            "152",
            "193",
            "400",
            "50",
            "459",
            "568",
            "10",
            "364",
            "44",
            "209"
        ],