{
    "Instance": "planar600_G20",
    "Objective": 51.733788746996275,
    "Infeasibility": 0.0,
    "Starting Time": 1711831419.4967735,
    "Time Taken": 162.1947636604309,
    "Initialization Time": 1.2175865173339844,
    "nrEliteSolutions": 20,
    "i_max": 500,
    "nrDistricts": 10,
    "delta": 0.05,
    "llambda": 0.7,
    "rcl_parameter": 0.3,
    "Allocation": {
        "0": [
            "45",
            "181",
            "523",
            "442",
            "111",
            "490",
            "446",
            "525",
            "347",
            "574",
            "376",
            "561",
            "564",
            "548",
            "90",
            "502",
            "394",
            "91",
            "203",
            "135",
            "538",
            "311",
            "274",
            "151",
            "391",
            "440",
            "46",
            "71",
            "443",
            "290",
            "107",
            "226",
            "297",
            "321",
            "436",
            "404",
            "89",
            "573",
            "374",
            "201",
            "563",
            "300",
            "428",
            "231",
            "495",
            "43",
            "532",
            "88",
            "239",
            "42",
            "384",
            "466",
            "234",
            "51",
            "336",
            "85",
            "83"
        ],
        "1": [
            "364",
            "482",
            "241",
            "216",
            "33",
            "307",
            "592",
            "72",
            "248",
            "365",
            "49",
            "325",
            "324",
            "406",
            "530",
            "184",
            "435",
            "356",
            "193",
            "61",
            "498",
            "299",
            "353",
            "407",
            "350",
            "539",
            "196",
            "100",
            "205",
            "124",
            "323",
            "244",
            "39",
            "224",
            "18",
            "95",
            "144",
            "437",
            "106",
            "96",
            "265",
            "40",
            "327",
            "70",
            "579",
            "119",
            "474",
            "430",
            "219",
            "6",
            "185",
            "484",
            "429",
            "333",
            "401",
            "215",
            "214",
            "506",
            "230",
            "580",
            "459"
        ],
        "2": [
            "503",
            "183",
            "575",
            "291",
            "36",
            "165",
            "542",
            "236",
            "412",
            "156",
            "572",
            "116",
            "4",
            "505",
            "30",
            "170",
            "455",
            "361",
            "75",
            "125",
            "551",
            "287",
            "132",
            "93",
            "1",
            "86",
            "393",
            "536",
            "398",
            "103",
            "301",
            "210",
            "473",
            "433",
            "16",
            "109",
            "351",
            "121",
            "279",
            "62",
            "316",
            "359",
            "431",
            "8",
            "408",
            "192",
            "84",
            "559",
            "37",
            "253",
            "80",
            "456",
            "514",
            "558",
            "129",
            "66",
            "338",
            "373",
            "465",
            "308",
            "145"
        ],
        "3": [
            "571",
            "423",
            "342",
            "104",
            "212",
            "227",
            "454",
            "138",
            "143",
            "357",
            "195",
            "112",
            "363",
            "496",
            "264",
            "41",
            "545",
            "174",
            "411",
            "445",
            "531",
            "232",
            "238",
            "263",
            "267",
            "207",
            "487",
            "585",
            "494",
            "22",
            "427",
            "255",
            "298",
            "166",
            "378",
            "413",
            "126",
            "516",
            "59",
            "146",
            "284",
            "217",
            "509",
            "3",
            "82",
            "187",
            "114",
            "117",
            "526",
            "452",
            "17",
            "469",
            "369",
            "370",
            "328",
            "74",
            "320",
            "334",
            "434",
            "562"
        ],
        "4": [
            "179",
            "154",
            "237",
            "98",
            "578",
            "458",
            "486",
            "254",
            "177",
            "273",
            "188",
            "148",
            "587",
            "377",
            "55",
            "292",
            "596",
            "594",
            "510",
            "352",
            "493",
            "293",
            "73",
            "189",
            "392",
            "130",
            "161",
            "432",
            "546",
            "152",
            "360",
            "285",
            "337",
            "76",
            "583",
            "142",
            "60",
            "344",
            "312",
            "25",
            "358",
            "176",
            "56",
            "10",
            "467",
            "235",
            "420",
            "379",
            "191",
            "544",
            "317",
            "47",
            "577",
            "418",
            "77",
            "527",
            "172",
            "302",
            "425"
        ],
        "5": [
            "399",
            "366",
            "416",
            "533",
            "34",
            "415",
            "200",
            "511",
            "410",
            "340",
            "554",
            "400",
            "167",
            "209",
            "534",
            "247",
            "251",
            "480",
            "492",
            "589",
            "58",
            "147",
            "240",
            "553",
            "335",
            "97",
            "470",
            "44",
            "475",
            "507",
            "24",
            "499",
            "468",
            "522",
            "69",
            "529",
            "270",
            "225",
            "322",
            "94",
            "380",
            "283",
            "368",
            "381",
            "591",
            "461",
            "296",
            "448",
            "249",
            "386",
            "272",
            "543",
            "375",
            "349",
            "584",
            "540",
            "11",
            "593",
            "162",
            "535",
            "397",
            "570"
        ],