{
    "Instance": "planar700_G26",
    "Objective": 53.11779549330105,
    "Infeasibility": 0.0,
    "Starting Time": 1711831500.228564,
    "Time Taken": 203.28154850006104,
    "Initialization Time": 1.637378215789795,
    "nrEliteSolutions": 20,
    "i_max": 500,
    "nrDistricts": 10,
    "delta": 0.05,
    "llambda": 0.7,
    "rcl_parameter": 0.3,
    "Allocation": {
        "0": [
            "351",
            "225",
            "469",
            "89",
            "240",
            "135",
            "280",
            "62",
            "360",
            "438",
            "224",
            "578",
            "163",
            "640",
            "265",
            "96",
            "597",
            "93",
            "479",
            "672",
            "558",
            "20",
            "11",
            "22",
            "429",
            "398",
            "494",
            "344",
            "80",
            "365",
            "230",
            "229",
            "326",
            "538",
            "645",
            "149",
            "408",
            "520",
            "378",
            "418",
            "300",
            "536",
            "467",
            "53",
            "48",
            "14",
            "426",
            "183",
            "347",
            "78",
            "444",
            "689",
            "119",
            "498",
            "447",
            "589",
            "451",
            "66",
            "406",
            "635",
            "405",
            "129",
            "213",
            "683",
            "647",
            "152",
            "308",
            "510",
            "44",
            "144",
            "319"
        ],
        "1": [
            "181",
            "83",
            "139",
            "277",
            "100",
            "654",
            "330",
            "435",
            "259",
            "526",
            "355",
            "581",
            "205",
            "168",
            "459",
            "460",
            "43",
            "391",
            "160",
            "191",
            "373",
            "532",
            "630",
            "394",
            "384",
            "302",
            "98",
            "393",
            "608",
            "219",
            "257",
            "692",
            "244",
            "138",
            "641",
            "254",
            "448",
            "539",
            "446",
            "192",
            "210",
            "238",
            "557",
            "46",
            "243",
            "449",
            "666",
            "466",
            "696",
            "124",
            "61",
            "502",
            "483",
            "345",
            "383",
            "609",
            "420",
            "495",
            "533",
            "155",
            "669",
            "207",
            "335",
            "221",
            "496",
            "372",
            "338",
            "33"
        ],
        "2": [
            "313",
            "295",
            "309",
            "506",
            "143",
            "434",
            "621",
            "315",
            "457",
            "329",
            "234",
            "171",
            "154",
            "36",
            "412",
            "439",
            "159",
            "79",
            "541",
            "39",
            "535",
            "436",
            "7",
            "461",
            "34",
            "464",
            "82",
            "431",
            "40",
            "248",
            "375",
            "278",
            "232",
            "242",
            "18",
            "301",
            "173",
            "30",
            "161",
            "246",
            "387",
            "627",
            "476",
            "41",
            "328",
            "592",
            "596",
            "651",
            "147",
            "490",
            "452",
            "517",
            "42",
            "32",
            "73",
            "6",
            "292",
            "316",
            "203",
            "443",
            "397",
            "253",
            "211",
            "437",
            "115",
            "350",
            "507",
            "353"
        ],
        "3": [
            "172",
            "513",
            "530",
            "95",
            "638",
            "263",
            "31",
            "433",
            "158",
            "522",
            "69",
            "603",
            "427",
            "281",
            "37",
            "133",
            "505",
            "285",
            "633",
            "193",
            "156",
            "282",
            "575",
            "314",
            "141",
            "58",
            "87",
            "564",
            "661",
            "196",
            "110",
            "687",
            "236",
            "201",
            "260",
            "593",
            "206",
            "571",
            "127",
            "574",
            "472",
            "322",
            "336",
            "481",
            "151",
            "289",
            "657",
            "250",
            "484",
            "445",
            "417",
            "298",
            "508",
            "623",
            "388",
            "320",
            "698",
            "534",
            "103",
            "268",
            "341",
            "576",
            "413",
            "492",
            "189",
            "612",
            "70",
            "120",
            "680"
        ],
        "4": [
            "697",
            "671",
            "363",
            "231",
            "247",
            "117",
            "197",
            "256",
            "519",
            "525",
            "582",
            "631",
            "559",
            "215",
            "286",
            "264",
            "306",
            "545",
            "275",
            "75",
            "218",
            "632",
            "299",
            "17",
            "675",
            "677",
            "15",
            "553",
            "137",
            "85",
            "209",
            "454",
            "111",
            "304",
            "374",
            "440",
            "424",
            "325",
            "310",
            "561",
            "475",
            "648",
            "667",
            "628",
            "610",
            "170",
            "56",
            "584",
            "123",
            "288",
            "585",
            "346",
            "491",
            "28",
            "543",
            "591",
            "157",
            "400",
            "305",
            "35",
            "528",
            "274",
            "267",
            "26",
            "544",
            "270",
            "358",
            "340",
            "653",
            "605",
            "455"
        ],