{
    "Instance": "planar600_G19",
    "Objective": 51.865371100450744,
    "Infeasibility": 0.0036931818181816893,
    "Starting Time": 1711833202.5914445,
    "Time Taken": 161.4417200088501,
    "Initialization Time": 1.2191073894500732,
    "nrEliteSolutions": 20,
    "i_max": 500,
    "nrDistricts": 10,
    "delta": 0.05,
    "llambda": 0.7,
    "rcl_parameter": 0.3,
    "Allocation": {
        "0": [
            "227",
            "94",
            "45",
            "569",
            "144",
            "49",
            "156",
            "108",
            "272",
            "591",
            "367",
            "499",
            "174",
            "467",
            "301",
            "208",
            "89",
            "475",
            "168",
            "565",
            "359",
            "304",
            "15",
            "486",
            "551",
            "145",
            "275",
            "128",
            "311",
            "140",
            "559",
            "148",
            "577",
            "363",
            "502",
            "319",
            "570",
            "528",
            "524",
            "181",
            "325",
            "31",
            "531",
            "497",
            "276",
            "299",
            "164",
            "339",
            "470",
            "417",
            "269",
            "198",
            "518",
            "597",
            "205",
            "120",
            "215",
            "170"
        ],
        "1": [
            "343",
            "489",
            "578",
            "201",
            "279",
            "423",
            "200",
            "443",
            "132",
            "247",
            "326",
            "385",
            "243",
            "334",
            "397",
            "6",
            "55",
            "451",
            "225",
            "245",
            "388",
            "425",
            "232",
            "435",
            "76",
            "427",
            "454",
            "358",
            "80",
            "574",
            "139",
            "111",
            "322",
            "337",
            "540",
            "391",
            "3",
            "370",
            "552",
            "395",
            "432",
            "473",
            "259",
            "159",
            "252",
            "411",
            "347",
            "23",
            "441",
            "387",
            "307",
            "404",
            "175",
            "47",
            "37",
            "101",
            "479",
            "87",
            "218",
            "384",
            "112"
        ],
        "2": [
            "258",
            "444",
            "296",
            "598",
            "402",
            "361",
            "212",
            "308",
            "506",
            "596",
            "353",
            "147",
            "255",
            "501",
            "323",
            "309",
            "100",
            "179",
            "492",
            "14",
            "202",
            "529",
            "65",
            "125",
            "452",
            "28",
            "9",
            "249",
            "500",
            "310",
            "328",
            "62",
            "278",
            "379",
            "590",
            "584",
            "436",
            "523",
            "126",
            "21",
            "229",
            "220",
            "374",
            "514",
            "263",
            "7",
            "166",
            "167",
            "547",
            "338",
            "222",
            "184",
            "483",
            "341",
            "98",
            "17",
            "64",
            "407",
            "498",
            "39"
        ],
        "3": [
            "434",
            "52",
            "302",
            "102",
            "131",
            "71",
            "418",
            "46",
            "592",
            "545",
            "155",
            "440",
            "457",
            "34",
            "530",
            "365",
            "203",
            "91",
            "386",
            "575",
            "300",
            "114",
            "352",
            "413",
            "561",
            "79",
            "56",
            "330",
            "4",
            "82",
            "356",
            "40",
            "522",
            "357",
            "560",
            "281",
            "75",
            "117",
            "350",
            "544",
            "42",
            "209",
            "538",
            "393",
            "264",
            "533",
            "556",
            "406",
            "119",
            "446",
            "303",
            "38",
            "261",
            "81",
            "445",
            "116",
            "217",
            "169",
            "68",
            "188"
        ],
        "4": [
            "248",
            "378",
            "321",
            "235",
            "421",
            "135",
            "230",
            "216",
            "534",
            "422",
            "221",
            "185",
            "267",
            "180",
            "26",
            "400",
            "482",
            "210",
            "163",
            "477",
            "183",
            "409",
            "487",
            "274",
            "43",
            "277",
            "190",
            "360",
            "78",
            "294",
            "490",
            "430",
            "10",
            "581",
            "491",
            "519",
            "566",
            "244",
            "420",
            "182",
            "394",
            "376",
            "510",
            "291",
            "134",
            "563",
            "512",
            "381",
            "586",
            "287",
            "405",
            "429",
            "306",
            "401",
            "460",
            "99",
            "177",
            "213",
            "192"
        ],
        "5": [
            "95",
            "342",
            "193",
            "564",
            "286",
            "580",
            "520",
            "295",
            "466",
            "438",
            "138",
            "253",
            "50",
            "72",
            "262",
            "280",
            "573",
            "293",
            "157",
            "541",
            "149",
            "207",
            "176",
            "509",
            "250",
            "539",
            "389",
            "368",
            "348",
            "33",
            "526",
            "285",
            "532",
            "54",
            "199",
            "568",
            "161",
            "399",
            "415",
            "382",
            "171",
            "513",
            "535",
            "118",
            "106",
            "504",
            "29",
            "567",
            "61",
            "211",
            "594",
            "283",
            "122",
            "515",
            "317",
            "13",
            "74",
            "336",
            "595",
            "223",
            "449"
        ],