{
    "Instance": "planar600_G8",
    "Objective": 48.78192636971581,
    "Infeasibility": 0.0017328235934905606,
    "Starting Time": 1692437531.9562302,
    "Time Taken": 176.547776222229,
    "Initialization Time": 1.2264370918273926,
    "nrEliteSolutions": 20,
    "i_max": 500,
    "nrDistricts": 10,
    "delta": 0.05,
    "llambda": 0.7,
    "rcl_parameter": 0.3,
    "Allocation": {
        "0": [
            "408",
            "245",
            "183",
            "305",
            "366",
            "553",
            "204",
            "457",
            "68",
            "209",
            "287",
            "546",
            "140",
            "225",
            "93",
            "403",
            "417",
            "437",
            "565",
            "447",
            "122",
            "384",
            "573",
            "518",
            "409",
            "524",
            "39",
            "340",
            "380",
            "570",
            "135",
            "538",
            "363",
            "392",
            "177",
            "438",
            "231",
            "219",
            "576",
            "341",
            "42",
            "416",
            "10",
            "118",
            "517",
            "548",
            "24",
            "201",
            "400",
            "430",
            "527",
            "63",
            "533",
            "476",
            "255",
            "94",
            "72",
            "425",
            "25",
            "275"
        ],
        "1": [
            "579",
            "89",
            "327",
            "331",
            "422",
            "569",
            "43",
            "167",
            "443",
            "511",
            "300",
            "487",
            "66",
            "222",
            "390",
            "211",
            "367",
            "243",
            "503",
            "420",
            "386",
            "131",
            "223",
            "246",
            "555",
            "194",
            "74",
            "15",
            "163",
            "578",
            "312",
            "452",
            "460",
            "210",
            "262",
            "319",
            "192",
            "58",
            "75",
            "226",
            "536",
            "382",
            "185",
            "87",
            "566",
            "338",
            "236",
            "295",
            "335",
            "478",
            "562",
            "373",
            "301",
            "514",
            "280",
            "92",
            "463",
            "454"
        ],
        "2": [
            "560",
            "232",
            "55",
            "115",
            "404",
            "485",
            "464",
            "107",
            "205",
            "466",
            "103",
            "568",
            "196",
            "238",
            "587",
            "266",
            "84",
            "158",
            "156",
            "325",
            "396",
            "528",
            "322",
            "537",
            "561",
            "260",
            "498",
            "401",
            "125",
            "152",
            "321",
            "6",
            "56",
            "240",
            "513",
            "288",
            "326",
            "449",
            "184",
            "444",
            "510",
            "388",
            "62",
            "483",
            "402",
            "469",
            "162",
            "535",
            "531",
            "394",
            "251",
            "200",
            "414",
            "149",
            "509",
            "361",
            "159",
            "515",
            "451"
        ],
        "3": [
            "142",
            "35",
            "431",
            "51",
            "512",
            "234",
            "97",
            "308",
            "525",
            "296",
            "494",
            "484",
            "44",
            "343",
            "522",
            "505",
            "297",
            "591",
            "461",
            "474",
            "395",
            "418",
            "433",
            "11",
            "202",
            "109",
            "581",
            "492",
            "398",
            "173",
            "545",
            "181",
            "198",
            "214",
            "550",
            "371",
            "354",
            "342",
            "3",
            "372",
            "273",
            "46",
            "473",
            "106",
            "440",
            "61",
            "128",
            "151",
            "171",
            "17",
            "278",
            "411",
            "284",
            "57",
            "14",
            "356",
            "33",
            "519",
            "349"
        ],
        "4": [
            "552",
            "267",
            "70",
            "383",
            "475",
            "148",
            "481",
            "247",
            "285",
            "141",
            "563",
            "269",
            "419",
            "64",
            "120",
            "580",
            "216",
            "153",
            "129",
            "313",
            "468",
            "594",
            "199",
            "393",
            "426",
            "30",
            "281",
            "249",
            "369",
            "490",
            "508",
            "309",
            "436",
            "53",
            "81",
            "406",
            "83",
            "111",
            "486",
            "132",
            "399",
            "37",
            "595",
            "9",
            "495",
            "274",
            "377",
            "244",
            "304",
            "22",
            "344",
            "480",
            "450",
            "599",
            "292",
            "434",
            "45",
            "306",
            "317",
            "86",
            "586"
        ],
        "5": [
            "318",
            "188",
            "543",
            "501",
            "374",
            "78",
            "364",
            "348",
            "413",
            "276",
            "182",
            "314",
            "502",
            "99",
            "365",
            "235",
            "26",
            "261",
            "571",
            "330",
            "504",
            "471",
            "155",
            "119",
            "217",
            "360",
            "582",
            "206",
            "350",
            "507",
            "144",
            "455",
            "551",
            "584",
            "220",
            "123",
            "427",
            "13",
            "446",
            "218",
            "60",
            "203",
            "558",
            "385",
            "250",
            "556",
            "489",
            "497",
            "186",
            "191",
            "105",
            "559",
            "588",
            "197",
            "458",
            "110",
            "79",
            "544"
        ],