{
    "Instance": "planar600_G3",
    "Objective": 53.64442136630505,
    "Infeasibility": 0.00097762626856303,
    "Starting Time": 1692437453.166251,
    "Time Taken": 180.15011596679688,
    "Initialization Time": 1.2370784282684326,
    "nrEliteSolutions": 20,
    "i_max": 500,
    "nrDistricts": 10,
    "delta": 0.05,
    "llambda": 0.7,
    "rcl_parameter": 0.3,
    "Allocation": {
        "0": [
            "351",
            "425",
            "173",
            "562",
            "146",
            "393",
            "465",
            "427",
            "313",
            "291",
            "215",
            "424",
            "335",
            "276",
            "225",
            "155",
            "92",
            "477",
            "42",
            "139",
            "175",
            "452",
            "458",
            "441",
            "131",
            "159",
            "339",
            "222",
            "144",
            "283",
            "123",
            "112",
            "467",
            "595",
            "371",
            "289",
            "193",
            "493",
            "446",
            "556",
            "407",
            "360",
            "318",
            "482",
            "421",
            "30",
            "265",
            "379",
            "367",
            "358",
            "404",
            "46",
            "304",
            "216",
            "0",
            "554",
            "386",
            "26",
            "345",
            "275"
        ],
        "1": [
            "338",
            "128",
            "552",
            "459",
            "4",
            "292",
            "332",
            "180",
            "511",
            "79",
            "221",
            "35",
            "306",
            "495",
            "273",
            "550",
            "537",
            "327",
            "88",
            "528",
            "447",
            "541",
            "559",
            "317",
            "464",
            "13",
            "44",
            "443",
            "233",
            "432",
            "249",
            "512",
            "535",
            "209",
            "354",
            "576",
            "584",
            "372",
            "110",
            "483",
            "119",
            "366",
            "199",
            "237",
            "197",
            "243",
            "476",
            "288",
            "231",
            "285",
            "293",
            "132",
            "166",
            "491",
            "75",
            "365",
            "36",
            "346",
            "210",
            "81",
            "439"
        ],
        "2": [
            "32",
            "80",
            "203",
            "343",
            "33",
            "145",
            "137",
            "479",
            "156",
            "503",
            "375",
            "356",
            "63",
            "114",
            "582",
            "373",
            "329",
            "592",
            "581",
            "322",
            "153",
            "369",
            "417",
            "364",
            "457",
            "69",
            "385",
            "150",
            "442",
            "253",
            "31",
            "519",
            "82",
            "410",
            "450",
            "295",
            "577",
            "544",
            "105",
            "597",
            "72",
            "64",
            "22",
            "98",
            "349",
            "23",
            "61",
            "328",
            "302",
            "590",
            "27",
            "348",
            "130",
            "168",
            "171",
            "315",
            "294",
            "250",
            "415",
            "59",
            "202"
        ],
        "3": [
            "8",
            "492",
            "405",
            "489",
            "223",
            "591",
            "152",
            "83",
            "135",
            "142",
            "437",
            "24",
            "547",
            "9",
            "433",
            "382",
            "227",
            "300",
            "340",
            "143",
            "230",
            "20",
            "549",
            "361",
            "380",
            "525",
            "398",
            "336",
            "520",
            "57",
            "100",
            "324",
            "320",
            "77",
            "539",
            "241",
            "282",
            "569",
            "311",
            "270",
            "290",
            "395",
            "426",
            "257",
            "474",
            "526",
            "89",
            "71",
            "551",
            "469",
            "6",
            "40",
            "403",
            "38",
            "429",
            "514",
            "510",
            "599"
        ],
        "4": [
            "191",
            "553",
            "163",
            "11",
            "78",
            "68",
            "278",
            "269",
            "147",
            "333",
            "148",
            "279",
            "247",
            "478",
            "416",
            "266",
            "593",
            "206",
            "242",
            "49",
            "390",
            "388",
            "103",
            "560",
            "454",
            "456",
            "401",
            "468",
            "263",
            "326",
            "381",
            "305",
            "259",
            "575",
            "402",
            "207",
            "570",
            "448",
            "41",
            "531",
            "418",
            "337",
            "573",
            "363",
            "374",
            "435",
            "496",
            "384",
            "102",
            "116",
            "55",
            "182",
            "201",
            "325",
            "218",
            "18",
            "133",
            "104",
            "383",
            "281",
            "515"
        ],
        "5": [
            "39",
            "213",
            "481",
            "186",
            "5",
            "124",
            "240",
            "524",
            "596",
            "272",
            "359",
            "277",
            "12",
            "53",
            "574",
            "70",
            "321",
            "52",
            "307",
            "244",
            "111",
            "533",
            "17",
            "60",
            "84",
            "580",
            "194",
            "413",
            "248",
            "310",
            "436",
            "368",
            "534",
            "195",
            "455",
            "183",
            "185",
            "530",
            "353",
            "236",
            "545",
            "516",
            "115",
            "309",
            "507",
            "466",
            "568",
            "120",
            "451",
            "108",
            "118",
            "419",
            "564",
            "370",
            "391",
            "107",
            "412",
            "460",
            "86",
            "314"
        ],