{
    "Instance": "planar700_G21",
    "Objective": 49.935173489896286,
    "Infeasibility": 0.00751630744810135,
    "Starting Time": 1711831295.7359169,
    "Time Taken": 203.0953493118286,
    "Initialization Time": 1.6571464538574219,
    "nrEliteSolutions": 20,
    "i_max": 500,
    "nrDistricts": 10,
    "delta": 0.05,
    "llambda": 0.7,
    "rcl_parameter": 0.3,
    "Allocation": {
        "0": [
            "589",
            "76",
            "345",
            "426",
            "59",
            "480",
            "218",
            "684",
            "622",
            "653",
            "55",
            "378",
            "127",
            "396",
            "548",
            "386",
            "460",
            "262",
            "366",
            "72",
            "419",
            "456",
            "188",
            "416",
            "672",
            "244",
            "279",
            "301",
            "287",
            "47",
            "178",
            "220",
            "668",
            "302",
            "97",
            "37",
            "565",
            "687",
            "661",
            "209",
            "231",
            "31",
            "49",
            "667",
            "130",
            "669",
            "179",
            "650",
            "587",
            "189",
            "10",
            "156",
            "69",
            "646",
            "133",
            "29",
            "92",
            "35",
            "632",
            "652",
            "503",
            "617",
            "132",
            "469",
            "307",
            "266",
            "290",
            "357",
            "370",
            "190",
            "66",
            "563",
            "124"
        ],
        "1": [
            "197",
            "592",
            "351",
            "555",
            "140",
            "525",
            "444",
            "514",
            "0",
            "401",
            "659",
            "593",
            "641",
            "163",
            "678",
            "117",
            "522",
            "556",
            "105",
            "674",
            "511",
            "568",
            "250",
            "526",
            "32",
            "288",
            "226",
            "557",
            "150",
            "535",
            "144",
            "506",
            "423",
            "425",
            "576",
            "205",
            "225",
            "247",
            "8",
            "618",
            "160",
            "478",
            "380",
            "538",
            "394",
            "96",
            "343",
            "22",
            "100",
            "383",
            "77",
            "103",
            "336",
            "671",
            "464",
            "203",
            "11",
            "640",
            "107",
            "694",
            "494",
            "175",
            "108",
            "263",
            "361",
            "578",
            "14",
            "281",
            "663",
            "113",
            "562",
            "159"
        ],
        "2": [
            "148",
            "406",
            "102",
            "414",
            "412",
            "335",
            "181",
            "588",
            "358",
            "187",
            "347",
            "314",
            "461",
            "240",
            "504",
            "387",
            "207",
            "536",
            "553",
            "327",
            "602",
            "180",
            "299",
            "530",
            "471",
            "200",
            "104",
            "595",
            "79",
            "516",
            "496",
            "84",
            "171",
            "68",
            "598",
            "397",
            "249",
            "367",
            "437",
            "420",
            "518",
            "521",
            "111",
            "455",
            "507",
            "665",
            "466",
            "443",
            "697",
            "213",
            "596",
            "594",
            "690",
            "649",
            "172",
            "422",
            "611",
            "123",
            "53",
            "610",
            "584",
            "452",
            "382",
            "243",
            "560",
            "372",
            "413",
            "294",
            "57"
        ],
        "3": [
            "137",
            "38",
            "342",
            "570",
            "527",
            "222",
            "85",
            "7",
            "624",
            "505",
            "312",
            "691",
            "39",
            "254",
            "541",
            "392",
            "204",
            "168",
            "141",
            "473",
            "634",
            "155",
            "497",
            "36",
            "4",
            "310",
            "404",
            "15",
            "339",
            "45",
            "364",
            "193",
            "129",
            "2",
            "64",
            "612",
            "275",
            "12",
            "470",
            "215",
            "319",
            "177",
            "561",
            "122",
            "135",
            "210",
            "350",
            "337",
            "300",
            "89",
            "323",
            "352",
            "267",
            "174",
            "98",
            "166",
            "681",
            "276",
            "698",
            "239",
            "558",
            "547",
            "238",
            "235",
            "515",
            "331",
            "95",
            "3",
            "451",
            "365",
            "682",
            "567"
        ],
        "4": [
            "680",
            "642",
            "131",
            "436",
            "623",
            "251",
            "428",
            "194",
            "333",
            "183",
            "139",
            "493",
            "65",
            "54",
            "344",
            "81",
            "371",
            "242",
            "395",
            "590",
            "654",
            "93",
            "116",
            "658",
            "575",
            "195",
            "248",
            "71",
            "170",
            "629",
            "315",
            "544",
            "379",
            "48",
            "447",
            "1",
            "234",
            "277",
            "510",
            "431",
            "303",
            "313",
            "359",
            "528",
            "28",
            "600",
            "543",
            "114",
            "583",
            "529",
            "26",
            "297",
            "360",
            "261",
            "442",
            "472",
            "34",
            "6",
            "549",
            "631",
            "60",
            "255",
            "569",
            "246",
            "513"
        ],