{
    "Instance": "planar600_G29",
    "Objective": 51.62878380641741,
    "Infeasibility": 0.004078495207089872,
    "Starting Time": 1711833539.4326978,
    "Time Taken": 161.9412829875946,
    "Initialization Time": 1.1971449851989746,
    "nrEliteSolutions": 20,
    "i_max": 500,
    "nrDistricts": 10,
    "delta": 0.05,
    "llambda": 0.7,
    "rcl_parameter": 0.3,
    "Allocation": {
        "0": [
            "111",
            "527",
            "278",
            "335",
            "130",
            "398",
            "280",
            "539",
            "370",
            "496",
            "579",
            "173",
            "354",
            "581",
            "599",
            "152",
            "372",
            "532",
            "434",
            "273",
            "447",
            "72",
            "384",
            "34",
            "381",
            "574",
            "597",
            "565",
            "452",
            "380",
            "289",
            "160",
            "105",
            "557",
            "457",
            "575",
            "404",
            "107",
            "360",
            "551",
            "444",
            "200",
            "536",
            "400",
            "306",
            "154",
            "208",
            "99",
            "507",
            "113",
            "140",
            "163",
            "332",
            "313",
            "364",
            "202",
            "257",
            "109",
            "346"
        ],
        "1": [
            "39",
            "63",
            "102",
            "422",
            "239",
            "55",
            "541",
            "403",
            "37",
            "542",
            "374",
            "60",
            "547",
            "148",
            "93",
            "169",
            "509",
            "320",
            "297",
            "174",
            "1",
            "165",
            "279",
            "451",
            "537",
            "161",
            "323",
            "225",
            "25",
            "458",
            "514",
            "283",
            "213",
            "214",
            "114",
            "210",
            "512",
            "83",
            "594",
            "519",
            "388",
            "69",
            "84",
            "405",
            "22",
            "301",
            "32",
            "596",
            "401",
            "462",
            "598",
            "90",
            "329",
            "353",
            "425",
            "64",
            "423",
            "441",
            "361"
        ],
        "2": [
            "262",
            "572",
            "576",
            "116",
            "228",
            "110",
            "248",
            "136",
            "410",
            "100",
            "328",
            "501",
            "241",
            "497",
            "347",
            "389",
            "207",
            "38",
            "145",
            "199",
            "120",
            "11",
            "222",
            "77",
            "51",
            "578",
            "156",
            "466",
            "529",
            "0",
            "471",
            "518",
            "71",
            "528",
            "383",
            "342",
            "269",
            "15",
            "399",
            "267",
            "118",
            "499",
            "363",
            "46",
            "36",
            "203",
            "221",
            "103",
            "571",
            "437",
            "366",
            "317",
            "236",
            "268",
            "88",
            "115",
            "54",
            "522",
            "445"
        ],
        "3": [
            "569",
            "230",
            "180",
            "94",
            "464",
            "406",
            "549",
            "526",
            "79",
            "164",
            "455",
            "240",
            "191",
            "231",
            "235",
            "215",
            "326",
            "375",
            "121",
            "67",
            "49",
            "204",
            "175",
            "318",
            "23",
            "85",
            "6",
            "586",
            "424",
            "304",
            "407",
            "219",
            "167",
            "396",
            "336",
            "535",
            "479",
            "143",
            "271",
            "562",
            "78",
            "217",
            "564",
            "281",
            "48",
            "47",
            "91",
            "153",
            "516",
            "272",
            "567",
            "382",
            "50",
            "487",
            "506",
            "433",
            "419",
            "104",
            "264"
        ],
        "4": [
            "456",
            "59",
            "459",
            "45",
            "309",
            "41",
            "426",
            "391",
            "303",
            "224",
            "183",
            "393",
            "151",
            "483",
            "429",
            "402",
            "428",
            "493",
            "495",
            "126",
            "185",
            "430",
            "275",
            "319",
            "147",
            "266",
            "128",
            "474",
            "117",
            "223",
            "195",
            "385",
            "24",
            "28",
            "312",
            "580",
            "16",
            "170",
            "131",
            "414",
            "550",
            "515",
            "300",
            "182",
            "365",
            "357",
            "395",
            "421",
            "26",
            "358",
            "500",
            "294",
            "331",
            "258",
            "285",
            "14",
            "486",
            "89"
        ],
        "5": [
            "343",
            "314",
            "96",
            "220",
            "7",
            "155",
            "334",
            "171",
            "27",
            "560",
            "252",
            "411",
            "511",
            "559",
            "510",
            "44",
            "420",
            "256",
            "218",
            "463",
            "530",
            "521",
            "367",
            "125",
            "356",
            "277",
            "189",
            "427",
            "333",
            "21",
            "525",
            "544",
            "40",
            "177",
            "552",
            "80",
            "62",
            "299",
            "431",
            "531",
            "387",
            "540",
            "470",
            "8",
            "524",
            "288",
            "158",
            "263",
            "573",
            "378",
            "589",
            "227",
            "454",
            "322",
            "253",
            "127",
            "133",
            "355",
            "17"
        ],