{
    "Instance": "planar700_G4",
    "Objective": 49.34051922239591,
    "Infeasibility": 0.0,
    "Starting Time": 1692436955.1517327,
    "Time Taken": 221.26737570762634,
    "Initialization Time": 1.6124353408813477,
    "nrEliteSolutions": 20,
    "i_max": 500,
    "nrDistricts": 10,
    "delta": 0.05,
    "llambda": 0.7,
    "rcl_parameter": 0.3,
    "Allocation": {
        "0": [
            "375",
            "386",
            "651",
            "689",
            "522",
            "461",
            "498",
            "267",
            "241",
            "59",
            "72",
            "508",
            "321",
            "309",
            "562",
            "328",
            "218",
            "284",
            "274",
            "46",
            "54",
            "242",
            "217",
            "638",
            "184",
            "304",
            "350",
            "376",
            "556",
            "260",
            "453",
            "368",
            "323",
            "188",
            "157",
            "252",
            "335",
            "367",
            "420",
            "427",
            "570",
            "343",
            "26",
            "458",
            "224",
            "497",
            "392",
            "419",
            "288",
            "487",
            "178",
            "611",
            "664",
            "103",
            "557",
            "14",
            "253",
            "565",
            "459",
            "97",
            "493",
            "357",
            "456",
            "354",
            "319",
            "69",
            "71",
            "209",
            "289",
            "572",
            "656"
        ],
        "1": [
            "442",
            "496",
            "673",
            "256",
            "192",
            "591",
            "469",
            "543",
            "407",
            "330",
            "450",
            "698",
            "599",
            "153",
            "92",
            "167",
            "52",
            "81",
            "111",
            "301",
            "501",
            "581",
            "211",
            "109",
            "327",
            "175",
            "394",
            "128",
            "332",
            "40",
            "96",
            "531",
            "678",
            "337",
            "433",
            "90",
            "365",
            "7",
            "600",
            "235",
            "583",
            "189",
            "16",
            "481",
            "561",
            "630",
            "424",
            "595",
            "613",
            "4",
            "10",
            "185",
            "408",
            "574",
            "421",
            "74",
            "363",
            "147",
            "139",
            "306",
            "24",
            "434",
            "634",
            "610",
            "159",
            "180",
            "384",
            "695",
            "542",
            "649",
            "518"
        ],
        "2": [
            "374",
            "302",
            "191",
            "183",
            "507",
            "444",
            "290",
            "545",
            "472",
            "644",
            "697",
            "348",
            "677",
            "455",
            "221",
            "520",
            "216",
            "382",
            "462",
            "538",
            "215",
            "474",
            "190",
            "466",
            "454",
            "346",
            "272",
            "576",
            "200",
            "257",
            "329",
            "639",
            "53",
            "269",
            "171",
            "160",
            "425",
            "233",
            "222",
            "168",
            "516",
            "589",
            "262",
            "13",
            "549",
            "648",
            "435",
            "530",
            "277",
            "483",
            "457",
            "324",
            "373",
            "182",
            "238",
            "355",
            "687",
            "655",
            "660",
            "230",
            "156",
            "416",
            "356",
            "430",
            "696",
            "33",
            "316",
            "3",
            "521",
            "426"
        ],
        "3": [
            "286",
            "418",
            "390",
            "138",
            "270",
            "66",
            "315",
            "682",
            "208",
            "604",
            "580",
            "415",
            "536",
            "537",
            "473",
            "525",
            "21",
            "626",
            "232",
            "477",
            "575",
            "681",
            "295",
            "387",
            "629",
            "486",
            "116",
            "122",
            "158",
            "635",
            "605",
            "112",
            "197",
            "254",
            "370",
            "431",
            "285",
            "381",
            "177",
            "342",
            "132",
            "588",
            "326",
            "535",
            "653",
            "275",
            "305",
            "173",
            "584",
            "23",
            "506",
            "22",
            "239",
            "485",
            "448",
            "555",
            "625",
            "70",
            "106",
            "179",
            "675",
            "293",
            "539",
            "494",
            "519",
            "86",
            "77",
            "685",
            "15",
            "632",
            "559"
        ],
        "4": [
            "162",
            "36",
            "351",
            "228",
            "500",
            "699",
            "690",
            "631",
            "104",
            "144",
            "509",
            "261",
            "359",
            "657",
            "422",
            "464",
            "100",
            "661",
            "129",
            "596",
            "567",
            "558",
            "202",
            "1",
            "297",
            "499",
            "137",
            "692",
            "259",
            "310",
            "396",
            "676",
            "616",
            "618",
            "130",
            "573",
            "20",
            "246",
            "475",
            "88",
            "243",
            "665",
            "219",
            "32",
            "546",
            "669",
            "300",
            "598",
            "117",
            "366",
            "9",
            "133",
            "57",
            "244",
            "322",
            "528",
            "523",
            "51",
            "532",
            "35",
            "379",
            "63",
            "11",
            "622",
            "642",
            "345",
            "61",
            "411",
            "443"
        ],