{
    "Instance": "planar500_G23",
    "Objective": 51.49983719429837,
    "Infeasibility": 0.0016254566322096656,
    "Starting Time": 1711832594.5564039,
    "Time Taken": 123.8004367351532,
    "Initialization Time": 0.8182785511016846,
    "nrEliteSolutions": 20,
    "i_max": 500,
    "nrDistricts": 10,
    "delta": 0.05,
    "llambda": 0.7,
    "rcl_parameter": 0.3,
    "Allocation": {
        "0": [
            "424",
            "304",
            "381",
            "258",
            "430",
            "224",
            "127",
            "159",
            "73",
            "198",
            "45",
            "120",
            "452",
            "165",
            "260",
            "497",
            "153",
            "254",
            "429",
            "79",
            "3",
            "26",
            "271",
            "113",
            "281",
            "151",
            "96",
            "489",
            "421",
            "241",
            "66",
            "177",
            "322",
            "333",
            "446",
            "179",
            "363",
            "123",
            "262",
            "331",
            "184",
            "419",
            "460",
            "27",
            "487",
            "387",
            "362",
            "388"
        ],
        "1": [
            "144",
            "128",
            "484",
            "483",
            "274",
            "279",
            "115",
            "485",
            "339",
            "47",
            "263",
            "131",
            "361",
            "289",
            "212",
            "48",
            "94",
            "15",
            "323",
            "266",
            "313",
            "97",
            "416",
            "312",
            "130",
            "490",
            "149",
            "422",
            "427",
            "255",
            "37",
            "81",
            "295",
            "278",
            "400",
            "257",
            "248",
            "156",
            "44",
            "9",
            "133",
            "382",
            "276",
            "119",
            "399",
            "232",
            "316",
            "112",
            "83",
            "326"
        ],
        "2": [
            "428",
            "411",
            "98",
            "211",
            "455",
            "141",
            "462",
            "449",
            "0",
            "148",
            "25",
            "227",
            "53",
            "213",
            "481",
            "147",
            "249",
            "466",
            "71",
            "16",
            "477",
            "392",
            "200",
            "61",
            "417",
            "256",
            "210",
            "32",
            "492",
            "225",
            "237",
            "56",
            "157",
            "398",
            "125",
            "196",
            "432",
            "350",
            "456",
            "314",
            "287",
            "75",
            "461",
            "474",
            "186",
            "77",
            "116",
            "499",
            "345",
            "90",
            "239"
        ],
        "3": [
            "486",
            "105",
            "95",
            "370",
            "191",
            "207",
            "340",
            "447",
            "389",
            "69",
            "233",
            "341",
            "300",
            "189",
            "1",
            "342",
            "99",
            "197",
            "43",
            "12",
            "454",
            "283",
            "39",
            "393",
            "168",
            "201",
            "72",
            "91",
            "438",
            "437",
            "302",
            "285",
            "346",
            "178",
            "136",
            "110",
            "145",
            "293",
            "317",
            "305",
            "172",
            "373",
            "439",
            "63",
            "364",
            "221",
            "230",
            "444",
            "277",
            "298"
        ],
        "4": [
            "358",
            "475",
            "103",
            "190",
            "229",
            "185",
            "152",
            "5",
            "139",
            "65",
            "20",
            "203",
            "360",
            "35",
            "246",
            "270",
            "406",
            "245",
            "296",
            "216",
            "464",
            "11",
            "390",
            "167",
            "434",
            "87",
            "386",
            "217",
            "453",
            "412",
            "223",
            "496",
            "491",
            "251",
            "324",
            "6",
            "111",
            "228",
            "135",
            "301",
            "368",
            "219",
            "114",
            "161",
            "299",
            "182",
            "174",
            "259",
            "55",
            "354",
            "425"
        ],
        "5": [
            "378",
            "391",
            "235",
            "85",
            "404",
            "118",
            "319",
            "137",
            "129",
            "244",
            "2",
            "383",
            "100",
            "328",
            "89",
            "473",
            "403",
            "448",
            "366",
            "170",
            "240",
            "479",
            "222",
            "146",
            "297",
            "234",
            "321",
            "385",
            "290",
            "171",
            "40",
            "183",
            "29",
            "164",
            "250",
            "84",
            "80",
            "442",
            "407",
            "22",
            "440",
            "19",
            "126",
            "384",
            "46",
            "108",
            "117",
            "30"
        ],
        "6": [
            "132",
            "443",
            "54",
            "303",
            "307",
            "64",
            "365",
            "344",
            "441",
            "158",
            "338",
            "88",
            "409",
            "162",
            "376",
            "336",
            "138",
            "220",
            "374",
            "457",
            "124",
            "292",
            "284",
            "286",
            "4",
            "7",
            "93",
            "268",
            "23",
            "488",
            "397",
            "86",
            "253",
            "180",
            "107",
            "187",
            "199",
            "498",
            "372",
            "294",
            "348",
            "202",
            "435",
            "280",
            "380",
            "24",
            "413",
            "478",
            "396",
            "291"
        ],