{
    "Instance": "planar500_G10",
    "Objective": 54.878696288461846,
    "Infeasibility": 0.001232597743620166,
    "Starting Time": 1711832186.5159445,
    "Time Taken": 123.19060015678406,
    "Initialization Time": 0.8347361087799072,
    "nrEliteSolutions": 20,
    "i_max": 500,
    "nrDistricts": 10,
    "delta": 0.05,
    "llambda": 0.7,
    "rcl_parameter": 0.3,
    "Allocation": {
        "0": [
            "164",
            "323",
            "155",
            "471",
            "75",
            "251",
            "7",
            "351",
            "152",
            "432",
            "321",
            "135",
            "142",
            "198",
            "23",
            "318",
            "213",
            "226",
            "28",
            "151",
            "42",
            "39",
            "123",
            "328",
            "306",
            "438",
            "399",
            "199",
            "349",
            "58",
            "136",
            "54",
            "22",
            "48",
            "0",
            "316",
            "235",
            "165",
            "106",
            "400",
            "451",
            "263",
            "229",
            "143",
            "348",
            "476",
            "342",
            "379",
            "157",
            "250"
        ],
        "1": [
            "160",
            "493",
            "383",
            "189",
            "216",
            "243",
            "102",
            "281",
            "203",
            "41",
            "394",
            "486",
            "177",
            "375",
            "196",
            "67",
            "364",
            "331",
            "292",
            "319",
            "36",
            "497",
            "477",
            "376",
            "357",
            "305",
            "209",
            "277",
            "358",
            "435",
            "84",
            "38",
            "50",
            "275",
            "69",
            "446",
            "283",
            "269",
            "108",
            "121",
            "285",
            "388",
            "412",
            "82",
            "212",
            "141",
            "339",
            "179",
            "99",
            "77",
            "79",
            "411",
            "286"
        ],
        "2": [
            "362",
            "98",
            "101",
            "309",
            "47",
            "417",
            "458",
            "85",
            "442",
            "433",
            "195",
            "9",
            "450",
            "310",
            "140",
            "284",
            "416",
            "62",
            "111",
            "312",
            "265",
            "462",
            "291",
            "405",
            "355",
            "237",
            "387",
            "114",
            "242",
            "274",
            "467",
            "169",
            "408",
            "146",
            "244",
            "335",
            "260",
            "128",
            "227",
            "489",
            "51",
            "10",
            "445",
            "65",
            "186",
            "27"
        ],
        "3": [
            "171",
            "340",
            "443",
            "249",
            "304",
            "178",
            "168",
            "230",
            "272",
            "104",
            "149",
            "238",
            "210",
            "88",
            "115",
            "156",
            "478",
            "182",
            "453",
            "464",
            "6",
            "96",
            "395",
            "232",
            "188",
            "480",
            "137",
            "66",
            "14",
            "167",
            "264",
            "301",
            "455",
            "120",
            "175",
            "240",
            "401",
            "452",
            "184",
            "138",
            "18",
            "437",
            "356",
            "255",
            "287",
            "391",
            "461",
            "247",
            "97",
            "234"
        ],
        "4": [
            "276",
            "91",
            "361",
            "315",
            "29",
            "341",
            "380",
            "224",
            "268",
            "73",
            "308",
            "172",
            "372",
            "139",
            "481",
            "46",
            "245",
            "302",
            "488",
            "367",
            "55",
            "34",
            "239",
            "252",
            "475",
            "279",
            "8",
            "176",
            "131",
            "105",
            "1",
            "262",
            "300",
            "325",
            "24",
            "191",
            "211",
            "466",
            "333",
            "307",
            "422",
            "465",
            "297",
            "231",
            "289",
            "202",
            "404",
            "32",
            "463"
        ],
        "5": [
            "4",
            "95",
            "159",
            "382",
            "44",
            "12",
            "498",
            "469",
            "294",
            "248",
            "369",
            "87",
            "420",
            "119",
            "377",
            "378",
            "350",
            "326",
            "299",
            "219",
            "103",
            "278",
            "154",
            "3",
            "392",
            "112",
            "363",
            "346",
            "484",
            "345",
            "64",
            "490",
            "125",
            "314",
            "118",
            "173",
            "261",
            "194",
            "192",
            "236",
            "332",
            "166",
            "389",
            "347",
            "72",
            "130",
            "290",
            "40",
            "133",
            "74",
            "56",
            "256"
        ],
        "6": [
            "398",
            "439",
            "33",
            "359",
            "208",
            "174",
            "11",
            "90",
            "296",
            "61",
            "37",
            "43",
            "479",
            "57",
            "78",
            "126",
            "21",
            "53",
            "129",
            "385",
            "31",
            "181",
            "86",
            "311",
            "183",
            "482",
            "403",
            "201",
            "406",
            "373",
            "71",
            "132",
            "492",
            "52",
            "153",
            "454",
            "100",
            "425",
            "322",
            "334",
            "17",
            "116",
            "20",
            "16",
            "26",
            "122",
            "193",
            "430",
            "386",
            "60",
            "457"
        ],