{
    "Instance": "planar500_G6",
    "Objective": 50.30929228452899,
    "Infeasibility": 0.0009277992947568453,
    "Starting Time": 1692436955.153832,
    "Time Taken": 135.32192206382751,
    "Initialization Time": 0.792365312576294,
    "nrEliteSolutions": 20,
    "i_max": 500,
    "nrDistricts": 10,
    "delta": 0.05,
    "llambda": 0.7,
    "rcl_parameter": 0.3,
    "Allocation": {
        "0": [
            "310",
            "496",
            "19",
            "435",
            "385",
            "210",
            "251",
            "434",
            "303",
            "292",
            "154",
            "54",
            "198",
            "488",
            "396",
            "436",
            "28",
            "286",
            "90",
            "363",
            "131",
            "104",
            "460",
            "455",
            "269",
            "161",
            "20",
            "38",
            "163",
            "212",
            "457",
            "424",
            "74",
            "329",
            "375",
            "290",
            "186",
            "293",
            "444",
            "257",
            "318",
            "274",
            "276",
            "39",
            "256",
            "275",
            "205",
            "383",
            "378"
        ],
        "1": [
            "430",
            "300",
            "442",
            "215",
            "395",
            "3",
            "190",
            "306",
            "166",
            "36",
            "25",
            "152",
            "397",
            "182",
            "83",
            "407",
            "16",
            "23",
            "406",
            "222",
            "412",
            "241",
            "448",
            "279",
            "151",
            "119",
            "100",
            "247",
            "248",
            "343",
            "244",
            "379",
            "340",
            "228",
            "316",
            "181",
            "425",
            "145",
            "476",
            "146",
            "495",
            "173",
            "260",
            "127",
            "136",
            "153",
            "144",
            "479",
            "94",
            "323"
        ],
        "2": [
            "71",
            "80",
            "480",
            "466",
            "418",
            "53",
            "384",
            "160",
            "232",
            "454",
            "107",
            "361",
            "141",
            "285",
            "297",
            "291",
            "351",
            "185",
            "217",
            "106",
            "60",
            "116",
            "149",
            "47",
            "367",
            "172",
            "140",
            "483",
            "428",
            "471",
            "414",
            "89",
            "225",
            "45",
            "322",
            "208",
            "195",
            "263",
            "409",
            "438",
            "147",
            "267",
            "242",
            "78",
            "165",
            "102",
            "253",
            "13",
            "72",
            "376"
        ],
        "3": [
            "234",
            "317",
            "187",
            "394",
            "492",
            "369",
            "420",
            "289",
            "497",
            "255",
            "233",
            "401",
            "330",
            "390",
            "65",
            "432",
            "229",
            "10",
            "22",
            "405",
            "335",
            "237",
            "271",
            "334",
            "211",
            "475",
            "482",
            "41",
            "159",
            "126",
            "197",
            "69",
            "48",
            "421",
            "270",
            "470",
            "258",
            "175",
            "264",
            "449",
            "196",
            "170",
            "353",
            "437",
            "169",
            "99",
            "6",
            "403",
            "114",
            "281",
            "388",
            "453",
            "266"
        ],
        "4": [
            "42",
            "137",
            "486",
            "327",
            "235",
            "58",
            "224",
            "465",
            "451",
            "63",
            "199",
            "346",
            "66",
            "348",
            "490",
            "31",
            "15",
            "314",
            "158",
            "487",
            "341",
            "469",
            "498",
            "2",
            "236",
            "277",
            "458",
            "272",
            "111",
            "268",
            "315",
            "56",
            "493",
            "62",
            "389",
            "105",
            "325",
            "377",
            "313",
            "88",
            "298",
            "302",
            "132",
            "366",
            "227",
            "5",
            "280",
            "419",
            "226",
            "319"
        ],
        "5": [
            "478",
            "109",
            "240",
            "284",
            "273",
            "402",
            "391",
            "162",
            "123",
            "50",
            "191",
            "180",
            "219",
            "481",
            "193",
            "338",
            "135",
            "134",
            "43",
            "40",
            "59",
            "262",
            "130",
            "499",
            "115",
            "354",
            "75",
            "194",
            "339",
            "76",
            "206",
            "176",
            "364",
            "4",
            "77",
            "307",
            "174",
            "320",
            "447",
            "373",
            "393",
            "86",
            "352",
            "443",
            "331",
            "46",
            "404",
            "350",
            "422",
            "308"
        ],
        "6": [
            "14",
            "288",
            "200",
            "179",
            "441",
            "287",
            "477",
            "295",
            "463",
            "371",
            "452",
            "365",
            "30",
            "82",
            "156",
            "73",
            "35",
            "246",
            "398",
            "439",
            "342",
            "220",
            "254",
            "93",
            "143",
            "328",
            "110",
            "223",
            "311",
            "168",
            "474",
            "12",
            "61",
            "113",
            "68",
            "426",
            "243",
            "70",
            "67",
            "381",
            "125",
            "37",
            "52",
            "184",
            "400",
            "337",
            "189",
            "345",
            "133"
        ],