{
    "Instance": "planar700_G20",
    "Objective": 50.744509635840785,
    "Infeasibility": 0.008130704382358885,
    "Starting Time": 1711833215.1524136,
    "Time Taken": 202.54940271377563,
    "Initialization Time": 1.6584179401397705,
    "nrEliteSolutions": 20,
    "i_max": 500,
    "nrDistricts": 10,
    "delta": 0.05,
    "llambda": 0.7,
    "rcl_parameter": 0.3,
    "Allocation": {
        "0": [
            "256",
            "562",
            "517",
            "465",
            "211",
            "54",
            "96",
            "109",
            "101",
            "119",
            "86",
            "468",
            "504",
            "163",
            "409",
            "395",
            "624",
            "64",
            "507",
            "238",
            "304",
            "660",
            "478",
            "534",
            "421",
            "218",
            "524",
            "368",
            "36",
            "209",
            "89",
            "242",
            "200",
            "325",
            "446",
            "157",
            "227",
            "223",
            "437",
            "184",
            "370",
            "300",
            "45",
            "92",
            "616",
            "420",
            "25",
            "480",
            "359",
            "462",
            "460",
            "365",
            "82",
            "155",
            "649",
            "518",
            "298",
            "61",
            "500",
            "511",
            "560",
            "264",
            "580",
            "506",
            "474",
            "329",
            "71",
            "693",
            "445",
            "342",
            "129",
            "386"
        ],
        "1": [
            "344",
            "110",
            "20",
            "235",
            "239",
            "324",
            "509",
            "373",
            "577",
            "166",
            "425",
            "402",
            "382",
            "26",
            "346",
            "151",
            "53",
            "502",
            "268",
            "137",
            "452",
            "638",
            "6",
            "210",
            "492",
            "675",
            "508",
            "70",
            "127",
            "330",
            "569",
            "551",
            "484",
            "628",
            "571",
            "643",
            "599",
            "591",
            "143",
            "66",
            "558",
            "564",
            "255",
            "73",
            "666",
            "469",
            "9",
            "680",
            "622",
            "283",
            "193",
            "606",
            "260",
            "257",
            "444",
            "126",
            "261",
            "179",
            "583",
            "491",
            "533",
            "419",
            "187",
            "350",
            "152",
            "470",
            "103",
            "75",
            "190",
            "582"
        ],
        "2": [
            "34",
            "161",
            "424",
            "586",
            "659",
            "340",
            "226",
            "632",
            "689",
            "270",
            "195",
            "691",
            "2",
            "35",
            "292",
            "215",
            "221",
            "295",
            "139",
            "214",
            "550",
            "608",
            "175",
            "67",
            "351",
            "514",
            "588",
            "16",
            "499",
            "566",
            "236",
            "671",
            "626",
            "168",
            "664",
            "575",
            "665",
            "553",
            "435",
            "131",
            "590",
            "19",
            "367",
            "490",
            "120",
            "686",
            "407",
            "309",
            "530",
            "158",
            "233",
            "692",
            "576",
            "673",
            "99",
            "88",
            "578",
            "488",
            "597",
            "532",
            "522",
            "620",
            "130",
            "398",
            "360",
            "607",
            "81",
            "220",
            "296"
        ],
        "3": [
            "450",
            "471",
            "521",
            "135",
            "611",
            "463",
            "631",
            "513",
            "408",
            "646",
            "357",
            "609",
            "356",
            "272",
            "301",
            "343",
            "619",
            "396",
            "426",
            "430",
            "113",
            "291",
            "287",
            "56",
            "116",
            "121",
            "526",
            "323",
            "338",
            "133",
            "212",
            "486",
            "369",
            "363",
            "77",
            "579",
            "50",
            "621",
            "647",
            "568",
            "277",
            "449",
            "68",
            "654",
            "379",
            "275",
            "208",
            "497",
            "244",
            "111",
            "79",
            "333",
            "479",
            "47",
            "630",
            "246",
            "335",
            "535",
            "602",
            "267",
            "698",
            "640",
            "515",
            "72",
            "206",
            "332",
            "635",
            "251"
        ],
        "4": [
            "495",
            "32",
            "194",
            "252",
            "282",
            "574",
            "279",
            "391",
            "169",
            "265",
            "347",
            "544",
            "191",
            "147",
            "592",
            "472",
            "587",
            "687",
            "302",
            "627",
            "322",
            "477",
            "403",
            "1",
            "177",
            "122",
            "336",
            "303",
            "196",
            "305",
            "13",
            "503",
            "383",
            "392",
            "528",
            "248",
            "432",
            "234",
            "345",
            "262",
            "358",
            "443",
            "313",
            "207",
            "629",
            "600",
            "203",
            "397",
            "618",
            "306",
            "374",
            "473",
            "39",
            "18",
            "416",
            "90",
            "557",
            "466",
            "11",
            "570",
            "156",
            "98",
            "249",
            "389",
            "21",
            "604",
            "307",
            "428",
            "229",
            "510",
            "23",
            "688",
            "55",
            "496",
            "160",
            "125"
        ],