{
    "Instance": "planar500_G24",
    "Objective": 52.48999707801497,
    "Infeasibility": 0.004278167190359249,
    "Starting Time": 1711832151.9284244,
    "Time Taken": 123.44845509529114,
    "Initialization Time": 0.843839168548584,
    "nrEliteSolutions": 20,
    "i_max": 500,
    "nrDistricts": 10,
    "delta": 0.05,
    "llambda": 0.7,
    "rcl_parameter": 0.3,
    "Allocation": {
        "0": [
            "96",
            "66",
            "369",
            "498",
            "132",
            "375",
            "36",
            "451",
            "0",
            "409",
            "426",
            "86",
            "282",
            "217",
            "152",
            "442",
            "29",
            "58",
            "456",
            "146",
            "202",
            "229",
            "227",
            "383",
            "399",
            "359",
            "380",
            "315",
            "473",
            "462",
            "213",
            "384",
            "313",
            "444",
            "77",
            "469",
            "262",
            "31",
            "153",
            "210",
            "155",
            "1",
            "311",
            "350",
            "493",
            "422",
            "450",
            "168",
            "133"
        ],
        "1": [
            "94",
            "69",
            "258",
            "5",
            "472",
            "176",
            "308",
            "159",
            "325",
            "333",
            "43",
            "56",
            "457",
            "53",
            "28",
            "129",
            "363",
            "391",
            "342",
            "32",
            "372",
            "376",
            "360",
            "467",
            "33",
            "370",
            "459",
            "257",
            "130",
            "270",
            "416",
            "430",
            "281",
            "245",
            "230",
            "18",
            "319",
            "126",
            "103",
            "413",
            "185",
            "215",
            "306",
            "70",
            "466",
            "366",
            "347",
            "113",
            "379",
            "167",
            "60",
            "249",
            "64"
        ],
        "2": [
            "485",
            "411",
            "45",
            "27",
            "439",
            "427",
            "294",
            "52",
            "438",
            "178",
            "170",
            "290",
            "303",
            "361",
            "209",
            "104",
            "47",
            "405",
            "198",
            "131",
            "17",
            "470",
            "157",
            "225",
            "454",
            "118",
            "417",
            "10",
            "392",
            "109",
            "97",
            "250",
            "216",
            "292",
            "389",
            "293",
            "368",
            "264",
            "218",
            "191",
            "40",
            "332",
            "337",
            "425",
            "115",
            "259",
            "99",
            "208",
            "393"
        ],
        "3": [
            "231",
            "149",
            "278",
            "189",
            "434",
            "62",
            "277",
            "408",
            "445",
            "111",
            "324",
            "21",
            "190",
            "124",
            "116",
            "164",
            "162",
            "204",
            "154",
            "371",
            "419",
            "72",
            "39",
            "496",
            "353",
            "90",
            "186",
            "382",
            "63",
            "110",
            "295",
            "51",
            "322",
            "41",
            "248",
            "26",
            "276",
            "268",
            "195",
            "12",
            "397",
            "98",
            "287",
            "358",
            "436",
            "34",
            "394",
            "239",
            "452",
            "362"
        ],
        "4": [
            "232",
            "414",
            "139",
            "91",
            "398",
            "402",
            "112",
            "461",
            "488",
            "471",
            "251",
            "283",
            "479",
            "307",
            "181",
            "219",
            "424",
            "395",
            "429",
            "212",
            "355",
            "235",
            "188",
            "199",
            "253",
            "92",
            "19",
            "327",
            "121",
            "117",
            "102",
            "487",
            "463",
            "390",
            "234",
            "228",
            "147",
            "107",
            "192",
            "71",
            "460",
            "243",
            "388",
            "4",
            "331",
            "284",
            "499",
            "93",
            "83"
        ],
        "5": [
            "163",
            "344",
            "440",
            "197",
            "240",
            "334",
            "57",
            "120",
            "288",
            "119",
            "88",
            "373",
            "11",
            "214",
            "446",
            "9",
            "8",
            "165",
            "222",
            "256",
            "221",
            "340",
            "367",
            "122",
            "101",
            "233",
            "206",
            "246",
            "220",
            "108",
            "465",
            "48",
            "297",
            "38",
            "266",
            "267",
            "127",
            "148",
            "141",
            "309",
            "320",
            "335",
            "443",
            "59",
            "161",
            "136",
            "330",
            "171",
            "37",
            "65",
            "76",
            "89",
            "423",
            "285",
            "24"
        ],
        "6": [
            "365",
            "477",
            "35",
            "432",
            "158",
            "16",
            "476",
            "184",
            "236",
            "44",
            "182",
            "336",
            "338",
            "304",
            "341",
            "387",
            "385",
            "305",
            "381",
            "484",
            "357",
            "172",
            "15",
            "68",
            "494",
            "151",
            "343",
            "400",
            "175",
            "302",
            "177",
            "85",
            "3",
            "449",
            "226",
            "128",
            "211",
            "150",
            "272",
            "145",
            "166",
            "179",
            "286",
            "351",
            "50",
            "328",
            "486",
            "183"
        ],