{
    "Instance": "planar600_G10",
    "Objective": 52.12970658313744,
    "Infeasibility": 0.007062039902007367,
    "Starting Time": 1711833049.177368,
    "Time Taken": 164.79412937164307,
    "Initialization Time": 1.2144653797149658,
    "nrEliteSolutions": 20,
    "i_max": 500,
    "nrDistricts": 10,
    "delta": 0.05,
    "llambda": 0.7,
    "rcl_parameter": 0.3,
    "Allocation": {
        "0": [
            "520",
            "264",
            "93",
            "498",
            "405",
            "32",
            "575",
            "119",
            "294",
            "80",
            "133",
            "395",
            "353",
            "556",
            "505",
            "420",
            "315",
            "96",
            "84",
            "220",
            "111",
            "78",
            "538",
            "429",
            "5",
            "44",
            "319",
            "493",
            "251",
            "200",
            "1",
            "598",
            "56",
            "569",
            "514",
            "42",
            "209",
            "473",
            "487",
            "60",
            "444",
            "257",
            "272",
            "103",
            "522",
            "181",
            "210",
            "453",
            "558",
            "208",
            "289",
            "533",
            "236",
            "553",
            "338",
            "204",
            "406"
        ],
        "1": [
            "255",
            "282",
            "367",
            "87",
            "590",
            "140",
            "455",
            "168",
            "52",
            "424",
            "122",
            "500",
            "235",
            "544",
            "262",
            "47",
            "539",
            "555",
            "198",
            "510",
            "171",
            "365",
            "162",
            "468",
            "416",
            "136",
            "178",
            "167",
            "194",
            "541",
            "566",
            "413",
            "17",
            "546",
            "201",
            "396",
            "3",
            "380",
            "490",
            "316",
            "472",
            "326",
            "378",
            "521",
            "589",
            "104",
            "411",
            "379",
            "597",
            "481",
            "437",
            "166",
            "70",
            "20",
            "351",
            "219",
            "59",
            "314",
            "479",
            "27"
        ],
        "2": [
            "149",
            "153",
            "108",
            "560",
            "391",
            "581",
            "159",
            "509",
            "246",
            "460",
            "290",
            "174",
            "549",
            "274",
            "485",
            "346",
            "242",
            "387",
            "195",
            "218",
            "185",
            "296",
            "578",
            "280",
            "358",
            "73",
            "128",
            "480",
            "583",
            "82",
            "161",
            "64",
            "38",
            "445",
            "284",
            "543",
            "470",
            "102",
            "412",
            "335",
            "110",
            "213",
            "192",
            "118",
            "331",
            "372",
            "95",
            "247",
            "142",
            "370",
            "559",
            "21",
            "451",
            "33",
            "277",
            "337",
            "50",
            "534",
            "579"
        ],
        "3": [
            "120",
            "99",
            "12",
            "425",
            "528",
            "266",
            "127",
            "531",
            "141",
            "151",
            "22",
            "489",
            "332",
            "217",
            "360",
            "239",
            "45",
            "423",
            "328",
            "183",
            "582",
            "557",
            "594",
            "306",
            "279",
            "434",
            "132",
            "403",
            "576",
            "260",
            "271",
            "407",
            "537",
            "357",
            "414",
            "191",
            "276",
            "573",
            "90",
            "447",
            "172",
            "114",
            "53",
            "97",
            "371",
            "226",
            "397",
            "344",
            "228",
            "121",
            "532",
            "180",
            "471",
            "384",
            "329",
            "323",
            "363",
            "508",
            "540",
            "550"
        ],
        "4": [
            "398",
            "339",
            "318",
            "293",
            "258",
            "288",
            "249",
            "383",
            "377",
            "311",
            "291",
            "359",
            "402",
            "355",
            "243",
            "71",
            "227",
            "144",
            "462",
            "585",
            "535",
            "83",
            "175",
            "432",
            "155",
            "477",
            "530",
            "156",
            "72",
            "561",
            "29",
            "4",
            "286",
            "524",
            "40",
            "321",
            "309",
            "248",
            "373",
            "354",
            "76",
            "16",
            "449",
            "211",
            "483",
            "322",
            "65",
            "324",
            "137",
            "131",
            "259",
            "202",
            "6",
            "348",
            "491",
            "448",
            "442",
            "57",
            "474",
            "568",
            "169"
        ],
        "5": [
            "300",
            "268",
            "188",
            "368",
            "112",
            "572",
            "350",
            "88",
            "507",
            "327",
            "196",
            "252",
            "389",
            "386",
            "516",
            "410",
            "591",
            "525",
            "116",
            "469",
            "170",
            "193",
            "177",
            "240",
            "394",
            "312",
            "356",
            "454",
            "436",
            "343",
            "207",
            "179",
            "225",
            "518",
            "63",
            "241",
            "415",
            "35",
            "295",
            "8",
            "37",
            "382",
            "299",
            "364",
            "25",
            "13",
            "381",
            "347",
            "375",
            "362",
            "408",
            "428",
            "124",
            "504",
            "212",
            "233",
            "482",
            "563"
        ],