{
    "Instance": "planar600_G2",
    "Objective": 50.98531175364076,
    "Infeasibility": 0.0,
    "Starting Time": 1692437353.5698216,
    "Time Taken": 178.37745070457458,
    "Initialization Time": 1.2379965782165527,
    "nrEliteSolutions": 20,
    "i_max": 500,
    "nrDistricts": 10,
    "delta": 0.05,
    "llambda": 0.7,
    "rcl_parameter": 0.3,
    "Allocation": {
        "0": [
            "259",
            "251",
            "471",
            "112",
            "343",
            "416",
            "377",
            "137",
            "513",
            "455",
            "53",
            "473",
            "385",
            "571",
            "142",
            "204",
            "462",
            "430",
            "189",
            "484",
            "75",
            "558",
            "353",
            "418",
            "59",
            "358",
            "183",
            "62",
            "60",
            "535",
            "86",
            "435",
            "487",
            "420",
            "519",
            "355",
            "260",
            "70",
            "584",
            "506",
            "35",
            "261",
            "520",
            "477",
            "454",
            "212",
            "104",
            "391",
            "116",
            "166",
            "480",
            "413",
            "407",
            "58",
            "559",
            "167",
            "7",
            "50",
            "436",
            "237",
            "339",
            "564"
        ],
        "1": [
            "69",
            "8",
            "449",
            "557",
            "130",
            "380",
            "222",
            "433",
            "588",
            "280",
            "474",
            "89",
            "32",
            "194",
            "207",
            "198",
            "3",
            "79",
            "254",
            "263",
            "320",
            "315",
            "538",
            "547",
            "257",
            "443",
            "410",
            "4",
            "265",
            "560",
            "479",
            "105",
            "419",
            "0",
            "37",
            "486",
            "294",
            "532",
            "2",
            "245",
            "188",
            "236",
            "43",
            "346",
            "213",
            "206",
            "464",
            "173",
            "174",
            "321",
            "470",
            "152",
            "161",
            "388",
            "63",
            "19",
            "469"
        ],
        "2": [
            "375",
            "476",
            "158",
            "299",
            "505",
            "361",
            "117",
            "239",
            "319",
            "373",
            "442",
            "17",
            "224",
            "240",
            "252",
            "283",
            "400",
            "234",
            "472",
            "403",
            "131",
            "457",
            "284",
            "574",
            "98",
            "599",
            "109",
            "366",
            "18",
            "144",
            "297",
            "247",
            "300",
            "357",
            "243",
            "541",
            "393",
            "543",
            "329",
            "485",
            "26",
            "185",
            "49",
            "368",
            "406",
            "230",
            "365",
            "595",
            "367",
            "242",
            "394",
            "491",
            "52",
            "216",
            "308",
            "310",
            "268",
            "544",
            "490",
            "378"
        ],
        "3": [
            "42",
            "429",
            "495",
            "351",
            "502",
            "91",
            "14",
            "150",
            "348",
            "61",
            "316",
            "306",
            "409",
            "205",
            "566",
            "190",
            "275",
            "499",
            "67",
            "141",
            "582",
            "202",
            "387",
            "428",
            "163",
            "96",
            "165",
            "463",
            "176",
            "390",
            "246",
            "172",
            "324",
            "282",
            "303",
            "143",
            "281",
            "178",
            "74",
            "231",
            "225",
            "73",
            "493",
            "578",
            "302",
            "226",
            "459",
            "228",
            "9",
            "598",
            "51",
            "384",
            "379",
            "412",
            "201",
            "120",
            "445",
            "64",
            "122"
        ],
        "4": [
            "590",
            "273",
            "554",
            "336",
            "518",
            "496",
            "552",
            "148",
            "48",
            "30",
            "481",
            "585",
            "572",
            "85",
            "147",
            "16",
            "509",
            "90",
            "125",
            "325",
            "138",
            "550",
            "334",
            "33",
            "597",
            "314",
            "15",
            "200",
            "291",
            "47",
            "108",
            "364",
            "359",
            "492",
            "31",
            "423",
            "312",
            "221",
            "596",
            "330",
            "208",
            "88",
            "521",
            "209",
            "5",
            "81",
            "36",
            "362",
            "562",
            "249",
            "399",
            "342",
            "181",
            "522",
            "425",
            "25",
            "121",
            "350",
            "593"
        ],
        "5": [
            "295",
            "193",
            "579",
            "341",
            "28",
            "21",
            "372",
            "40",
            "179",
            "229",
            "354",
            "382",
            "123",
            "12",
            "126",
            "82",
            "134",
            "498",
            "402",
            "563",
            "444",
            "575",
            "431",
            "404",
            "427",
            "46",
            "151",
            "488",
            "570",
            "489",
            "539",
            "363",
            "512",
            "461",
            "501",
            "195",
            "13",
            "514",
            "511",
            "124",
            "248",
            "68",
            "583",
            "277",
            "577",
            "581",
            "467",
            "534",
            "301",
            "381",
            "54",
            "337",
            "286",
            "255",
            "180",
            "250",
            "101",
            "432",
            "293",
            "149",
            "287",
            "555",
            "274"
        ],