{
    "Instance": "planar700_G11",
    "Objective": 48.23077952431824,
    "Infeasibility": 0.007726336106427616,
    "Starting Time": 1711832718.3637936,
    "Time Taken": 203.12471389770508,
    "Initialization Time": 1.6779389381408691,
    "nrEliteSolutions": 20,
    "i_max": 500,
    "nrDistricts": 10,
    "delta": 0.05,
    "llambda": 0.7,
    "rcl_parameter": 0.3,
    "Allocation": {
        "0": [
            "479",
            "227",
            "536",
            "59",
            "534",
            "679",
            "16",
            "283",
            "106",
            "391",
            "224",
            "31",
            "514",
            "402",
            "636",
            "630",
            "467",
            "579",
            "317",
            "407",
            "138",
            "389",
            "346",
            "209",
            "356",
            "491",
            "611",
            "345",
            "301",
            "6",
            "266",
            "272",
            "498",
            "434",
            "39",
            "539",
            "45",
            "73",
            "653",
            "573",
            "665",
            "395",
            "258",
            "109",
            "492",
            "595",
            "114",
            "421",
            "524",
            "196",
            "295",
            "225",
            "435",
            "417",
            "102",
            "373",
            "126",
            "427",
            "493",
            "376",
            "101",
            "392",
            "591",
            "442",
            "543",
            "28",
            "629",
            "603",
            "640",
            "107"
        ],
        "1": [
            "597",
            "364",
            "521",
            "232",
            "275",
            "480",
            "184",
            "25",
            "668",
            "623",
            "330",
            "265",
            "35",
            "271",
            "462",
            "449",
            "548",
            "238",
            "610",
            "471",
            "326",
            "192",
            "325",
            "284",
            "580",
            "193",
            "210",
            "656",
            "302",
            "576",
            "127",
            "544",
            "52",
            "56",
            "47",
            "497",
            "645",
            "396",
            "530",
            "322",
            "652",
            "365",
            "250",
            "27",
            "20",
            "363",
            "379",
            "135",
            "558",
            "441",
            "549",
            "75",
            "267",
            "476",
            "551",
            "281",
            "350",
            "359",
            "362",
            "547",
            "311",
            "429",
            "212",
            "82",
            "86",
            "175",
            "535",
            "299",
            "279",
            "516",
            "618",
            "153"
        ],
        "2": [
            "512",
            "336",
            "92",
            "541",
            "592",
            "242",
            "457",
            "523",
            "254",
            "489",
            "62",
            "409",
            "614",
            "17",
            "277",
            "245",
            "64",
            "183",
            "53",
            "19",
            "468",
            "352",
            "440",
            "560",
            "150",
            "290",
            "381",
            "307",
            "394",
            "531",
            "627",
            "445",
            "285",
            "499",
            "280",
            "249",
            "194",
            "9",
            "269",
            "450",
            "550",
            "663",
            "355",
            "529",
            "572",
            "678",
            "388",
            "564",
            "160",
            "141",
            "463",
            "485",
            "681",
            "149",
            "170",
            "649",
            "393",
            "58",
            "161",
            "619",
            "513",
            "292",
            "233",
            "293",
            "159",
            "413",
            "36",
            "0",
            "98",
            "675",
            "626"
        ],
        "3": [
            "465",
            "90",
            "654",
            "584",
            "319",
            "215",
            "118",
            "136",
            "274",
            "112",
            "360",
            "554",
            "195",
            "142",
            "110",
            "490",
            "145",
            "18",
            "625",
            "680",
            "243",
            "131",
            "418",
            "331",
            "617",
            "658",
            "643",
            "698",
            "375",
            "146",
            "115",
            "401",
            "185",
            "424",
            "143",
            "1",
            "15",
            "343",
            "605",
            "622",
            "383",
            "661",
            "528",
            "66",
            "430",
            "403",
            "223",
            "29",
            "339",
            "94",
            "639",
            "598",
            "108",
            "641",
            "669",
            "231",
            "327",
            "234",
            "398",
            "218",
            "40",
            "385",
            "382",
            "3",
            "478",
            "228"
        ],
        "4": [
            "695",
            "125",
            "79",
            "178",
            "158",
            "487",
            "320",
            "557",
            "239",
            "470",
            "273",
            "289",
            "578",
            "367",
            "54",
            "354",
            "180",
            "321",
            "664",
            "191",
            "69",
            "458",
            "689",
            "206",
            "240",
            "423",
            "452",
            "606",
            "257",
            "324",
            "241",
            "357",
            "545",
            "378",
            "50",
            "571",
            "475",
            "651",
            "488",
            "577",
            "464",
            "425",
            "256",
            "633",
            "397",
            "411",
            "342",
            "635",
            "316",
            "30",
            "235",
            "372",
            "692",
            "410",
            "632",
            "70",
            "437",
            "83",
            "268",
            "688",
            "608",
            "177",
            "263",
            "260",
            "377",
            "602",
            "414",
            "631",
            "120",
            "42",
            "119",
            "37",
            "567"
        ],