{
    "Instance": "planar600_G15",
    "Objective": 51.65185369955685,
    "Infeasibility": 0.0,
    "Starting Time": 1711831295.714497,
    "Time Taken": 160.70813250541687,
    "Initialization Time": 1.1325488090515137,
    "nrEliteSolutions": 20,
    "i_max": 500,
    "nrDistricts": 10,
    "delta": 0.05,
    "llambda": 0.7,
    "rcl_parameter": 0.3,
    "Allocation": {
        "0": [
            "432",
            "524",
            "279",
            "520",
            "329",
            "132",
            "506",
            "409",
            "539",
            "135",
            "300",
            "40",
            "190",
            "172",
            "459",
            "179",
            "296",
            "531",
            "79",
            "116",
            "64",
            "579",
            "92",
            "31",
            "238",
            "493",
            "177",
            "171",
            "241",
            "81",
            "336",
            "0",
            "259",
            "75",
            "67",
            "16",
            "63",
            "470",
            "460",
            "82",
            "308",
            "346",
            "397",
            "292",
            "354",
            "165",
            "74",
            "576",
            "592",
            "294",
            "85",
            "461",
            "203",
            "441",
            "42",
            "577",
            "288"
        ],
        "1": [
            "406",
            "269",
            "569",
            "427",
            "196",
            "540",
            "195",
            "350",
            "389",
            "326",
            "399",
            "325",
            "549",
            "414",
            "511",
            "527",
            "483",
            "136",
            "591",
            "252",
            "131",
            "39",
            "450",
            "125",
            "150",
            "448",
            "191",
            "410",
            "151",
            "66",
            "595",
            "487",
            "426",
            "404",
            "455",
            "357",
            "144",
            "368",
            "484",
            "401",
            "301",
            "473",
            "522",
            "2",
            "514",
            "189",
            "496",
            "475",
            "34",
            "123",
            "327",
            "268",
            "254",
            "25",
            "45",
            "405",
            "192",
            "415",
            "121",
            "499",
            "320",
            "73"
        ],
        "2": [
            "275",
            "187",
            "250",
            "65",
            "526",
            "111",
            "7",
            "309",
            "146",
            "467",
            "13",
            "100",
            "413",
            "444",
            "26",
            "319",
            "141",
            "557",
            "561",
            "231",
            "224",
            "420",
            "27",
            "37",
            "313",
            "447",
            "568",
            "550",
            "278",
            "255",
            "243",
            "306",
            "412",
            "103",
            "173",
            "158",
            "502",
            "164",
            "564",
            "498",
            "570",
            "419",
            "145",
            "377",
            "168",
            "267",
            "105",
            "49",
            "562",
            "102",
            "599",
            "159",
            "536",
            "137",
            "442",
            "18",
            "510",
            "120",
            "457",
            "274"
        ],
        "3": [
            "453",
            "584",
            "513",
            "117",
            "367",
            "148",
            "318",
            "262",
            "321",
            "517",
            "541",
            "554",
            "529",
            "54",
            "534",
            "394",
            "217",
            "264",
            "142",
            "154",
            "574",
            "35",
            "180",
            "535",
            "6",
            "593",
            "369",
            "359",
            "1",
            "491",
            "362",
            "465",
            "209",
            "178",
            "32",
            "512",
            "149",
            "272",
            "545",
            "87",
            "156",
            "402",
            "587",
            "485",
            "10",
            "537",
            "122",
            "134",
            "366",
            "36",
            "331",
            "235",
            "500",
            "315",
            "355",
            "247",
            "523",
            "297",
            "497",
            "302",
            "440",
            "44"
        ],
        "4": [
            "431",
            "143",
            "322",
            "430",
            "434",
            "101",
            "88",
            "560",
            "110",
            "253",
            "418",
            "212",
            "565",
            "15",
            "365",
            "578",
            "56",
            "227",
            "175",
            "237",
            "169",
            "265",
            "290",
            "163",
            "553",
            "80",
            "60",
            "590",
            "89",
            "257",
            "339",
            "486",
            "53",
            "236",
            "566",
            "471",
            "555",
            "436",
            "305",
            "161",
            "197",
            "488",
            "474",
            "353",
            "411",
            "258",
            "422",
            "594",
            "508",
            "113",
            "38",
            "51",
            "521",
            "295",
            "489",
            "194",
            "317",
            "316",
            "129",
            "55",
            "108",
            "538",
            "98",
            "352"
        ],
        "5": [
            "323",
            "139",
            "398",
            "312",
            "472",
            "219",
            "439",
            "222",
            "48",
            "380",
            "276",
            "57",
            "239",
            "83",
            "403",
            "207",
            "378",
            "246",
            "61",
            "558",
            "99",
            "533",
            "356",
            "226",
            "68",
            "443",
            "3",
            "364",
            "548",
            "456",
            "287",
            "93",
            "482",
            "516",
            "530",
            "43",
            "128",
            "333",
            "580",
            "12",
            "198",
            "234",
            "261",
            "335",
            "33",
            "157",
            "556",
            "348",
            "182",
            "466",
            "186",
            "503",
            "518",
            "371",
            "162",
            "476"
        ],