{
    "Instance": "planar600_G27",
    "Objective": 49.908481215651406,
    "Infeasibility": 0.017050912392328702,
    "Starting Time": 1711833417.7136018,
    "Time Taken": 160.19579362869263,
    "Initialization Time": 1.200033187866211,
    "nrEliteSolutions": 20,
    "i_max": 500,
    "nrDistricts": 10,
    "delta": 0.05,
    "llambda": 0.7,
    "rcl_parameter": 0.3,
    "Allocation": {
        "0": [
            "526",
            "221",
            "466",
            "385",
            "593",
            "507",
            "392",
            "296",
            "323",
            "177",
            "120",
            "161",
            "458",
            "174",
            "579",
            "253",
            "115",
            "236",
            "176",
            "43",
            "485",
            "180",
            "325",
            "76",
            "370",
            "498",
            "67",
            "300",
            "51",
            "402",
            "263",
            "126",
            "68",
            "289",
            "129",
            "562",
            "77",
            "119",
            "479",
            "278",
            "401",
            "165",
            "73",
            "586",
            "379",
            "309",
            "47",
            "272",
            "240",
            "329",
            "228",
            "343",
            "4",
            "163",
            "589",
            "474",
            "567",
            "294",
            "187",
            "92",
            "396"
        ],
        "1": [
            "208",
            "35",
            "149",
            "472",
            "181",
            "249",
            "5",
            "369",
            "141",
            "169",
            "348",
            "527",
            "158",
            "367",
            "492",
            "233",
            "333",
            "298",
            "398",
            "376",
            "11",
            "361",
            "183",
            "490",
            "314",
            "271",
            "223",
            "137",
            "307",
            "525",
            "375",
            "418",
            "573",
            "83",
            "254",
            "303",
            "188",
            "566",
            "489",
            "463",
            "423",
            "468",
            "482",
            "464",
            "512",
            "7",
            "386",
            "255",
            "133",
            "535",
            "156",
            "205",
            "264",
            "193",
            "334",
            "459",
            "494",
            "483",
            "596",
            "487",
            "447"
        ],
        "2": [
            "130",
            "147",
            "582",
            "237",
            "419",
            "553",
            "40",
            "591",
            "268",
            "121",
            "197",
            "124",
            "160",
            "416",
            "528",
            "101",
            "438",
            "382",
            "93",
            "36",
            "45",
            "154",
            "190",
            "54",
            "64",
            "291",
            "62",
            "70",
            "399",
            "125",
            "37",
            "561",
            "435",
            "275",
            "65",
            "344",
            "518",
            "184",
            "216",
            "347",
            "59",
            "214",
            "598",
            "595",
            "99",
            "261",
            "238",
            "467",
            "30",
            "41",
            "405",
            "145",
            "437",
            "413",
            "541",
            "78",
            "50",
            "135",
            "537",
            "234",
            "26",
            "170"
        ],
        "3": [
            "143",
            "10",
            "15",
            "341",
            "39",
            "548",
            "111",
            "293",
            "320",
            "430",
            "225",
            "12",
            "538",
            "484",
            "576",
            "74",
            "179",
            "393",
            "167",
            "257",
            "451",
            "559",
            "60",
            "440",
            "349",
            "332",
            "66",
            "389",
            "322",
            "304",
            "88",
            "542",
            "531",
            "403",
            "192",
            "235",
            "395",
            "96",
            "162",
            "260",
            "127",
            "578",
            "21",
            "104",
            "599",
            "80",
            "497",
            "195",
            "292",
            "146",
            "432",
            "373",
            "355",
            "565",
            "285",
            "136",
            "577",
            "277",
            "75",
            "408"
        ],
        "4": [
            "247",
            "280",
            "242",
            "478",
            "245",
            "123",
            "411",
            "470",
            "356",
            "545",
            "23",
            "134",
            "91",
            "530",
            "563",
            "581",
            "6",
            "327",
            "52",
            "534",
            "415",
            "308",
            "446",
            "148",
            "427",
            "103",
            "207",
            "159",
            "200",
            "378",
            "442",
            "431",
            "256",
            "222",
            "452",
            "122",
            "224",
            "522",
            "477",
            "287",
            "107",
            "168",
            "203",
            "229",
            "331",
            "316",
            "400",
            "302",
            "128",
            "288",
            "469",
            "58",
            "540",
            "89",
            "521",
            "1",
            "116",
            "196",
            "592"
        ],
        "5": [
            "564",
            "481",
            "213",
            "31",
            "390",
            "371",
            "575",
            "502",
            "425",
            "299",
            "476",
            "335",
            "326",
            "152",
            "357",
            "513",
            "588",
            "465",
            "279",
            "226",
            "100",
            "536",
            "550",
            "186",
            "118",
            "310",
            "191",
            "397",
            "227",
            "266",
            "346",
            "500",
            "85",
            "568",
            "86",
            "342",
            "19",
            "337",
            "14",
            "42",
            "81",
            "448",
            "204",
            "532",
            "17",
            "243",
            "524",
            "433",
            "461",
            "454",
            "153",
            "475",
            "71",
            "114",
            "164",
            "63",
            "426",
            "374",
            "290"
        ],