{
    "Instance": "planar700_G17",
    "Objective": 47.836703017129636,
    "Infeasibility": 0.011370771047550104,
    "Starting Time": 1711831947.9904919,
    "Time Taken": 203.92594075202942,
    "Initialization Time": 1.6835198402404785,
    "nrEliteSolutions": 20,
    "i_max": 500,
    "nrDistricts": 10,
    "delta": 0.05,
    "llambda": 0.7,
    "rcl_parameter": 0.3,
    "Allocation": {
        "0": [
            "268",
            "463",
            "526",
            "6",
            "59",
            "71",
            "616",
            "291",
            "308",
            "244",
            "366",
            "193",
            "633",
            "8",
            "691",
            "420",
            "270",
            "520",
            "209",
            "594",
            "446",
            "547",
            "272",
            "566",
            "92",
            "501",
            "608",
            "284",
            "349",
            "651",
            "494",
            "263",
            "134",
            "195",
            "155",
            "574",
            "44",
            "252",
            "114",
            "617",
            "543",
            "693",
            "476",
            "192",
            "333",
            "562",
            "179",
            "576",
            "215",
            "43",
            "362",
            "663",
            "454",
            "99",
            "199",
            "320",
            "185",
            "110",
            "397",
            "269",
            "512",
            "417",
            "86",
            "347",
            "232",
            "0",
            "282",
            "28",
            "351",
            "449",
            "636",
            "438"
        ],
        "1": [
            "509",
            "61",
            "174",
            "379",
            "690",
            "322",
            "350",
            "689",
            "604",
            "206",
            "557",
            "607",
            "343",
            "588",
            "400",
            "409",
            "248",
            "368",
            "144",
            "228",
            "448",
            "474",
            "665",
            "17",
            "492",
            "312",
            "473",
            "316",
            "76",
            "111",
            "500",
            "107",
            "506",
            "624",
            "609",
            "259",
            "23",
            "109",
            "412",
            "19",
            "202",
            "418",
            "305",
            "42",
            "622",
            "250",
            "407",
            "620",
            "530",
            "470",
            "201",
            "502",
            "610",
            "159",
            "550",
            "669",
            "411",
            "381",
            "9",
            "149",
            "311",
            "668",
            "50",
            "142",
            "346",
            "173",
            "339",
            "601",
            "129",
            "196",
            "57"
        ],
        "2": [
            "219",
            "301",
            "535",
            "513",
            "687",
            "153",
            "20",
            "194",
            "399",
            "223",
            "533",
            "115",
            "602",
            "292",
            "692",
            "629",
            "298",
            "356",
            "487",
            "440",
            "451",
            "654",
            "564",
            "428",
            "335",
            "332",
            "546",
            "53",
            "171",
            "382",
            "386",
            "619",
            "628",
            "32",
            "553",
            "340",
            "241",
            "295",
            "551",
            "113",
            "116",
            "210",
            "579",
            "88",
            "358",
            "524",
            "666",
            "401",
            "359",
            "264",
            "571",
            "26",
            "141",
            "388",
            "101",
            "523",
            "93",
            "646",
            "585",
            "208",
            "267",
            "658",
            "518",
            "220",
            "426",
            "315",
            "675",
            "98",
            "163",
            "103",
            "207"
        ],
        "3": [
            "231",
            "488",
            "31",
            "584",
            "200",
            "197",
            "479",
            "498",
            "459",
            "314",
            "573",
            "567",
            "634",
            "649",
            "577",
            "216",
            "150",
            "408",
            "595",
            "495",
            "477",
            "234",
            "236",
            "561",
            "96",
            "555",
            "326",
            "135",
            "313",
            "554",
            "475",
            "125",
            "378",
            "222",
            "14",
            "303",
            "467",
            "394",
            "396",
            "186",
            "390",
            "75",
            "167",
            "532",
            "100",
            "204",
            "528",
            "565",
            "353",
            "625",
            "589",
            "29",
            "558",
            "342",
            "485",
            "406",
            "3",
            "128",
            "600",
            "49",
            "676",
            "33",
            "21",
            "78",
            "560",
            "505",
            "431",
            "239"
        ],
        "4": [
            "503",
            "618",
            "621",
            "274",
            "432",
            "614",
            "613",
            "559",
            "661",
            "352",
            "583",
            "685",
            "598",
            "369",
            "118",
            "63",
            "456",
            "538",
            "169",
            "74",
            "514",
            "662",
            "321",
            "552",
            "568",
            "297",
            "30",
            "682",
            "436",
            "345",
            "90",
            "644",
            "184",
            "413",
            "496",
            "158",
            "166",
            "465",
            "536",
            "647",
            "258",
            "227",
            "165",
            "452",
            "277",
            "39",
            "162",
            "151",
            "180",
            "486",
            "341",
            "539",
            "188",
            "402",
            "300",
            "540",
            "331",
            "247",
            "51",
            "549",
            "697",
            "172",
            "281",
            "645",
            "455",
            "183",
            "325",
            "262",
            "679",
            "112"
        ],