{
    "Instance": "planar500_G14",
    "Objective": 55.57211079081668,
    "Infeasibility": 0.004852713756031965,
    "Starting Time": 1711832763.7739215,
    "Time Taken": 123.57605600357056,
    "Initialization Time": 0.8386151790618896,
    "nrEliteSolutions": 20,
    "i_max": 500,
    "nrDistricts": 10,
    "delta": 0.05,
    "llambda": 0.7,
    "rcl_parameter": 0.3,
    "Allocation": {
        "0": [
            "132",
            "114",
            "238",
            "172",
            "232",
            "235",
            "156",
            "390",
            "415",
            "411",
            "297",
            "326",
            "157",
            "193",
            "119",
            "185",
            "423",
            "393",
            "236",
            "81",
            "26",
            "36",
            "399",
            "320",
            "322",
            "80",
            "289",
            "409",
            "348",
            "441",
            "33",
            "367",
            "284",
            "440",
            "323",
            "212",
            "295",
            "481",
            "318",
            "213",
            "375",
            "162",
            "2",
            "350",
            "291",
            "209",
            "216",
            "479",
            "34",
            "387",
            "227"
        ],
        "1": [
            "458",
            "276",
            "403",
            "233",
            "154",
            "57",
            "319",
            "398",
            "450",
            "412",
            "176",
            "67",
            "308",
            "66",
            "231",
            "487",
            "150",
            "461",
            "29",
            "470",
            "345",
            "464",
            "102",
            "161",
            "290",
            "48",
            "135",
            "122",
            "454",
            "163",
            "343",
            "82",
            "282",
            "258",
            "223",
            "173",
            "210",
            "239",
            "51",
            "489",
            "214",
            "368",
            "373",
            "191",
            "137",
            "240",
            "294",
            "363"
        ],
        "2": [
            "61",
            "95",
            "72",
            "272",
            "110",
            "84",
            "196",
            "40",
            "140",
            "144",
            "187",
            "467",
            "129",
            "54",
            "493",
            "364",
            "332",
            "465",
            "395",
            "167",
            "60",
            "38",
            "228",
            "255",
            "42",
            "358",
            "419",
            "380",
            "71",
            "330",
            "434",
            "149",
            "433",
            "497",
            "47",
            "288",
            "492",
            "246",
            "180",
            "300",
            "482",
            "281",
            "174",
            "75",
            "436",
            "251",
            "386",
            "459",
            "354",
            "89",
            "370"
        ],
        "3": [
            "453",
            "376",
            "451",
            "383",
            "24",
            "445",
            "219",
            "249",
            "169",
            "344",
            "1",
            "123",
            "226",
            "211",
            "77",
            "111",
            "166",
            "327",
            "105",
            "416",
            "12",
            "86",
            "337",
            "120",
            "83",
            "312",
            "456",
            "466",
            "490",
            "195",
            "9",
            "408",
            "21",
            "59",
            "273",
            "107",
            "93",
            "302",
            "126",
            "372",
            "133",
            "427",
            "463",
            "457",
            "421",
            "218",
            "438",
            "422",
            "462",
            "103",
            "165"
        ],
        "4": [
            "253",
            "17",
            "425",
            "303",
            "68",
            "234",
            "278",
            "164",
            "299",
            "385",
            "203",
            "442",
            "43",
            "101",
            "124",
            "279",
            "341",
            "168",
            "0",
            "62",
            "121",
            "499",
            "400",
            "206",
            "37",
            "70",
            "243",
            "90",
            "306",
            "381",
            "104",
            "205",
            "259",
            "310",
            "430",
            "394",
            "338",
            "469",
            "379",
            "321",
            "18",
            "401",
            "225",
            "309",
            "247",
            "76",
            "45",
            "264",
            "23",
            "7",
            "44",
            "202"
        ],
        "5": [
            "78",
            "324",
            "15",
            "30",
            "351",
            "91",
            "221",
            "356",
            "183",
            "64",
            "484",
            "27",
            "405",
            "334",
            "208",
            "85",
            "301",
            "113",
            "25",
            "14",
            "204",
            "377",
            "280",
            "328",
            "488",
            "186",
            "485",
            "139",
            "106",
            "53",
            "237",
            "178",
            "182",
            "220",
            "480",
            "222",
            "391",
            "304",
            "215",
            "145",
            "158",
            "244",
            "315",
            "49",
            "460",
            "374",
            "46",
            "263",
            "388",
            "353",
            "296"
        ],
        "6": [
            "146",
            "361",
            "362",
            "58",
            "39",
            "109",
            "97",
            "115",
            "478",
            "28",
            "171",
            "366",
            "142",
            "307",
            "260",
            "245",
            "352",
            "360",
            "267",
            "100",
            "56",
            "147",
            "127",
            "19",
            "5",
            "10",
            "159",
            "96",
            "392",
            "175",
            "4",
            "254",
            "357",
            "347",
            "117",
            "316",
            "6",
            "491",
            "230",
            "298",
            "410",
            "179",
            "446",
            "55",
            "134",
            "428",
            "189"
        ],