{
    "Instance": "planar700_G14",
    "Objective": 51.32759354100688,
    "Infeasibility": 0.0,
    "Starting Time": 1711833416.4654813,
    "Time Taken": 204.58189821243286,
    "Initialization Time": 1.7089142799377441,
    "nrEliteSolutions": 20,
    "i_max": 500,
    "nrDistricts": 10,
    "delta": 0.05,
    "llambda": 0.7,
    "rcl_parameter": 0.3,
    "Allocation": {
        "0": [
            "539",
            "603",
            "624",
            "609",
            "307",
            "434",
            "591",
            "199",
            "359",
            "527",
            "526",
            "675",
            "678",
            "429",
            "419",
            "579",
            "677",
            "363",
            "422",
            "638",
            "493",
            "292",
            "150",
            "299",
            "321",
            "396",
            "231",
            "97",
            "489",
            "618",
            "529",
            "9",
            "369",
            "168",
            "523",
            "319",
            "123",
            "437",
            "318",
            "467",
            "485",
            "589",
            "438",
            "436",
            "346",
            "75",
            "344",
            "255",
            "12",
            "189",
            "153",
            "190",
            "117",
            "627",
            "252",
            "14",
            "481",
            "611",
            "17",
            "237",
            "328",
            "23",
            "46",
            "454",
            "411",
            "215",
            "114",
            "125"
        ],
        "1": [
            "513",
            "378",
            "450",
            "47",
            "115",
            "170",
            "34",
            "209",
            "197",
            "610",
            "659",
            "444",
            "60",
            "277",
            "515",
            "400",
            "212",
            "629",
            "693",
            "216",
            "210",
            "323",
            "408",
            "543",
            "229",
            "201",
            "144",
            "540",
            "298",
            "492",
            "233",
            "686",
            "634",
            "18",
            "89",
            "320",
            "196",
            "662",
            "389",
            "335",
            "48",
            "333",
            "0",
            "373",
            "259",
            "365",
            "477",
            "271",
            "399",
            "536",
            "304",
            "106",
            "635",
            "548",
            "535",
            "58",
            "582",
            "626",
            "107",
            "637",
            "656",
            "35",
            "84",
            "613",
            "495",
            "558",
            "65",
            "13",
            "480"
        ],
        "2": [
            "312",
            "309",
            "173",
            "584",
            "341",
            "310",
            "688",
            "505",
            "360",
            "53",
            "521",
            "525",
            "95",
            "8",
            "598",
            "50",
            "293",
            "696",
            "33",
            "392",
            "356",
            "465",
            "533",
            "619",
            "112",
            "147",
            "366",
            "578",
            "631",
            "281",
            "570",
            "303",
            "288",
            "235",
            "192",
            "587",
            "72",
            "221",
            "87",
            "175",
            "397",
            "261",
            "671",
            "154",
            "433",
            "476",
            "5",
            "27",
            "136",
            "670",
            "509",
            "565",
            "475",
            "188",
            "446",
            "572",
            "181",
            "519",
            "245",
            "15",
            "690",
            "272",
            "614",
            "11",
            "78",
            "461",
            "45",
            "472",
            "267"
        ],
        "3": [
            "459",
            "204",
            "530",
            "145",
            "503",
            "458",
            "163",
            "238",
            "169",
            "583",
            "516",
            "80",
            "198",
            "657",
            "91",
            "340",
            "16",
            "628",
            "200",
            "388",
            "122",
            "684",
            "694",
            "56",
            "669",
            "85",
            "622",
            "273",
            "104",
            "294",
            "504",
            "364",
            "330",
            "556",
            "268",
            "462",
            "28",
            "421",
            "514",
            "161",
            "351",
            "151",
            "380",
            "595",
            "398",
            "440",
            "236",
            "375",
            "242",
            "63",
            "152",
            "305",
            "19",
            "228",
            "654",
            "205",
            "185",
            "2",
            "612",
            "155",
            "129",
            "265",
            "142",
            "407",
            "487",
            "98",
            "405",
            "99",
            "674",
            "275",
            "44",
            "534"
        ],
        "4": [
            "301",
            "447",
            "29",
            "278",
            "615",
            "327",
            "355",
            "453",
            "156",
            "220",
            "466",
            "698",
            "139",
            "630",
            "386",
            "159",
            "160",
            "482",
            "358",
            "103",
            "253",
            "219",
            "468",
            "148",
            "639",
            "131",
            "313",
            "71",
            "427",
            "641",
            "441",
            "510",
            "402",
            "282",
            "222",
            "69",
            "412",
            "180",
            "348",
            "557",
            "617",
            "665",
            "26",
            "234",
            "295",
            "302",
            "134",
            "418",
            "699",
            "347",
            "316",
            "498",
            "566",
            "116",
            "551",
            "580",
            "291",
            "457",
            "249",
            "297",
            "182",
            "149",
            "334",
            "479",
            "6",
            "250",
            "667",
            "325",
            "101",
            "207",
            "195",
            "276"
        ],