{
    "Instance": "planar700_G19",
    "Objective": 53.98593324888138,
    "Infeasibility": 0.0013302875571082552,
    "Starting Time": 1711831982.3060777,
    "Time Taken": 204.19853258132935,
    "Initialization Time": 1.7136855125427246,
    "nrEliteSolutions": 20,
    "i_max": 500,
    "nrDistricts": 10,
    "delta": 0.05,
    "llambda": 0.7,
    "rcl_parameter": 0.3,
    "Allocation": {
        "0": [
            "48",
            "474",
            "131",
            "111",
            "440",
            "593",
            "591",
            "665",
            "450",
            "518",
            "561",
            "572",
            "559",
            "603",
            "297",
            "32",
            "164",
            "599",
            "485",
            "2",
            "612",
            "374",
            "504",
            "658",
            "239",
            "49",
            "430",
            "380",
            "98",
            "473",
            "638",
            "436",
            "382",
            "465",
            "254",
            "407",
            "588",
            "396",
            "352",
            "229",
            "225",
            "410",
            "246",
            "633",
            "478",
            "431",
            "359",
            "66",
            "191",
            "335",
            "290",
            "130",
            "44",
            "553",
            "110",
            "613",
            "231",
            "177",
            "574",
            "296",
            "129",
            "516",
            "563",
            "269",
            "675",
            "657",
            "184",
            "624",
            "347",
            "39",
            "391",
            "221",
            "386",
            "463",
            "426",
            "447"
        ],
        "1": [
            "601",
            "483",
            "598",
            "671",
            "589",
            "421",
            "549",
            "235",
            "454",
            "434",
            "19",
            "515",
            "666",
            "435",
            "630",
            "334",
            "142",
            "107",
            "667",
            "619",
            "226",
            "464",
            "78",
            "224",
            "17",
            "60",
            "83",
            "133",
            "46",
            "124",
            "590",
            "552",
            "316",
            "120",
            "528",
            "523",
            "394",
            "68",
            "93",
            "328",
            "640",
            "253",
            "172",
            "375",
            "648",
            "621",
            "499",
            "565",
            "167",
            "403",
            "439",
            "354",
            "236",
            "584",
            "579",
            "52",
            "144",
            "304",
            "378",
            "283",
            "266",
            "99",
            "112",
            "152",
            "338",
            "115",
            "106",
            "102"
        ],
        "2": [
            "562",
            "490",
            "573",
            "622",
            "614",
            "190",
            "409",
            "351",
            "681",
            "356",
            "65",
            "140",
            "689",
            "585",
            "691",
            "201",
            "479",
            "344",
            "623",
            "505",
            "315",
            "604",
            "456",
            "576",
            "173",
            "529",
            "299",
            "73",
            "74",
            "639",
            "86",
            "626",
            "541",
            "250",
            "282",
            "79",
            "680",
            "628",
            "25",
            "404",
            "85",
            "543",
            "188",
            "581",
            "56",
            "22",
            "582",
            "656",
            "645",
            "137",
            "451",
            "258",
            "159",
            "458",
            "442",
            "406",
            "540",
            "227",
            "459",
            "422",
            "370",
            "95",
            "414",
            "134",
            "455",
            "198",
            "262",
            "72",
            "632",
            "300",
            "94",
            "481"
        ],
        "3": [
            "496",
            "1",
            "583",
            "449",
            "114",
            "497",
            "330",
            "362",
            "340",
            "592",
            "697",
            "346",
            "53",
            "676",
            "596",
            "20",
            "101",
            "445",
            "104",
            "293",
            "424",
            "179",
            "399",
            "482",
            "369",
            "361",
            "123",
            "569",
            "336",
            "289",
            "8",
            "270",
            "145",
            "670",
            "568",
            "546",
            "659",
            "532",
            "218",
            "539",
            "649",
            "698",
            "302",
            "668",
            "4",
            "636",
            "420",
            "467",
            "349",
            "31",
            "181",
            "415",
            "149",
            "477",
            "325",
            "136",
            "567",
            "448",
            "233",
            "180",
            "637",
            "699",
            "196",
            "27",
            "40",
            "631",
            "247",
            "207",
            "684"
        ],
        "4": [
            "634",
            "132",
            "0",
            "594",
            "446",
            "547",
            "468",
            "243",
            "92",
            "488",
            "15",
            "213",
            "408",
            "605",
            "555",
            "538",
            "507",
            "34",
            "472",
            "265",
            "660",
            "70",
            "646",
            "615",
            "138",
            "358",
            "280",
            "578",
            "67",
            "146",
            "531",
            "429",
            "556",
            "259",
            "372",
            "685",
            "608",
            "693",
            "525",
            "558",
            "402",
            "143",
            "210",
            "644",
            "587",
            "586",
            "387",
            "158",
            "365",
            "222",
            "484",
            "501",
            "6",
            "244",
            "118",
            "274",
            "364",
            "544",
            "292",
            "310",
            "324",
            "117",
            "602",
            "122",
            "308",
            "126",
            "176"
        ],