{
    "Instance": "planar500_G8",
    "Objective": 47.47720611124021,
    "Infeasibility": 0.016049001959212546,
    "Starting Time": 1692437135.3360748,
    "Time Taken": 137.39502382278442,
    "Initialization Time": 0.8424959182739258,
    "nrEliteSolutions": 20,
    "i_max": 500,
    "nrDistricts": 10,
    "delta": 0.05,
    "llambda": 0.7,
    "rcl_parameter": 0.3,
    "Allocation": {
        "0": [
            "43",
            "153",
            "488",
            "75",
            "291",
            "246",
            "491",
            "53",
            "33",
            "458",
            "130",
            "243",
            "343",
            "17",
            "337",
            "120",
            "487",
            "455",
            "433",
            "387",
            "388",
            "273",
            "324",
            "472",
            "83",
            "434",
            "489",
            "14",
            "57",
            "371",
            "480",
            "352",
            "430",
            "137",
            "256",
            "290",
            "190",
            "329",
            "99",
            "336",
            "118",
            "101",
            "41",
            "477",
            "432",
            "406",
            "396",
            "199",
            "393",
            "90",
            "239"
        ],
        "1": [
            "253",
            "113",
            "102",
            "100",
            "385",
            "84",
            "280",
            "18",
            "443",
            "397",
            "237",
            "56",
            "354",
            "483",
            "157",
            "10",
            "490",
            "485",
            "88",
            "446",
            "496",
            "431",
            "382",
            "473",
            "76",
            "258",
            "494",
            "326",
            "332",
            "377",
            "147",
            "148",
            "404",
            "301",
            "142",
            "34",
            "40",
            "210",
            "15",
            "386",
            "131",
            "22",
            "108",
            "235",
            "238",
            "224",
            "310",
            "208",
            "339",
            "47"
        ],
        "2": [
            "364",
            "39",
            "13",
            "5",
            "469",
            "335",
            "286",
            "439",
            "289",
            "64",
            "115",
            "370",
            "168",
            "316",
            "296",
            "478",
            "163",
            "391",
            "0",
            "174",
            "462",
            "413",
            "495",
            "96",
            "222",
            "158",
            "340",
            "255",
            "48",
            "438",
            "476",
            "201",
            "197",
            "46",
            "493",
            "426",
            "318",
            "138",
            "270",
            "441",
            "37",
            "486",
            "349",
            "381",
            "123",
            "11",
            "294",
            "160",
            "357",
            "379",
            "380",
            "127",
            "103",
            "383"
        ],
        "3": [
            "268",
            "182",
            "442",
            "140",
            "345",
            "428",
            "94",
            "73",
            "417",
            "448",
            "171",
            "42",
            "351",
            "21",
            "366",
            "121",
            "213",
            "240",
            "172",
            "170",
            "207",
            "257",
            "315",
            "106",
            "461",
            "287",
            "292",
            "28",
            "360",
            "475",
            "195",
            "460",
            "12",
            "498",
            "274",
            "468",
            "110",
            "368",
            "30",
            "429",
            "111",
            "59",
            "32",
            "79",
            "192",
            "188",
            "305",
            "136",
            "453",
            "320",
            "450"
        ],
        "4": [
            "355",
            "236",
            "409",
            "71",
            "69",
            "465",
            "400",
            "372",
            "217",
            "247",
            "464",
            "423",
            "402",
            "279",
            "403",
            "269",
            "392",
            "200",
            "459",
            "133",
            "499",
            "193",
            "132",
            "183",
            "267",
            "467",
            "447",
            "169",
            "248",
            "338",
            "298",
            "51",
            "70",
            "412",
            "35",
            "378",
            "327",
            "167",
            "203",
            "82",
            "81",
            "209",
            "119",
            "334",
            "312",
            "399",
            "435",
            "134"
        ],
        "5": [
            "407",
            "165",
            "342",
            "299",
            "20",
            "344",
            "323",
            "405",
            "219",
            "162",
            "356",
            "68",
            "362",
            "307",
            "186",
            "25",
            "180",
            "234",
            "211",
            "8",
            "367",
            "104",
            "437",
            "23",
            "425",
            "244",
            "67",
            "419",
            "308",
            "151",
            "282",
            "251",
            "38",
            "27",
            "212",
            "414",
            "166",
            "50",
            "124",
            "319",
            "107",
            "61",
            "227",
            "19",
            "303",
            "281",
            "304",
            "226",
            "249"
        ],
        "6": [
            "424",
            "85",
            "187",
            "369",
            "288",
            "260",
            "150",
            "4",
            "159",
            "322",
            "314",
            "271",
            "284",
            "331",
            "261",
            "474",
            "175",
            "259",
            "479",
            "233",
            "92",
            "427",
            "361",
            "191",
            "348",
            "66",
            "300",
            "390",
            "245",
            "232",
            "471",
            "122",
            "6",
            "347",
            "45",
            "205",
            "49",
            "156",
            "353",
            "135",
            "181",
            "29",
            "109",
            "77",
            "389",
            "178",
            "276",
            "230"
        ],