{
    "Instance": "planar500_G21",
    "Objective": 54.724865711117154,
    "Infeasibility": 0.0,
    "Starting Time": 1711832471.0912836,
    "Time Taken": 123.70547342300415,
    "Initialization Time": 0.8184340000152588,
    "nrEliteSolutions": 20,
    "i_max": 500,
    "nrDistricts": 10,
    "delta": 0.05,
    "llambda": 0.7,
    "rcl_parameter": 0.3,
    "Allocation": {
        "0": [
            "118",
            "84",
            "252",
            "113",
            "455",
            "340",
            "149",
            "498",
            "303",
            "145",
            "319",
            "143",
            "370",
            "164",
            "259",
            "424",
            "35",
            "219",
            "499",
            "241",
            "474",
            "187",
            "267",
            "17",
            "47",
            "189",
            "327",
            "48",
            "335",
            "431",
            "407",
            "456",
            "362",
            "405",
            "87",
            "416",
            "172",
            "94",
            "460",
            "109",
            "332",
            "423",
            "284",
            "467",
            "476",
            "454",
            "251",
            "449",
            "173",
            "473"
        ],
        "1": [
            "287",
            "244",
            "310",
            "100",
            "355",
            "196",
            "415",
            "461",
            "202",
            "349",
            "186",
            "127",
            "492",
            "137",
            "485",
            "30",
            "207",
            "369",
            "384",
            "102",
            "229",
            "394",
            "337",
            "29",
            "342",
            "68",
            "46",
            "368",
            "479",
            "446",
            "459",
            "436",
            "98",
            "280",
            "291",
            "403",
            "146",
            "213",
            "323",
            "488",
            "363",
            "58",
            "360",
            "372",
            "482",
            "14",
            "296",
            "421",
            "232",
            "128",
            "165",
            "272",
            "484"
        ],
        "2": [
            "138",
            "353",
            "247",
            "425",
            "490",
            "325",
            "211",
            "309",
            "199",
            "221",
            "106",
            "274",
            "297",
            "463",
            "275",
            "152",
            "258",
            "117",
            "260",
            "31",
            "97",
            "406",
            "404",
            "223",
            "40",
            "214",
            "125",
            "294",
            "458",
            "315",
            "150",
            "242",
            "227",
            "301",
            "364",
            "305",
            "95",
            "478",
            "28",
            "171",
            "60",
            "235",
            "395",
            "170",
            "329",
            "379",
            "220",
            "65",
            "140",
            "120"
        ],
        "3": [
            "51",
            "358",
            "246",
            "5",
            "179",
            "228",
            "200",
            "279",
            "119",
            "0",
            "318",
            "312",
            "10",
            "21",
            "90",
            "290",
            "281",
            "383",
            "399",
            "264",
            "139",
            "197",
            "208",
            "308",
            "392",
            "63",
            "328",
            "193",
            "365",
            "400",
            "43",
            "437",
            "176",
            "136",
            "177",
            "481",
            "236",
            "203",
            "37",
            "107",
            "26",
            "298",
            "439",
            "25",
            "135",
            "201",
            "466",
            "230",
            "417",
            "89",
            "1",
            "268"
        ],
        "4": [
            "126",
            "8",
            "133",
            "489",
            "265",
            "269",
            "80",
            "322",
            "129",
            "464",
            "420",
            "378",
            "480",
            "276",
            "336",
            "393",
            "339",
            "124",
            "376",
            "116",
            "53",
            "22",
            "178",
            "344",
            "61",
            "20",
            "373",
            "438",
            "412",
            "453",
            "486",
            "427",
            "397",
            "452",
            "131",
            "443",
            "254",
            "316",
            "72",
            "195",
            "121",
            "96",
            "41",
            "418",
            "56",
            "39",
            "86",
            "348",
            "398",
            "306",
            "134"
        ],
        "5": [
            "367",
            "54",
            "78",
            "70",
            "174",
            "311",
            "380",
            "249",
            "206",
            "351",
            "33",
            "32",
            "256",
            "79",
            "413",
            "333",
            "385",
            "317",
            "151",
            "225",
            "148",
            "432",
            "389",
            "414",
            "123",
            "42",
            "493",
            "192",
            "468",
            "430",
            "408",
            "283",
            "435",
            "411",
            "50",
            "88",
            "74",
            "2",
            "217",
            "99",
            "304",
            "159",
            "212",
            "122",
            "62",
            "215",
            "289"
        ],
        "6": [
            "115",
            "331",
            "266",
            "377",
            "471",
            "3",
            "419",
            "253",
            "168",
            "469",
            "295",
            "27",
            "4",
            "24",
            "182",
            "7",
            "13",
            "278",
            "387",
            "83",
            "450",
            "161",
            "183",
            "49",
            "210",
            "82",
            "67",
            "314",
            "162",
            "55",
            "231",
            "110",
            "240",
            "198",
            "292",
            "92",
            "382",
            "222",
            "237",
            "472",
            "359",
            "45",
            "166",
            "263",
            "441",
            "261",
            "204",
            "429",
            "262",
            "477",
            "288"
        ],