{
    "Instance": "planar500_G17",
    "Objective": 51.31124120944831,
    "Infeasibility": 0.008717253839205059,
    "Starting Time": 1711832436.2040179,
    "Time Taken": 122.03204679489136,
    "Initialization Time": 0.8386187553405762,
    "nrEliteSolutions": 20,
    "i_max": 500,
    "nrDistricts": 10,
    "delta": 0.05,
    "llambda": 0.7,
    "rcl_parameter": 0.3,
    "Allocation": {
        "0": [
            "480",
            "173",
            "171",
            "482",
            "399",
            "18",
            "145",
            "194",
            "262",
            "228",
            "216",
            "318",
            "498",
            "24",
            "338",
            "418",
            "292",
            "461",
            "388",
            "374",
            "302",
            "35",
            "13",
            "203",
            "250",
            "121",
            "315",
            "437",
            "224",
            "7",
            "487",
            "380",
            "84",
            "57",
            "31",
            "230",
            "240",
            "293",
            "85",
            "109",
            "42",
            "306",
            "443",
            "485",
            "377",
            "125",
            "359",
            "440",
            "197",
            "281",
            "237"
        ],
        "1": [
            "27",
            "60",
            "475",
            "134",
            "401",
            "261",
            "442",
            "76",
            "156",
            "190",
            "314",
            "67",
            "6",
            "423",
            "467",
            "92",
            "245",
            "411",
            "70",
            "66",
            "466",
            "444",
            "264",
            "4",
            "38",
            "357",
            "64",
            "96",
            "189",
            "266",
            "157",
            "30",
            "103",
            "127",
            "489",
            "175",
            "141",
            "433",
            "179",
            "104",
            "419",
            "470",
            "151",
            "184",
            "167",
            "192",
            "329",
            "488"
        ],
        "2": [
            "336",
            "397",
            "395",
            "51",
            "273",
            "254",
            "260",
            "289",
            "148",
            "256",
            "325",
            "332",
            "392",
            "337",
            "120",
            "34",
            "28",
            "108",
            "82",
            "313",
            "249",
            "146",
            "106",
            "137",
            "25",
            "349",
            "295",
            "344",
            "275",
            "468",
            "59",
            "99",
            "420",
            "494",
            "499",
            "255",
            "339",
            "130",
            "326",
            "484",
            "32",
            "22",
            "258",
            "63",
            "5",
            "455",
            "459",
            "80",
            "294",
            "304",
            "17",
            "426",
            "477"
        ],
        "3": [
            "471",
            "457",
            "10",
            "138",
            "274",
            "226",
            "166",
            "140",
            "212",
            "211",
            "368",
            "77",
            "490",
            "174",
            "371",
            "410",
            "465",
            "200",
            "144",
            "89",
            "44",
            "324",
            "307",
            "474",
            "366",
            "49",
            "26",
            "112",
            "454",
            "11",
            "93",
            "386",
            "290",
            "158",
            "247",
            "472",
            "406",
            "29",
            "362",
            "128",
            "155",
            "204",
            "320",
            "74",
            "188",
            "412",
            "384",
            "199",
            "206",
            "382",
            "416",
            "236"
        ],
        "4": [
            "334",
            "450",
            "492",
            "223",
            "448",
            "415",
            "257",
            "50",
            "456",
            "186",
            "413",
            "235",
            "270",
            "271",
            "48",
            "473",
            "376",
            "393",
            "272",
            "453",
            "464",
            "111",
            "486",
            "365",
            "45",
            "208",
            "234",
            "195",
            "81",
            "143",
            "452",
            "391",
            "2",
            "53",
            "14",
            "300",
            "422",
            "355",
            "16",
            "233",
            "330",
            "113",
            "142",
            "114",
            "394",
            "358",
            "483",
            "265",
            "222",
            "360"
        ],
        "5": [
            "98",
            "54",
            "244",
            "385",
            "427",
            "110",
            "133",
            "323",
            "129",
            "288",
            "205",
            "52",
            "259",
            "118",
            "403",
            "301",
            "303",
            "354",
            "61",
            "321",
            "390",
            "178",
            "202",
            "387",
            "407",
            "291",
            "389",
            "343",
            "447",
            "369",
            "116",
            "316",
            "405",
            "100",
            "252",
            "458",
            "207",
            "73",
            "71",
            "408",
            "201",
            "159",
            "86",
            "79",
            "346",
            "239",
            "383",
            "65",
            "168"
        ],
        "6": [
            "219",
            "253",
            "20",
            "350",
            "402",
            "361",
            "311",
            "451",
            "328",
            "122",
            "409",
            "62",
            "400",
            "351",
            "438",
            "56",
            "463",
            "279",
            "446",
            "278",
            "135",
            "69",
            "169",
            "90",
            "364",
            "373",
            "285",
            "97",
            "375",
            "191",
            "322",
            "310",
            "15",
            "335",
            "469",
            "187",
            "221",
            "353",
            "491",
            "180",
            "107",
            "1",
            "476",
            "40",
            "347",
            "251",
            "436",
            "242",
            "379"
        ],