{
    "Instance": "planar500_G1",
    "Objective": 48.55091648135028,
    "Infeasibility": 0.005426408373930585,
    "Starting Time": 1692437844.0431108,
    "Time Taken": 136.85301971435547,
    "Initialization Time": 0.8455538749694824,
    "nrEliteSolutions": 20,
    "i_max": 500,
    "nrDistricts": 10,
    "delta": 0.05,
    "llambda": 0.7,
    "rcl_parameter": 0.3,
    "Allocation": {
        "0": [
            "98",
            "460",
            "339",
            "403",
            "412",
            "150",
            "15",
            "160",
            "261",
            "479",
            "470",
            "396",
            "424",
            "88",
            "239",
            "52",
            "92",
            "67",
            "217",
            "415",
            "397",
            "435",
            "448",
            "169",
            "437",
            "453",
            "260",
            "21",
            "112",
            "156",
            "159",
            "117",
            "2",
            "174",
            "130",
            "168",
            "350",
            "155",
            "246",
            "234",
            "486",
            "115",
            "58",
            "387",
            "8",
            "103",
            "318",
            "162",
            "167",
            "383",
            "32",
            "57"
        ],
        "1": [
            "314",
            "332",
            "483",
            "131",
            "231",
            "31",
            "218",
            "29",
            "28",
            "429",
            "351",
            "65",
            "357",
            "295",
            "100",
            "120",
            "372",
            "491",
            "400",
            "43",
            "122",
            "192",
            "250",
            "337",
            "319",
            "189",
            "443",
            "245",
            "496",
            "274",
            "108",
            "30",
            "145",
            "488",
            "19",
            "198",
            "469",
            "91",
            "55",
            "99",
            "352",
            "61",
            "355",
            "207",
            "85",
            "384",
            "24",
            "452",
            "471",
            "334"
        ],
        "2": [
            "213",
            "134",
            "316",
            "59",
            "105",
            "178",
            "118",
            "456",
            "190",
            "367",
            "370",
            "69",
            "279",
            "462",
            "78",
            "266",
            "438",
            "413",
            "398",
            "177",
            "286",
            "110",
            "495",
            "132",
            "445",
            "345",
            "12",
            "233",
            "102",
            "35",
            "450",
            "7",
            "393",
            "135",
            "474",
            "113",
            "340",
            "237",
            "82",
            "278",
            "255",
            "20",
            "358",
            "344",
            "360",
            "258",
            "36",
            "280",
            "165",
            "154"
        ],
        "3": [
            "80",
            "76",
            "48",
            "125",
            "68",
            "89",
            "347",
            "164",
            "342",
            "4",
            "304",
            "348",
            "382",
            "94",
            "18",
            "63",
            "493",
            "214",
            "341",
            "254",
            "297",
            "166",
            "26",
            "215",
            "440",
            "409",
            "0",
            "161",
            "140",
            "458",
            "64",
            "325",
            "399",
            "146",
            "90",
            "173",
            "361",
            "343",
            "388",
            "226",
            "369",
            "46",
            "326",
            "492",
            "497",
            "338",
            "428",
            "227"
        ],
        "4": [
            "247",
            "476",
            "459",
            "454",
            "374",
            "312",
            "232",
            "285",
            "375",
            "191",
            "385",
            "204",
            "34",
            "289",
            "321",
            "124",
            "138",
            "269",
            "1",
            "431",
            "306",
            "356",
            "389",
            "256",
            "427",
            "157",
            "451",
            "244",
            "466",
            "416",
            "368",
            "62",
            "97",
            "129",
            "408",
            "379",
            "499",
            "9",
            "442",
            "39",
            "33",
            "432",
            "485",
            "70",
            "47",
            "423",
            "477",
            "317",
            "405",
            "45",
            "484",
            "292"
        ],
        "5": [
            "475",
            "223",
            "236",
            "251",
            "180",
            "73",
            "498",
            "328",
            "253",
            "380",
            "309",
            "228",
            "363",
            "354",
            "243",
            "276",
            "430",
            "270",
            "371",
            "96",
            "422",
            "272",
            "444",
            "377",
            "136",
            "139",
            "365",
            "376",
            "40",
            "109",
            "249",
            "402",
            "386",
            "53",
            "293",
            "411",
            "152",
            "284",
            "359",
            "56",
            "84",
            "196",
            "240",
            "179",
            "252",
            "14",
            "170",
            "77",
            "373",
            "114"
        ],
        "6": [
            "419",
            "320",
            "11",
            "461",
            "305",
            "143",
            "259",
            "13",
            "241",
            "216",
            "185",
            "212",
            "472",
            "335",
            "175",
            "44",
            "418",
            "172",
            "242",
            "468",
            "257",
            "225",
            "301",
            "291",
            "331",
            "182",
            "300",
            "407",
            "465",
            "330",
            "38",
            "313",
            "163",
            "133",
            "224",
            "27",
            "148",
            "142",
            "147",
            "421",
            "296",
            "302",
            "262",
            "283",
            "93",
            "299",
            "199",
            "417",
            "181"
        ],