{
    "Instance": "planar700_G28",
    "Objective": 49.91932128957813,
    "Infeasibility": 0.007263743792954939,
    "Starting Time": 1711833011.7269235,
    "Time Taken": 203.41383934020996,
    "Initialization Time": 1.6873667240142822,
    "nrEliteSolutions": 20,
    "i_max": 500,
    "nrDistricts": 10,
    "delta": 0.05,
    "llambda": 0.7,
    "rcl_parameter": 0.3,
    "Allocation": {
        "0": [
            "544",
            "76",
            "365",
            "681",
            "233",
            "431",
            "420",
            "1",
            "598",
            "628",
            "145",
            "217",
            "637",
            "622",
            "679",
            "285",
            "652",
            "440",
            "77",
            "610",
            "305",
            "512",
            "640",
            "468",
            "498",
            "609",
            "135",
            "682",
            "200",
            "130",
            "462",
            "149",
            "49",
            "449",
            "683",
            "351",
            "400",
            "146",
            "340",
            "74",
            "428",
            "186",
            "142",
            "327",
            "437",
            "267",
            "26",
            "61",
            "370",
            "210",
            "691",
            "165",
            "20",
            "362",
            "487",
            "198",
            "311",
            "353",
            "521",
            "639",
            "615",
            "263",
            "388",
            "36",
            "631",
            "150",
            "366",
            "176",
            "635",
            "573",
            "151"
        ],
        "1": [
            "373",
            "299",
            "531",
            "529",
            "649",
            "558",
            "684",
            "153",
            "584",
            "687",
            "104",
            "293",
            "460",
            "230",
            "33",
            "697",
            "215",
            "658",
            "554",
            "414",
            "123",
            "590",
            "677",
            "482",
            "132",
            "515",
            "298",
            "575",
            "471",
            "394",
            "361",
            "107",
            "213",
            "324",
            "64",
            "304",
            "401",
            "167",
            "668",
            "139",
            "96",
            "296",
            "286",
            "268",
            "334",
            "418",
            "467",
            "442",
            "87",
            "698",
            "447",
            "314",
            "8",
            "99",
            "386",
            "330",
            "209",
            "530",
            "196",
            "607",
            "223",
            "58",
            "182",
            "177",
            "179",
            "507",
            "608",
            "35",
            "31",
            "669",
            "651",
            "382",
            "94"
        ],
        "2": [
            "13",
            "621",
            "648",
            "523",
            "246",
            "11",
            "59",
            "109",
            "318",
            "232",
            "225",
            "644",
            "685",
            "383",
            "643",
            "15",
            "671",
            "562",
            "456",
            "355",
            "300",
            "642",
            "45",
            "475",
            "173",
            "371",
            "395",
            "216",
            "2",
            "46",
            "84",
            "692",
            "93",
            "320",
            "321",
            "364",
            "48",
            "434",
            "189",
            "680",
            "582",
            "501",
            "170",
            "550",
            "612",
            "667",
            "328",
            "30",
            "533",
            "356",
            "313",
            "137",
            "140",
            "312",
            "465",
            "195",
            "270",
            "283",
            "473",
            "603",
            "128",
            "155",
            "169",
            "461",
            "190",
            "250",
            "500",
            "159",
            "243",
            "134",
            "238",
            "228",
            "576"
        ],
        "3": [
            "381",
            "379",
            "141",
            "656",
            "391",
            "488",
            "32",
            "162",
            "117",
            "175",
            "422",
            "629",
            "194",
            "673",
            "5",
            "675",
            "486",
            "577",
            "536",
            "666",
            "97",
            "27",
            "494",
            "143",
            "411",
            "402",
            "374",
            "557",
            "258",
            "307",
            "206",
            "594",
            "138",
            "620",
            "133",
            "580",
            "404",
            "655",
            "136",
            "409",
            "86",
            "451",
            "506",
            "663",
            "537",
            "66",
            "352",
            "593",
            "396",
            "638",
            "188",
            "528",
            "80",
            "184",
            "425",
            "517",
            "393",
            "239",
            "51",
            "254",
            "78",
            "647",
            "201",
            "81",
            "82",
            "24",
            "113",
            "505",
            "438",
            "633",
            "288"
        ],
        "4": [
            "458",
            "469",
            "18",
            "586",
            "79",
            "457",
            "147",
            "444",
            "510",
            "480",
            "499",
            "67",
            "694",
            "659",
            "341",
            "191",
            "350",
            "565",
            "359",
            "219",
            "346",
            "497",
            "62",
            "174",
            "597",
            "336",
            "69",
            "281",
            "38",
            "527",
            "408",
            "197",
            "29",
            "101",
            "323",
            "199",
            "4",
            "53",
            "693",
            "560",
            "103",
            "156",
            "54",
            "384",
            "452",
            "242",
            "42",
            "545",
            "289",
            "572",
            "181",
            "470",
            "474",
            "443",
            "214",
            "618",
            "50",
            "56",
            "455",
            "448",
            "105",
            "518",
            "548",
            "21",
            "419",
            "339",
            "157",
            "208"
        ],