{
    "Instance": "planar700_G6",
    "Objective": 51.19250562755081,
    "Infeasibility": 0.0,
    "Starting Time": 1692437814.0948591,
    "Time Taken": 224.6332287788391,
    "Initialization Time": 1.719799518585205,
    "nrEliteSolutions": 20,
    "i_max": 500,
    "nrDistricts": 10,
    "delta": 0.05,
    "llambda": 0.7,
    "rcl_parameter": 0.3,
    "Allocation": {
        "0": [
            "177",
            "507",
            "212",
            "28",
            "296",
            "281",
            "57",
            "169",
            "173",
            "33",
            "342",
            "425",
            "443",
            "137",
            "681",
            "261",
            "470",
            "444",
            "11",
            "621",
            "651",
            "408",
            "596",
            "298",
            "542",
            "392",
            "322",
            "242",
            "382",
            "300",
            "211",
            "192",
            "161",
            "226",
            "299",
            "89",
            "424",
            "12",
            "7",
            "235",
            "664",
            "399",
            "427",
            "626",
            "646",
            "222",
            "178",
            "608",
            "54",
            "90",
            "377",
            "442",
            "398",
            "47",
            "503",
            "78",
            "404",
            "13",
            "401",
            "61",
            "107",
            "356",
            "88",
            "631",
            "370",
            "695",
            "511",
            "676",
            "341",
            "644",
            "445",
            "132"
        ],
        "1": [
            "108",
            "593",
            "613",
            "691",
            "467",
            "525",
            "157",
            "590",
            "381",
            "577",
            "1",
            "654",
            "640",
            "481",
            "70",
            "667",
            "172",
            "432",
            "434",
            "339",
            "24",
            "94",
            "278",
            "599",
            "46",
            "438",
            "112",
            "120",
            "9",
            "284",
            "682",
            "687",
            "49",
            "415",
            "59",
            "100",
            "257",
            "295",
            "563",
            "153",
            "116",
            "40",
            "645",
            "184",
            "539",
            "679",
            "484",
            "476",
            "410",
            "587",
            "509",
            "148",
            "346",
            "229",
            "451",
            "249",
            "446",
            "73",
            "58",
            "0",
            "389",
            "203",
            "469",
            "86",
            "250",
            "259",
            "186",
            "502",
            "546",
            "134",
            "213",
            "698"
        ],
        "2": [
            "244",
            "319",
            "288",
            "545",
            "343",
            "541",
            "174",
            "304",
            "624",
            "397",
            "67",
            "354",
            "318",
            "147",
            "583",
            "106",
            "419",
            "269",
            "466",
            "130",
            "492",
            "48",
            "462",
            "239",
            "122",
            "694",
            "623",
            "628",
            "611",
            "562",
            "19",
            "248",
            "452",
            "26",
            "230",
            "160",
            "131",
            "45",
            "617",
            "127",
            "678",
            "243",
            "464",
            "114",
            "76",
            "669",
            "549",
            "350",
            "162",
            "633",
            "421",
            "52",
            "479",
            "312",
            "477",
            "214",
            "550",
            "673",
            "436",
            "402",
            "30",
            "260",
            "609",
            "527",
            "36",
            "638",
            "491",
            "558"
        ],
        "3": [
            "592",
            "661",
            "448",
            "474",
            "429",
            "529",
            "420",
            "519",
            "565",
            "204",
            "287",
            "209",
            "437",
            "306",
            "344",
            "616",
            "195",
            "175",
            "79",
            "44",
            "289",
            "544",
            "603",
            "504",
            "532",
            "232",
            "643",
            "480",
            "627",
            "20",
            "468",
            "102",
            "126",
            "115",
            "293",
            "485",
            "607",
            "223",
            "440",
            "31",
            "620",
            "574",
            "375",
            "498",
            "207",
            "311",
            "256",
            "552",
            "636",
            "423",
            "84",
            "615",
            "581",
            "166",
            "340",
            "14",
            "55",
            "573",
            "383",
            "670",
            "653",
            "566",
            "118",
            "101",
            "688",
            "629",
            "666",
            "514",
            "614",
            "125",
            "69",
            "154",
            "10"
        ],
        "4": [
            "595",
            "255",
            "548",
            "290",
            "77",
            "391",
            "317",
            "149",
            "231",
            "110",
            "674",
            "604",
            "21",
            "170",
            "403",
            "99",
            "144",
            "632",
            "496",
            "487",
            "457",
            "95",
            "294",
            "104",
            "348",
            "662",
            "91",
            "283",
            "324",
            "156",
            "135",
            "659",
            "394",
            "271",
            "378",
            "124",
            "455",
            "396",
            "505",
            "395",
            "83",
            "150",
            "43",
            "510",
            "594",
            "188",
            "358",
            "202",
            "692",
            "512",
            "314",
            "119",
            "316",
            "656",
            "56",
            "201",
            "683",
            "194",
            "677",
            "482",
            "579",
            "680",
            "187",
            "321",
            "601",
            "337",
            "50",
            "672"
        ],