{
    "Instance": "planar500_G3",
    "Objective": 50.9088129324481,
    "Infeasibility": 0.013486165558868744,
    "Starting Time": 1692437844.1042042,
    "Time Taken": 136.44307112693787,
    "Initialization Time": 0.8441455364227295,
    "nrEliteSolutions": 20,
    "i_max": 500,
    "nrDistricts": 10,
    "delta": 0.05,
    "llambda": 0.7,
    "rcl_parameter": 0.3,
    "Allocation": {
        "0": [
            "46",
            "401",
            "5",
            "62",
            "273",
            "432",
            "264",
            "349",
            "116",
            "94",
            "263",
            "283",
            "341",
            "368",
            "14",
            "181",
            "390",
            "250",
            "488",
            "440",
            "267",
            "151",
            "36",
            "170",
            "230",
            "428",
            "287",
            "258",
            "225",
            "54",
            "167",
            "430",
            "338",
            "174",
            "457",
            "215",
            "299",
            "75",
            "219",
            "367",
            "65",
            "433",
            "148",
            "247"
        ],
        "1": [
            "334",
            "449",
            "382",
            "280",
            "362",
            "241",
            "232",
            "117",
            "330",
            "176",
            "52",
            "140",
            "207",
            "243",
            "413",
            "492",
            "294",
            "412",
            "340",
            "205",
            "324",
            "212",
            "297",
            "377",
            "85",
            "301",
            "231",
            "405",
            "245",
            "421",
            "441",
            "34",
            "489",
            "173",
            "464",
            "315",
            "363",
            "47",
            "255",
            "389",
            "57",
            "69",
            "466",
            "172",
            "375",
            "139",
            "209",
            "112",
            "480",
            "414"
        ],
        "2": [
            "402",
            "76",
            "196",
            "141",
            "137",
            "204",
            "195",
            "484",
            "27",
            "477",
            "28",
            "152",
            "265",
            "193",
            "443",
            "312",
            "251",
            "307",
            "198",
            "357",
            "189",
            "277",
            "72",
            "23",
            "427",
            "374",
            "347",
            "10",
            "222",
            "210",
            "108",
            "376",
            "320",
            "270",
            "371",
            "256",
            "328",
            "248",
            "1",
            "56",
            "426",
            "275",
            "129",
            "177",
            "19",
            "228",
            "337",
            "300",
            "191",
            "121",
            "352"
        ],
        "3": [
            "12",
            "442",
            "291",
            "190",
            "49",
            "323",
            "397",
            "142",
            "409",
            "223",
            "82",
            "269",
            "95",
            "104",
            "186",
            "364",
            "134",
            "133",
            "335",
            "32",
            "282",
            "73",
            "394",
            "317",
            "381",
            "77",
            "425",
            "128",
            "165",
            "387",
            "391",
            "410",
            "68",
            "150",
            "217",
            "91",
            "453",
            "163",
            "416",
            "268",
            "100",
            "451",
            "366",
            "208",
            "92",
            "246",
            "199",
            "206",
            "369"
        ],
        "4": [
            "399",
            "437",
            "411",
            "400",
            "333",
            "166",
            "136",
            "257",
            "183",
            "276",
            "419",
            "497",
            "435",
            "396",
            "379",
            "0",
            "38",
            "316",
            "41",
            "302",
            "385",
            "345",
            "113",
            "71",
            "475",
            "220",
            "238",
            "67",
            "162",
            "197",
            "115",
            "25",
            "61",
            "478",
            "154",
            "60",
            "144",
            "119",
            "2",
            "29",
            "479",
            "448",
            "438",
            "485",
            "149",
            "407",
            "55",
            "179",
            "218",
            "274",
            "384"
        ],
        "5": [
            "319",
            "490",
            "423",
            "415",
            "81",
            "455",
            "261",
            "42",
            "289",
            "418",
            "304",
            "180",
            "281",
            "461",
            "346",
            "343",
            "202",
            "70",
            "63",
            "13",
            "332",
            "160",
            "417",
            "373",
            "118",
            "344",
            "496",
            "463",
            "494",
            "59",
            "325",
            "233",
            "380",
            "271",
            "126",
            "253",
            "66",
            "99",
            "266",
            "459",
            "35",
            "493",
            "86",
            "342",
            "306",
            "424",
            "185",
            "88",
            "434",
            "158",
            "188",
            "135",
            "420"
        ],
        "6": [
            "107",
            "201",
            "288",
            "98",
            "259",
            "498",
            "26",
            "327",
            "43",
            "15",
            "249",
            "365",
            "79",
            "64",
            "239",
            "290",
            "482",
            "278",
            "101",
            "235",
            "9",
            "314",
            "445",
            "84",
            "123",
            "491",
            "386",
            "422",
            "146",
            "147",
            "404",
            "326",
            "213",
            "460",
            "50",
            "6",
            "436",
            "153",
            "83",
            "295",
            "203",
            "168",
            "40",
            "242",
            "194",
            "329",
            "336",
            "237",
            "372",
            "80",
            "132",
            "37",
            "285"
        ],