{
    "Instance": "Center726_G10",
    "Objective": 253,
    "Infeasibility": 0.0,
    "Starting Time": 1711822095.0932214,
    "Time Taken": 210.66617727279663,
    "Initialization Time": 169.7360281944275,
    "nrEliteSolutions": 20,
    "i_max": 500,
    "nrDistricts": 10,
    "delta": 0.05,
    "llambda": 0.7,
    "rcl_parameter": 0.3,
    "Allocation": {
        "0": [
            "450",
            "451",
            "418",
            "449",
            "484",
            "419",
            "517",
            "385",
            "386",
            "384",
            "515",
            "485",
            "420",
            "486",
            "383",
            "353",
            "550",
            "453",
            "421",
            "514",
            "551",
            "519",
            "513",
            "547",
            "320",
            "583",
            "520",
            "382",
            "584",
            "455",
            "321",
            "388",
            "580",
            "456",
            "489",
            "322",
            "289",
            "256",
            "585",
            "355",
            "522",
            "586",
            "356",
            "521",
            "554",
            "579",
            "488",
            "578",
            "357",
            "587",
            "555",
            "390",
            "611",
            "391",
            "556",
            "588",
            "609",
            "480",
            "589",
            "576",
            "479",
            "557",
            "446",
            "543",
            "590",
            "445",
            "92",
            "821",
            "692",
            "261",
            "750",
            "163",
            "618"
        ],
        "1": [
            "808",
            "840",
            "841",
            "873",
            "872",
            "906",
            "905",
            "907",
            "938",
            "908",
            "975",
            "941",
            "974",
            "973",
            "976",
            "1006",
            "1005",
            "943",
            "910",
            "1004",
            "877",
            "1037",
            "1070",
            "1069",
            "1068",
            "1067",
            "1066",
            "1033",
            "1065",
            "1000",
            "1064",
            "999",
            "967",
            "968",
            "1063",
            "934",
            "1031",
            "966",
            "1062",
            "1030",
            "965",
            "969",
            "998",
            "901",
            "997",
            "932",
            "1029",
            "899",
            "900",
            "868",
            "867",
            "835",
            "802",
            "834",
            "769",
            "736",
            "768",
            "767",
            "770",
            "735",
            "771",
            "772",
            "805",
            "991",
            "928",
            "992",
            "963",
            "958",
            "1026",
            "964",
            "962",
            "862",
            "703",
            "927",
            "731",
            "930",
            "861"
        ],
        "2": [
            "15",
            "14",
            "13",
            "46",
            "45",
            "78",
            "77",
            "75",
            "76",
            "109",
            "10",
            "74",
            "42",
            "142",
            "107",
            "141",
            "175",
            "73",
            "41",
            "143",
            "140",
            "208",
            "72",
            "106",
            "8",
            "207",
            "139",
            "7",
            "209",
            "172",
            "206",
            "138",
            "171",
            "37",
            "210",
            "205",
            "170",
            "239",
            "5",
            "203",
            "4",
            "272",
            "238",
            "3",
            "137",
            "136",
            "273",
            "70",
            "236",
            "269",
            "202",
            "268",
            "201",
            "271",
            "135",
            "134",
            "167",
            "304",
            "133",
            "302",
            "204",
            "267",
            "240",
            "2",
            "101",
            "1",
            "69",
            "235",
            "34",
            "99",
            "100",
            "68",
            "35",
            "36",
            "67"
        ],
        "3": [
            "761",
            "794",
            "827",
            "793",
            "792",
            "825",
            "759",
            "858",
            "859",
            "891",
            "892",
            "924",
            "893",
            "926",
            "925",
            "957",
            "959",
            "960",
            "990",
            "1024",
            "993",
            "961",
            "1025",
            "895",
            "929",
            "1023",
            "995",
            "1027",
            "1028",
            "931",
            "898",
            "1059",
            "1060",
            "1061",
            "865",
            "866",
            "897",
            "833",
            "829",
            "800",
            "830",
            "799",
            "765",
            "766",
            "733",
            "796",
            "797",
            "700",
            "831",
            "838",
            "639",
            "463",
            "505",
            "636",
            "610",
            "300",
            "365",
            "537",
            "598",
            "266",
            "504",
            "567",
            "600",
            "466",
            "638",
            "496",
            "371",
            "405"
        ],
        "4": [
            "346",
            "345",
            "344",
            "377",
            "410",
            "443",
            "442",
            "508",
            "475",
            "507",
            "506",
            "472",
            "471",
            "503",
            "439",
            "470",
            "570",
            "406",
            "502",
            "535",
            "569",
            "469",
            "571",
            "407",
            "437",
            "602",
            "373",
            "468",
            "604",
            "436",
            "435",
            "372",
            "434",
            "637",
            "635",
            "433",
            "670",
            "634",
            "432",
            "400",
            "367",
            "334",
            "335",
            "640",
            "301",
            "702",
            "607",
            "368",
            "336",
            "673",
            "402",
            "369",
            "608",
            "370",
            "366",
            "403",
            "333",
            "338",
            "340",
            "669",
            "307",
            "306",
            "274",
            "341",
            "339",
            "863",
            "599",
            "173",
            "530",
            "108",
            "9",
            "199",
            "332",
            "364"
        ],