{
    "Instance": "Center726_G6",
    "Objective": 278,
    "Infeasibility": 0.015374139710124435,
    "Starting Time": 1692557375.9960742,
    "Time Taken": 237.30324792861938,
    "Initialization Time": 190.9490303993225,
    "nrEliteSolutions": 20,
    "i_max": 500,
    "nrDistricts": 10,
    "delta": 0.05,
    "llambda": 0.7,
    "rcl_parameter": 0.3,
    "Allocation": {
        "0": [
            "205",
            "171",
            "237",
            "202",
            "236",
            "270",
            "172",
            "238",
            "138",
            "269",
            "235",
            "302",
            "105",
            "234",
            "104",
            "267",
            "273",
            "73",
            "233",
            "107",
            "335",
            "304",
            "74",
            "336",
            "243",
            "266",
            "167",
            "300",
            "299",
            "265",
            "40",
            "332",
            "244",
            "368",
            "109",
            "298",
            "331",
            "41",
            "277",
            "80",
            "43",
            "8",
            "346",
            "69",
            "165",
            "42",
            "1",
            "364",
            "6",
            "279",
            "4",
            "35",
            "111",
            "10",
            "9",
            "110",
            "5",
            "37",
            "113",
            "132",
            "33",
            "102",
            "0",
            "297",
            "103",
            "100",
            "112",
            "280",
            "278",
            "39",
            "133",
            "669",
            "629"
        ],
        "1": [
            "942",
            "975",
            "1008",
            "1009",
            "1042",
            "1075",
            "1076",
            "1078",
            "1077",
            "1045",
            "1012",
            "1046",
            "1081",
            "1080",
            "1047",
            "1014",
            "1048",
            "979",
            "1082",
            "1015",
            "946",
            "1049",
            "1016",
            "981",
            "1083",
            "982",
            "913",
            "947",
            "1050",
            "983",
            "1084",
            "880",
            "912",
            "914",
            "949",
            "950",
            "916",
            "915",
            "881",
            "879",
            "849",
            "847",
            "848",
            "814",
            "815",
            "781",
            "782",
            "816",
            "748",
            "747",
            "817",
            "746",
            "749",
            "783",
            "745",
            "784",
            "712",
            "715",
            "850",
            "484",
            "553",
            "488",
            "455",
            "651",
            "587",
            "415",
            "524",
            "955",
            "786",
            "690",
            "750",
            "658"
        ],
        "2": [
            "640",
            "673",
            "674",
            "675",
            "708",
            "709",
            "742",
            "743",
            "776",
            "777",
            "810",
            "843",
            "876",
            "875",
            "874",
            "907",
            "940",
            "906",
            "905",
            "872",
            "938",
            "871",
            "839",
            "971",
            "870",
            "970",
            "806",
            "869",
            "868",
            "835",
            "901",
            "802",
            "866",
            "834",
            "801",
            "865",
            "769",
            "833",
            "768",
            "770",
            "800",
            "736",
            "767",
            "832",
            "735",
            "799",
            "734",
            "771",
            "766",
            "703",
            "772",
            "701",
            "733",
            "739",
            "700",
            "699",
            "698",
            "765",
            "635",
            "601",
            "600",
            "927",
            "926",
            "831",
            "761",
            "798",
            "895",
            "830",
            "828",
            "793",
            "1027",
            "664",
            "1028",
            "1030"
        ],
        "3": [
            "360",
            "393",
            "395",
            "427",
            "362",
            "461",
            "329",
            "494",
            "296",
            "527",
            "328",
            "263",
            "560",
            "295",
            "526",
            "294",
            "525",
            "593",
            "293",
            "559",
            "261",
            "292",
            "492",
            "626",
            "260",
            "326",
            "557",
            "325",
            "228",
            "259",
            "291",
            "590",
            "659",
            "229",
            "692",
            "196",
            "591",
            "623",
            "195",
            "556",
            "226",
            "622",
            "656",
            "657",
            "194",
            "197",
            "193",
            "227",
            "160",
            "258",
            "164",
            "131",
            "324",
            "655",
            "654",
            "358",
            "391",
            "687",
            "424",
            "425",
            "93",
            "19",
            "63",
            "158",
            "882",
            "681",
            "555",
            "186",
            "613",
            "490"
        ],
        "4": [
            "1070",
            "1069",
            "1068",
            "1067",
            "1065",
            "1066",
            "1033",
            "1000",
            "1032",
            "999",
            "966",
            "1031",
            "967",
            "1001",
            "998",
            "933",
            "965",
            "1029",
            "932",
            "934",
            "997",
            "900",
            "964",
            "1063",
            "1062",
            "867",
            "899",
            "931",
            "1061",
            "1060",
            "898",
            "930",
            "897",
            "995",
            "929",
            "896",
            "863",
            "994",
            "1026",
            "1059",
            "993",
            "992",
            "991",
            "990",
            "1024",
            "1023",
            "1056",
            "1058",
            "1057",
            "365",
            "497",
            "667",
            "472",
            "827",
            "438",
            "731",
            "633",
            "403",
            "763",
            "959",
            "634",
            "569",
            "507",
            "860",
            "433",
            "333",
            "665",
            "470",
            "340",
            "462",
            "334",
            "330",
            "303",
            "726",
            "501"
        ],