{
    "Instance": "Center726_G20",
    "Objective": 281,
    "Infeasibility": 0.011847249124229024,
    "Starting Time": 1711824254.1974623,
    "Time Taken": 210.76834774017334,
    "Initialization Time": 170.03443503379822,
    "nrEliteSolutions": 20,
    "i_max": 500,
    "nrDistricts": 10,
    "delta": 0.05,
    "llambda": 0.7,
    "rcl_parameter": 0.3,
    "Allocation": {
        "0": [
            "682",
            "748",
            "749",
            "683",
            "717",
            "649",
            "782",
            "781",
            "650",
            "750",
            "718",
            "712",
            "746",
            "651",
            "685",
            "751",
            "616",
            "752",
            "745",
            "618",
            "779",
            "617",
            "652",
            "816",
            "719",
            "744",
            "583",
            "686",
            "653",
            "785",
            "720",
            "753",
            "654",
            "721",
            "777",
            "688",
            "620",
            "812",
            "722",
            "755",
            "587",
            "811",
            "743",
            "788",
            "787",
            "819",
            "723",
            "586",
            "754",
            "554",
            "690",
            "581",
            "824",
            "756",
            "589",
            "823",
            "857",
            "852",
            "623",
            "621",
            "758",
            "591",
            "890",
            "622",
            "624",
            "820",
            "876",
            "844",
            "843",
            "656",
            "657",
            "856",
            "884",
            "229",
            "160",
            "358",
            "821"
        ],
        "1": [
            "939",
            "972",
            "1005",
            "1038",
            "1037",
            "1006",
            "1039",
            "1036",
            "1035",
            "1034",
            "1032",
            "1033",
            "1000",
            "1065",
            "1066",
            "967",
            "1031",
            "999",
            "966",
            "998",
            "1064",
            "934",
            "965",
            "1063",
            "935",
            "901",
            "1062",
            "932",
            "868",
            "931",
            "899",
            "866",
            "1029",
            "930",
            "1061",
            "898",
            "996",
            "865",
            "929",
            "1028",
            "1060",
            "995",
            "869",
            "994",
            "993",
            "1026",
            "963",
            "870",
            "897",
            "961",
            "1027",
            "896",
            "871",
            "872",
            "838",
            "729",
            "596",
            "529",
            "533",
            "470",
            "661",
            "566",
            "373",
            "528",
            "835",
            "628",
            "371",
            "564",
            "405",
            "567",
            "571",
            "301"
        ],
        "2": [
            "1",
            "2",
            "34",
            "67",
            "33",
            "3",
            "66",
            "36",
            "4",
            "37",
            "99",
            "133",
            "5",
            "70",
            "132",
            "134",
            "38",
            "167",
            "103",
            "71",
            "135",
            "165",
            "200",
            "102",
            "201",
            "168",
            "104",
            "169",
            "234",
            "170",
            "203",
            "233",
            "232",
            "198",
            "204",
            "298",
            "235",
            "299",
            "267",
            "297",
            "332",
            "231",
            "330",
            "105",
            "138",
            "363",
            "139",
            "396",
            "366",
            "399",
            "429",
            "264",
            "40",
            "397",
            "431",
            "41",
            "42",
            "43",
            "76",
            "9",
            "331",
            "7",
            "11",
            "10",
            "735",
            "505",
            "632",
            "506",
            "239",
            "241",
            "401",
            "142"
        ],
        "3": [
            "214",
            "213",
            "212",
            "179",
            "113",
            "146",
            "80",
            "79",
            "114",
            "81",
            "48",
            "148",
            "115",
            "116",
            "15",
            "16",
            "117",
            "14",
            "17",
            "18",
            "118",
            "151",
            "85",
            "86",
            "184",
            "87",
            "55",
            "121",
            "122",
            "154",
            "22",
            "123",
            "56",
            "124",
            "23",
            "187",
            "157",
            "57",
            "156",
            "189",
            "190",
            "24",
            "223",
            "224",
            "256",
            "257",
            "225",
            "258",
            "291",
            "292",
            "325",
            "281",
            "295",
            "451",
            "322",
            "349",
            "486",
            "481",
            "61",
            "421",
            "490",
            "479",
            "32",
            "355",
            "585",
            "327",
            "359",
            "286",
            "555",
            "557",
            "314",
            "196",
            "419"
        ],
        "4": [
            "65",
            "98",
            "31",
            "30",
            "29",
            "64",
            "97",
            "28",
            "130",
            "131",
            "96",
            "27",
            "60",
            "95",
            "129",
            "164",
            "26",
            "59",
            "127",
            "128",
            "162",
            "161",
            "126",
            "125",
            "158",
            "92",
            "228",
            "58",
            "261",
            "91",
            "227",
            "90",
            "260",
            "25",
            "293",
            "191",
            "262",
            "263",
            "328",
            "360",
            "426",
            "425",
            "458",
            "427",
            "491",
            "524",
            "523",
            "556",
            "460",
            "492",
            "461",
            "428",
            "525",
            "494",
            "395",
            "362",
            "526",
            "527",
            "559",
            "593",
            "716",
            "658",
            "885",
            "783",
            "454",
            "715",
            "691",
            "88",
            "388",
            "854",
            "220",
            "592",
            "790"
        ],