{
    "Instance": "Center726_G23",
    "Objective": 281,
    "Infeasibility": 0.0030588853335879198,
    "Starting Time": 1711823896.4373412,
    "Time Taken": 221.5365571975708,
    "Initialization Time": 179.44553875923157,
    "nrEliteSolutions": 20,
    "i_max": 500,
    "nrDistricts": 10,
    "delta": 0.05,
    "llambda": 0.7,
    "rcl_parameter": 0.3,
    "Allocation": {
        "0": [
            "353",
            "352",
            "320",
            "385",
            "319",
            "286",
            "387",
            "287",
            "322",
            "288",
            "253",
            "388",
            "420",
            "285",
            "254",
            "417",
            "289",
            "252",
            "323",
            "389",
            "255",
            "220",
            "452",
            "221",
            "284",
            "324",
            "416",
            "325",
            "291",
            "423",
            "390",
            "258",
            "383",
            "350",
            "349",
            "391",
            "223",
            "187",
            "225",
            "358",
            "454",
            "226",
            "189",
            "392",
            "425",
            "489",
            "154",
            "360",
            "426",
            "361",
            "457",
            "348",
            "328",
            "347",
            "394",
            "315",
            "327",
            "459",
            "490",
            "493",
            "295",
            "494",
            "326",
            "296",
            "525",
            "393",
            "427",
            "491",
            "461",
            "691",
            "724",
            "191",
            "96",
            "130",
            "195"
        ],
        "1": [
            "46",
            "79",
            "78",
            "111",
            "110",
            "109",
            "108",
            "76",
            "107",
            "43",
            "106",
            "140",
            "42",
            "44",
            "10",
            "105",
            "173",
            "139",
            "41",
            "206",
            "9",
            "138",
            "174",
            "72",
            "171",
            "104",
            "71",
            "39",
            "239",
            "170",
            "7",
            "207",
            "205",
            "136",
            "103",
            "240",
            "6",
            "175",
            "135",
            "271",
            "5",
            "204",
            "134",
            "70",
            "304",
            "167",
            "38",
            "37",
            "270",
            "133",
            "273",
            "132",
            "4",
            "101",
            "3",
            "165",
            "99",
            "102",
            "68",
            "2",
            "237",
            "236",
            "66",
            "67",
            "1",
            "0",
            "34",
            "35",
            "602",
            "364",
            "763",
            "728"
        ],
        "2": [
            "1056",
            "1023",
            "1058",
            "1057",
            "1024",
            "990",
            "1059",
            "991",
            "1026",
            "1025",
            "993",
            "957",
            "958",
            "925",
            "924",
            "960",
            "994",
            "926",
            "891",
            "892",
            "893",
            "995",
            "961",
            "927",
            "894",
            "858",
            "962",
            "859",
            "996",
            "860",
            "928",
            "963",
            "929",
            "861",
            "1061",
            "895",
            "964",
            "825",
            "828",
            "826",
            "930",
            "931",
            "792",
            "898",
            "759",
            "899",
            "793",
            "932",
            "726",
            "965",
            "865",
            "832",
            "896",
            "863",
            "862",
            "795",
            "997",
            "1030",
            "1031",
            "1064",
            "1063",
            "760",
            "1065",
            "1066",
            "794",
            "1067",
            "397",
            "999",
            "396",
            "665",
            "435",
            "731"
        ],
        "3": [
            "1071",
            "1070",
            "1037",
            "1004",
            "971",
            "970",
            "938",
            "905",
            "939",
            "940",
            "907",
            "904",
            "871",
            "870",
            "838",
            "839",
            "840",
            "841",
            "842",
            "811",
            "810",
            "809",
            "877",
            "844",
            "878",
            "880",
            "879",
            "912",
            "881",
            "913",
            "847",
            "848",
            "849",
            "946",
            "816",
            "914",
            "979",
            "1012",
            "781",
            "978",
            "850",
            "851",
            "947",
            "783",
            "948",
            "980",
            "1013",
            "784",
            "1046",
            "750",
            "817",
            "749",
            "1079",
            "719",
            "1078",
            "720",
            "753",
            "721",
            "688",
            "722",
            "689",
            "723",
            "1016",
            "856",
            "855",
            "686",
            "787",
            "987",
            "885",
            "1050",
            "824",
            "986",
            "916",
            "1015",
            "1082"
        ],
        "4": [
            "179",
            "244",
            "212",
            "211",
            "277",
            "278",
            "311",
            "279",
            "344",
            "343",
            "247",
            "280",
            "345",
            "411",
            "378",
            "444",
            "445",
            "478",
            "512",
            "511",
            "545",
            "583",
            "582",
            "615",
            "616",
            "617",
            "550",
            "618",
            "552",
            "586",
            "517",
            "682",
            "650",
            "484",
            "553",
            "518",
            "683",
            "715",
            "519",
            "485",
            "587",
            "520",
            "716",
            "620",
            "652",
            "685",
            "684",
            "554",
            "521",
            "714",
            "717",
            "487",
            "653",
            "555",
            "522",
            "556",
            "654",
            "621",
            "713",
            "589",
            "523",
            "557",
            "590",
            "356",
            "718",
            "486",
            "560",
            "782",
            "580",
            "458",
            "882",
            "658"
        ],