{
    "Instance": "Center726_G27",
    "Objective": 244,
    "Infeasibility": 0.0,
    "Starting Time": 1711822533.07132,
    "Time Taken": 212.17445373535156,
    "Initialization Time": 169.46313977241516,
    "nrEliteSolutions": 20,
    "i_max": 500,
    "nrDistricts": 10,
    "delta": 0.05,
    "llambda": 0.7,
    "rcl_parameter": 0.3,
    "Allocation": {
        "0": [
            "824",
            "823",
            "822",
            "790",
            "821",
            "856",
            "855",
            "757",
            "789",
            "889",
            "854",
            "756",
            "758",
            "922",
            "724",
            "819",
            "888",
            "887",
            "725",
            "921",
            "723",
            "923",
            "787",
            "852",
            "786",
            "691",
            "920",
            "753",
            "818",
            "954",
            "692",
            "956",
            "851",
            "953",
            "658",
            "657",
            "656",
            "624",
            "785",
            "850",
            "722",
            "986",
            "752",
            "751",
            "985",
            "721",
            "817",
            "919",
            "984",
            "689",
            "655",
            "849",
            "883",
            "591",
            "989",
            "988",
            "987",
            "1021",
            "884",
            "1022",
            "1054",
            "1087",
            "593",
            "626",
            "560",
            "289",
            "519",
            "391",
            "552",
            "425",
            "392",
            "623"
        ],
        "1": [
            "13",
            "15",
            "14",
            "16",
            "82",
            "49",
            "115",
            "147",
            "180",
            "148",
            "179",
            "213",
            "178",
            "145",
            "211",
            "210",
            "207",
            "209",
            "208",
            "175",
            "240",
            "241",
            "174",
            "239",
            "141",
            "205",
            "173",
            "272",
            "204",
            "238",
            "172",
            "271",
            "140",
            "171",
            "203",
            "107",
            "106",
            "170",
            "304",
            "74",
            "41",
            "237",
            "303",
            "370",
            "338",
            "336",
            "335",
            "339",
            "403",
            "371",
            "369",
            "76",
            "8",
            "42",
            "372",
            "404",
            "43",
            "9",
            "77",
            "405",
            "368",
            "437",
            "109",
            "307",
            "373",
            "10",
            "401",
            "408",
            "406",
            "78",
            "440",
            "268",
            "504",
            "33"
        ],
        "2": [
            "1023",
            "990",
            "991",
            "957",
            "958",
            "924",
            "992",
            "959",
            "925",
            "993",
            "891",
            "1025",
            "926",
            "892",
            "927",
            "928",
            "1058",
            "859",
            "1026",
            "858",
            "929",
            "1057",
            "826",
            "860",
            "1027",
            "825",
            "1028",
            "930",
            "996",
            "792",
            "997",
            "828",
            "1029",
            "1062",
            "896",
            "931",
            "759",
            "863",
            "964",
            "760",
            "1063",
            "726",
            "862",
            "1061",
            "727",
            "1030",
            "761",
            "1031",
            "998",
            "694",
            "695",
            "696",
            "661",
            "897",
            "729",
            "830",
            "663",
            "1064",
            "829",
            "728",
            "731",
            "796",
            "630",
            "797",
            "732",
            "660",
            "627",
            "306",
            "562",
            "597",
            "600",
            "337",
            "407",
            "570",
            "960",
            "598"
        ],
        "3": [
            "479",
            "446",
            "447",
            "414",
            "381",
            "380",
            "347",
            "314",
            "281",
            "313",
            "312",
            "248",
            "249",
            "216",
            "345",
            "217",
            "218",
            "150",
            "183",
            "151",
            "251",
            "252",
            "253",
            "286",
            "254",
            "221",
            "287",
            "319",
            "188",
            "255",
            "222",
            "187",
            "189",
            "288",
            "155",
            "256",
            "321",
            "122",
            "156",
            "257",
            "190",
            "223",
            "154",
            "123",
            "89",
            "224",
            "290",
            "258",
            "157",
            "121",
            "322",
            "90",
            "88",
            "153",
            "259",
            "91",
            "120",
            "291",
            "292",
            "119",
            "55",
            "324",
            "357",
            "22",
            "390",
            "424",
            "426",
            "230",
            "460",
            "327"
        ],
        "4": [
            "443",
            "444",
            "477",
            "510",
            "543",
            "576",
            "577",
            "610",
            "578",
            "643",
            "579",
            "644",
            "676",
            "675",
            "709",
            "674",
            "742",
            "743",
            "673",
            "773",
            "707",
            "740",
            "807",
            "839",
            "808",
            "838",
            "871",
            "904",
            "870",
            "937",
            "905",
            "936",
            "970",
            "906",
            "935",
            "971",
            "1004",
            "934",
            "933",
            "967",
            "901",
            "900",
            "899",
            "1000",
            "932",
            "965",
            "867",
            "999",
            "1001",
            "866",
            "1033",
            "865",
            "834",
            "898",
            "1034",
            "1066",
            "1032",
            "801",
            "835",
            "833",
            "832",
            "800",
            "1065",
            "799",
            "768",
            "802",
            "767",
            "769",
            "736",
            "735",
            "961",
            "995",
            "861"
        ],