{
    "Instance": "Center726_G16",
    "Objective": 270,
    "Infeasibility": 0.008520069328856256,
    "Starting Time": 1711822102.1004262,
    "Time Taken": 220.36980652809143,
    "Initialization Time": 176.11058068275452,
    "nrEliteSolutions": 20,
    "i_max": 500,
    "nrDistricts": 10,
    "delta": 0.05,
    "llambda": 0.7,
    "rcl_parameter": 0.3,
    "Allocation": {
        "0": [
            "856",
            "823",
            "822",
            "824",
            "790",
            "821",
            "791",
            "757",
            "854",
            "788",
            "758",
            "756",
            "724",
            "820",
            "755",
            "725",
            "691",
            "723",
            "853",
            "819",
            "690",
            "852",
            "692",
            "722",
            "754",
            "721",
            "753",
            "689",
            "720",
            "688",
            "786",
            "886",
            "657",
            "719",
            "656",
            "818",
            "885",
            "658",
            "655",
            "884",
            "624",
            "622",
            "591",
            "592",
            "626",
            "559",
            "593",
            "623",
            "526",
            "625",
            "525",
            "524",
            "493",
            "494",
            "460",
            "427",
            "426",
            "461",
            "428",
            "395",
            "362",
            "560",
            "361",
            "360",
            "329",
            "328",
            "519",
            "1083",
            "423",
            "196",
            "197",
            "919",
            "915",
            "224",
            "955",
            "848",
            "552"
        ],
        "1": [
            "78",
            "81",
            "79",
            "80",
            "114",
            "116",
            "115",
            "117",
            "149",
            "83",
            "118",
            "182",
            "215",
            "50",
            "151",
            "214",
            "213",
            "17",
            "246",
            "279",
            "16",
            "280",
            "311",
            "278",
            "276",
            "313",
            "244",
            "346",
            "344",
            "211",
            "347",
            "379",
            "343",
            "177",
            "178",
            "412",
            "176",
            "413",
            "445",
            "145",
            "478",
            "146",
            "414",
            "209",
            "447",
            "381",
            "268",
            "41",
            "366",
            "0",
            "201",
            "66",
            "69",
            "40",
            "139",
            "67",
            "399",
            "206",
            "4",
            "175",
            "137",
            "266",
            "304",
            "167",
            "135",
            "105",
            "34",
            "274",
            "199",
            "136",
            "42"
        ],
        "2": [
            "1056",
            "990",
            "1023",
            "1024",
            "957",
            "1025",
            "991",
            "924",
            "992",
            "959",
            "925",
            "891",
            "1026",
            "858",
            "1058",
            "1059",
            "825",
            "1060",
            "859",
            "994",
            "860",
            "995",
            "1029",
            "1062",
            "893",
            "1030",
            "962",
            "894",
            "1031",
            "963",
            "929",
            "997",
            "828",
            "862",
            "964",
            "965",
            "1064",
            "966",
            "897",
            "1032",
            "863",
            "999",
            "933",
            "932",
            "899",
            "795",
            "866",
            "794",
            "934",
            "793",
            "895",
            "927",
            "898",
            "1033",
            "762",
            "760",
            "900",
            "727",
            "998",
            "728",
            "726",
            "695",
            "694",
            "759",
            "693",
            "660",
            "600",
            "434",
            "628",
            "731"
        ],
        "3": [
            "22",
            "21",
            "23",
            "24",
            "56",
            "57",
            "25",
            "89",
            "58",
            "90",
            "26",
            "88",
            "122",
            "91",
            "59",
            "27",
            "124",
            "92",
            "157",
            "93",
            "190",
            "155",
            "154",
            "187",
            "188",
            "189",
            "191",
            "222",
            "126",
            "159",
            "256",
            "257",
            "127",
            "192",
            "253",
            "290",
            "254",
            "193",
            "255",
            "286",
            "128",
            "161",
            "289",
            "95",
            "321",
            "225",
            "258",
            "96",
            "226",
            "160",
            "162",
            "130",
            "62",
            "259",
            "288",
            "291",
            "260",
            "195",
            "29",
            "227",
            "65",
            "31",
            "30",
            "32",
            "164",
            "98",
            "220",
            "326",
            "515",
            "847",
            "681"
        ],
        "4": [
            "541",
            "574",
            "540",
            "506",
            "505",
            "472",
            "439",
            "471",
            "470",
            "438",
            "406",
            "503",
            "403",
            "502",
            "536",
            "370",
            "402",
            "404",
            "467",
            "537",
            "569",
            "371",
            "401",
            "535",
            "369",
            "500",
            "466",
            "602",
            "533",
            "603",
            "635",
            "499",
            "531",
            "534",
            "433",
            "338",
            "565",
            "400",
            "465",
            "464",
            "497",
            "398",
            "365",
            "530",
            "430",
            "633",
            "297",
            "367",
            "334",
            "331",
            "429",
            "496",
            "332",
            "300",
            "298",
            "267",
            "264",
            "396",
            "568",
            "566",
            "333",
            "372",
            "299",
            "330",
            "397",
            "106",
            "669",
            "564",
            "207",
            "35",
            "835"
        ],