{
    "Instance": "Center726_G25",
    "Objective": 268,
    "Infeasibility": 0.0,
    "Starting Time": 1711823385.77589,
    "Time Taken": 216.05466842651367,
    "Initialization Time": 173.5181703567505,
    "nrEliteSolutions": 20,
    "i_max": 500,
    "nrDistricts": 10,
    "delta": 0.05,
    "llambda": 0.7,
    "rcl_parameter": 0.3,
    "Allocation": {
        "0": [
            "651",
            "683",
            "650",
            "717",
            "617",
            "685",
            "718",
            "649",
            "682",
            "584",
            "616",
            "751",
            "749",
            "719",
            "687",
            "653",
            "583",
            "720",
            "552",
            "518",
            "647",
            "817",
            "782",
            "748",
            "721",
            "785",
            "614",
            "622",
            "623",
            "722",
            "613",
            "689",
            "590",
            "755",
            "690",
            "588",
            "589",
            "655",
            "657",
            "524",
            "747",
            "591",
            "491",
            "523",
            "691",
            "612",
            "492",
            "578",
            "459",
            "460",
            "493",
            "526",
            "559",
            "619",
            "658",
            "427",
            "428",
            "626",
            "395",
            "692",
            "362",
            "659",
            "560",
            "329",
            "394",
            "153",
            "195",
            "192",
            "358",
            "226",
            "27",
            "260",
            "225",
            "23",
            "324"
        ],
        "1": [
            "48",
            "47",
            "14",
            "13",
            "10",
            "12",
            "11",
            "42",
            "9",
            "43",
            "76",
            "41",
            "109",
            "40",
            "74",
            "7",
            "142",
            "108",
            "39",
            "175",
            "141",
            "107",
            "6",
            "143",
            "72",
            "208",
            "140",
            "174",
            "38",
            "5",
            "71",
            "144",
            "139",
            "4",
            "240",
            "3",
            "274",
            "104",
            "272",
            "37",
            "206",
            "70",
            "273",
            "172",
            "243",
            "178",
            "171",
            "211",
            "204",
            "146",
            "103",
            "170",
            "169",
            "102",
            "101",
            "68",
            "136",
            "205",
            "34",
            "35",
            "1",
            "33",
            "0",
            "67",
            "66",
            "529",
            "628",
            "373"
        ],
        "2": [
            "1056",
            "1057",
            "1023",
            "1024",
            "990",
            "1025",
            "957",
            "992",
            "1026",
            "1059",
            "959",
            "1027",
            "958",
            "1060",
            "994",
            "925",
            "960",
            "1028",
            "961",
            "892",
            "995",
            "1061",
            "1062",
            "997",
            "1030",
            "963",
            "930",
            "964",
            "1063",
            "931",
            "897",
            "998",
            "929",
            "999",
            "965",
            "1064",
            "896",
            "898",
            "891",
            "895",
            "1000",
            "968",
            "1032",
            "862",
            "859",
            "1065",
            "858",
            "825",
            "860",
            "861",
            "792",
            "827",
            "826",
            "1033",
            "1066",
            "759",
            "760",
            "726",
            "693",
            "694",
            "661",
            "662",
            "660",
            "627",
            "238",
            "634",
            "405",
            "630",
            "237",
            "665",
            "433",
            "268",
            "271",
            "241",
            "242",
            "871"
        ],
        "3": [
            "742",
            "676",
            "709",
            "643",
            "677",
            "678",
            "642",
            "641",
            "674",
            "638",
            "639",
            "604",
            "671",
            "636",
            "603",
            "669",
            "570",
            "602",
            "702",
            "668",
            "569",
            "537",
            "539",
            "601",
            "536",
            "505",
            "735",
            "504",
            "540",
            "472",
            "471",
            "600",
            "439",
            "699",
            "633",
            "632",
            "438",
            "598",
            "406",
            "597",
            "596",
            "698",
            "564",
            "566",
            "664",
            "565",
            "631",
            "535",
            "502",
            "663",
            "595",
            "501",
            "408",
            "533",
            "534",
            "375",
            "376",
            "343",
            "310",
            "344",
            "277",
            "345",
            "399",
            "36",
            "463",
            "77",
            "839",
            "794",
            "934",
            "73",
            "727"
        ],
        "4": [
            "32",
            "31",
            "64",
            "65",
            "30",
            "97",
            "29",
            "62",
            "63",
            "96",
            "28",
            "95",
            "94",
            "61",
            "128",
            "26",
            "127",
            "93",
            "60",
            "160",
            "161",
            "59",
            "25",
            "126",
            "24",
            "58",
            "92",
            "57",
            "125",
            "193",
            "91",
            "159",
            "90",
            "22",
            "56",
            "55",
            "89",
            "122",
            "158",
            "191",
            "124",
            "155",
            "121",
            "157",
            "224",
            "190",
            "223",
            "154",
            "187",
            "188",
            "152",
            "189",
            "88",
            "156",
            "259",
            "258",
            "119",
            "291",
            "261",
            "262",
            "292",
            "229",
            "228",
            "295",
            "196",
            "197",
            "163",
            "328",
            "164",
            "326",
            "360",
            "263",
            "393",
            "131",
            "294",
            "230",
            "426"
        ],