{
    "Instance": "Center726_G5",
    "Objective": 297,
    "Infeasibility": 0.01998419933642606,
    "Starting Time": 1692557522.0395164,
    "Time Taken": 241.37249612808228,
    "Initialization Time": 194.25937795639038,
    "nrEliteSolutions": 20,
    "i_max": 500,
    "nrDistricts": 10,
    "delta": 0.05,
    "llambda": 0.7,
    "rcl_parameter": 0.3,
    "Allocation": {
        "0": [
            "565",
            "566",
            "598",
            "532",
            "597",
            "499",
            "563",
            "567",
            "630",
            "664",
            "530",
            "600",
            "596",
            "663",
            "632",
            "497",
            "633",
            "595",
            "629",
            "601",
            "529",
            "698",
            "730",
            "433",
            "467",
            "535",
            "432",
            "763",
            "502",
            "594",
            "400",
            "699",
            "762",
            "367",
            "431",
            "627",
            "666",
            "399",
            "764",
            "660",
            "398",
            "728",
            "528",
            "761",
            "365",
            "693",
            "561",
            "334",
            "363",
            "366",
            "794",
            "827",
            "265",
            "495",
            "266",
            "267",
            "333",
            "793",
            "661",
            "397",
            "462",
            "430",
            "701",
            "894",
            "1026",
            "1025",
            "732",
            "864",
            "965",
            "867",
            "208",
            "178"
        ],
        "1": [
            "31",
            "30",
            "32",
            "65",
            "98",
            "29",
            "97",
            "131",
            "95",
            "162",
            "128",
            "163",
            "161",
            "94",
            "164",
            "196",
            "194",
            "93",
            "228",
            "60",
            "160",
            "159",
            "92",
            "260",
            "262",
            "192",
            "259",
            "59",
            "57",
            "25",
            "295",
            "90",
            "294",
            "223",
            "26",
            "158",
            "89",
            "256",
            "292",
            "190",
            "56",
            "122",
            "230",
            "289",
            "325",
            "288",
            "124",
            "296",
            "222",
            "187",
            "221",
            "156",
            "359",
            "191",
            "428",
            "254",
            "121",
            "257",
            "290",
            "155",
            "427",
            "328",
            "362",
            "88",
            "55",
            "327",
            "394",
            "63"
        ],
        "2": [
            "343",
            "344",
            "377",
            "311",
            "313",
            "312",
            "314",
            "346",
            "281",
            "347",
            "282",
            "249",
            "283",
            "216",
            "183",
            "316",
            "181",
            "349",
            "182",
            "180",
            "213",
            "147",
            "114",
            "212",
            "115",
            "81",
            "245",
            "116",
            "80",
            "48",
            "49",
            "47",
            "83",
            "16",
            "13",
            "241",
            "209",
            "274",
            "210",
            "275",
            "240",
            "239",
            "307",
            "273",
            "177",
            "238",
            "206",
            "272",
            "305",
            "306",
            "205",
            "304",
            "172",
            "46",
            "74",
            "37",
            "9",
            "109",
            "135",
            "71",
            "43",
            "237",
            "72",
            "10",
            "2",
            "108",
            "201",
            "77",
            "175",
            "5",
            "406",
            "38"
        ],
        "3": [
            "1070",
            "1071",
            "1072",
            "1039",
            "1040",
            "1007",
            "1041",
            "1042",
            "974",
            "1043",
            "973",
            "941",
            "1010",
            "1011",
            "972",
            "1012",
            "979",
            "978",
            "1013",
            "946",
            "1045",
            "1078",
            "1046",
            "947",
            "1015",
            "1047",
            "1080",
            "982",
            "1048",
            "1081",
            "983",
            "984",
            "950",
            "1050",
            "1017",
            "1051",
            "1083",
            "1084",
            "1085",
            "884",
            "559",
            "715",
            "921",
            "988",
            "650",
            "659",
            "523",
            "421",
            "520",
            "786",
            "457",
            "721",
            "658",
            "425",
            "560",
            "951",
            "487",
            "724",
            "550",
            "583",
            "785",
            "593",
            "553",
            "822",
            "419",
            "326",
            "789",
            "361",
            "392",
            "395",
            "682",
            "840",
            "255"
        ],
        "4": [
            "546",
            "513",
            "514",
            "481",
            "484",
            "482",
            "451",
            "485",
            "517",
            "452",
            "518",
            "486",
            "551",
            "519",
            "584",
            "582",
            "488",
            "552",
            "617",
            "489",
            "585",
            "386",
            "454",
            "420",
            "649",
            "648",
            "586",
            "455",
            "387",
            "619",
            "422",
            "587",
            "388",
            "389",
            "522",
            "390",
            "618",
            "456",
            "353",
            "555",
            "490",
            "620",
            "683",
            "651",
            "554",
            "622",
            "356",
            "524",
            "589",
            "320",
            "491",
            "556",
            "323",
            "357",
            "358",
            "391",
            "291",
            "354",
            "424",
            "286",
            "360",
            "154",
            "22",
            "483",
            "28",
            "87",
            "293",
            "62",
            "127",
            "329",
            "58",
            "253",
            "527",
            "557"
        ],