{
    "Instance": "Center726_G0",
    "Objective": 265,
    "Infeasibility": 0.0026193410375055987,
    "Starting Time": 1692556914.289568,
    "Time Taken": 237.78803062438965,
    "Initialization Time": 190.1035132408142,
    "nrEliteSolutions": 20,
    "i_max": 500,
    "nrDistricts": 10,
    "delta": 0.05,
    "llambda": 0.7,
    "rcl_parameter": 0.3,
    "Allocation": {
        "0": [
            "551",
            "550",
            "552",
            "518",
            "583",
            "485",
            "616",
            "452",
            "451",
            "586",
            "483",
            "618",
            "649",
            "419",
            "520",
            "418",
            "587",
            "386",
            "650",
            "454",
            "420",
            "482",
            "651",
            "619",
            "682",
            "515",
            "385",
            "455",
            "489",
            "521",
            "588",
            "683",
            "620",
            "422",
            "716",
            "390",
            "717",
            "589",
            "522",
            "456",
            "654",
            "684",
            "687",
            "424",
            "689",
            "652",
            "655",
            "425",
            "554",
            "557",
            "426",
            "458",
            "622",
            "459",
            "556",
            "490",
            "548",
            "653",
            "555",
            "547",
            "457",
            "713",
            "642",
            "546",
            "612",
            "579",
            "708",
            "574",
            "578",
            "609",
            "709",
            "575",
            "576",
            "675",
            "643",
            "645"
        ],
        "1": [
            "1068",
            "1066",
            "1065",
            "1032",
            "1064",
            "1033",
            "1000",
            "1031",
            "999",
            "1063",
            "1001",
            "967",
            "965",
            "933",
            "966",
            "932",
            "900",
            "964",
            "931",
            "962",
            "930",
            "898",
            "897",
            "929",
            "996",
            "865",
            "928",
            "995",
            "895",
            "864",
            "961",
            "994",
            "927",
            "1029",
            "894",
            "926",
            "960",
            "959",
            "892",
            "925",
            "991",
            "957",
            "1025",
            "891",
            "828",
            "1060",
            "990",
            "827",
            "1061",
            "858",
            "1058",
            "1023",
            "924",
            "826",
            "1059",
            "860",
            "794",
            "761",
            "859",
            "760",
            "727",
            "628",
            "660",
            "759",
            "792",
            "661",
            "793",
            "693",
            "595",
            "363"
        ],
        "2": [
            "99",
            "67",
            "101",
            "34",
            "68",
            "1",
            "134",
            "69",
            "33",
            "2",
            "36",
            "167",
            "37",
            "71",
            "166",
            "136",
            "168",
            "200",
            "169",
            "165",
            "199",
            "4",
            "104",
            "170",
            "137",
            "233",
            "202",
            "5",
            "73",
            "232",
            "106",
            "40",
            "139",
            "172",
            "41",
            "6",
            "7",
            "107",
            "75",
            "299",
            "42",
            "300",
            "331",
            "138",
            "365",
            "297",
            "76",
            "333",
            "398",
            "264",
            "366",
            "364",
            "330",
            "10",
            "11",
            "9",
            "397",
            "704",
            "401",
            "597",
            "437",
            "537",
            "662",
            "571",
            "800",
            "631",
            "632",
            "529",
            "694",
            "569",
            "495",
            "463",
            "442",
            "239"
        ],
        "3": [
            "114",
            "48",
            "81",
            "49",
            "52",
            "50",
            "51",
            "19",
            "20",
            "21",
            "23",
            "22",
            "56",
            "58",
            "89",
            "57",
            "122",
            "88",
            "90",
            "87",
            "25",
            "91",
            "121",
            "59",
            "123",
            "92",
            "155",
            "60",
            "156",
            "26",
            "154",
            "188",
            "27",
            "157",
            "187",
            "189",
            "221",
            "220",
            "190",
            "253",
            "219",
            "218",
            "254",
            "255",
            "256",
            "287",
            "222",
            "320",
            "286",
            "289",
            "322",
            "323",
            "355",
            "324",
            "356",
            "354",
            "388",
            "389",
            "325",
            "395",
            "161",
            "262",
            "131",
            "361",
            "484",
            "229",
            "96",
            "486",
            "423"
        ],
        "4": [
            "908",
            "941",
            "974",
            "1007",
            "1008",
            "1009",
            "1010",
            "1076",
            "1043",
            "1044",
            "1078",
            "1045",
            "1046",
            "1047",
            "1048",
            "1014",
            "1080",
            "1049",
            "1081",
            "981",
            "1015",
            "982",
            "1016",
            "1082",
            "979",
            "948",
            "947",
            "915",
            "978",
            "951",
            "914",
            "946",
            "916",
            "881",
            "918",
            "882",
            "880",
            "913",
            "883",
            "884",
            "851",
            "849",
            "850",
            "847",
            "817",
            "848",
            "815",
            "816",
            "783",
            "814",
            "782",
            "852",
            "750",
            "751",
            "784",
            "781",
            "749",
            "718",
            "780",
            "748",
            "685",
            "779",
            "778",
            "812",
            "777",
            "878",
            "844",
            "911",
            "944",
            "585",
            "1053",
            "715",
            "688",
            "488"
        ],