{
    "Instance": "Center726_G11",
    "Objective": 252,
    "Infeasibility": 0.009405874632752144,
    "Starting Time": 1711824505.640197,
    "Time Taken": 208.93856859207153,
    "Initialization Time": 167.99788546562195,
    "nrEliteSolutions": 20,
    "i_max": 500,
    "nrDistricts": 10,
    "delta": 0.05,
    "llambda": 0.7,
    "rcl_parameter": 0.3,
    "Allocation": {
        "0": [
            "7",
            "8",
            "40",
            "6",
            "41",
            "73",
            "39",
            "74",
            "5",
            "106",
            "107",
            "38",
            "4",
            "140",
            "139",
            "105",
            "37",
            "108",
            "141",
            "172",
            "138",
            "104",
            "173",
            "174",
            "2",
            "171",
            "205",
            "35",
            "175",
            "206",
            "207",
            "103",
            "239",
            "102",
            "68",
            "34",
            "135",
            "134",
            "133",
            "240",
            "273",
            "167",
            "168",
            "166",
            "199",
            "274",
            "136",
            "33",
            "100",
            "0",
            "271",
            "101",
            "200",
            "233",
            "270",
            "304",
            "306",
            "241",
            "66",
            "234",
            "339",
            "99",
            "301",
            "335",
            "267",
            "202",
            "244",
            "237",
            "242",
            "307",
            "308",
            "169",
            "601"
        ],
        "1": [
            "1055",
            "1022",
            "1054",
            "1087",
            "1053",
            "1086",
            "987",
            "1052",
            "1020",
            "1018",
            "986",
            "985",
            "951",
            "952",
            "984",
            "918",
            "919",
            "983",
            "920",
            "917",
            "982",
            "885",
            "1015",
            "981",
            "949",
            "887",
            "1016",
            "921",
            "916",
            "1014",
            "854",
            "888",
            "948",
            "1048",
            "851",
            "915",
            "850",
            "819",
            "786",
            "817",
            "1013",
            "1080",
            "1012",
            "853",
            "882",
            "979",
            "818",
            "914",
            "1082",
            "913",
            "947",
            "889",
            "1050",
            "856",
            "1084",
            "821",
            "1047",
            "978",
            "822",
            "824",
            "823",
            "1079",
            "890",
            "923",
            "956",
            "790",
            "1078",
            "955",
            "1077",
            "755",
            "555",
            "626",
            "361"
        ],
        "2": [
            "1008",
            "1041",
            "1040",
            "1039",
            "1005",
            "1038",
            "1072",
            "939",
            "972",
            "938",
            "940",
            "905",
            "872",
            "839",
            "806",
            "840",
            "805",
            "841",
            "773",
            "808",
            "804",
            "740",
            "803",
            "809",
            "739",
            "836",
            "741",
            "738",
            "869",
            "802",
            "835",
            "801",
            "742",
            "769",
            "868",
            "768",
            "743",
            "870",
            "800",
            "901",
            "833",
            "866",
            "899",
            "710",
            "865",
            "900",
            "867",
            "934",
            "703",
            "799",
            "670",
            "766",
            "765",
            "732",
            "733",
            "767",
            "734",
            "700",
            "701",
            "935",
            "699",
            "667",
            "999",
            "696",
            "830",
            "436",
            "960",
            "963",
            "597",
            "894",
            "598",
            "663",
            "966",
            "507",
            "730",
            "893"
        ],
        "3": [
            "32",
            "31",
            "98",
            "65",
            "64",
            "131",
            "130",
            "62",
            "96",
            "129",
            "163",
            "95",
            "128",
            "162",
            "196",
            "127",
            "195",
            "161",
            "197",
            "194",
            "229",
            "160",
            "228",
            "126",
            "227",
            "193",
            "159",
            "192",
            "261",
            "93",
            "226",
            "125",
            "260",
            "262",
            "225",
            "258",
            "191",
            "293",
            "190",
            "291",
            "157",
            "60",
            "27",
            "26",
            "326",
            "327",
            "328",
            "28",
            "256",
            "255",
            "325",
            "257",
            "288",
            "360",
            "263",
            "296",
            "292",
            "394",
            "329",
            "362",
            "395",
            "230",
            "788",
            "90",
            "691",
            "681",
            "589",
            "654",
            "857",
            "725",
            "820",
            "750"
        ],
        "4": [
            "281",
            "315",
            "314",
            "348",
            "381",
            "414",
            "380",
            "379",
            "346",
            "345",
            "376",
            "377",
            "409",
            "408",
            "475",
            "508",
            "444",
            "474",
            "509",
            "542",
            "506",
            "505",
            "608",
            "575",
            "538",
            "472",
            "504",
            "537",
            "641",
            "503",
            "640",
            "536",
            "502",
            "604",
            "572",
            "470",
            "637",
            "569",
            "535",
            "568",
            "602",
            "437",
            "669",
            "534",
            "438",
            "635",
            "567",
            "600",
            "404",
            "403",
            "402",
            "533",
            "370",
            "500",
            "369",
            "599",
            "406",
            "401",
            "371",
            "467",
            "434",
            "372",
            "373",
            "368",
            "374",
            "341",
            "302",
            "565",
            "633",
            "662",
            "269",
            "303"
        ],