{
    "Instance": "Center726_G18",
    "Objective": 296,
    "Infeasibility": 0.005622141723636909,
    "Starting Time": 1711824472.9450738,
    "Time Taken": 217.61046886444092,
    "Initialization Time": 174.33836030960083,
    "nrEliteSolutions": 20,
    "i_max": 500,
    "nrDistricts": 10,
    "delta": 0.05,
    "llambda": 0.7,
    "rcl_parameter": 0.3,
    "Allocation": {
        "0": [
            "178",
            "211",
            "179",
            "244",
            "245",
            "180",
            "277",
            "113",
            "114",
            "147",
            "81",
            "112",
            "82",
            "49",
            "16",
            "17",
            "19",
            "18",
            "52",
            "85",
            "20",
            "21",
            "22",
            "118",
            "55",
            "151",
            "150",
            "183",
            "121",
            "89",
            "122",
            "182",
            "215",
            "123",
            "156",
            "214",
            "189",
            "157",
            "190",
            "191",
            "159",
            "125",
            "224",
            "160",
            "126",
            "127",
            "91",
            "59",
            "193",
            "93",
            "161",
            "128",
            "60",
            "162",
            "58",
            "26",
            "195",
            "129",
            "163",
            "95",
            "57",
            "96",
            "62",
            "28",
            "63",
            "64",
            "31",
            "32",
            "131",
            "327"
        ],
        "1": [
            "1038",
            "1037",
            "1036",
            "1068",
            "1035",
            "1034",
            "1066",
            "1065",
            "1033",
            "1064",
            "1063",
            "1030",
            "1029",
            "997",
            "998",
            "1061",
            "1060",
            "1028",
            "965",
            "964",
            "995",
            "999",
            "1027",
            "963",
            "931",
            "962",
            "932",
            "994",
            "966",
            "930",
            "1026",
            "967",
            "993",
            "1025",
            "992",
            "960",
            "899",
            "959",
            "990",
            "958",
            "897",
            "898",
            "896",
            "929",
            "933",
            "957",
            "927",
            "1023",
            "895",
            "1057",
            "928",
            "924",
            "925",
            "1024",
            "894",
            "863",
            "891",
            "862",
            "829",
            "893",
            "860",
            "859",
            "826",
            "825",
            "792",
            "892",
            "530",
            "338",
            "539",
            "533",
            "735",
            "602",
            "507",
            "495"
        ],
        "2": [
            "973",
            "907",
            "940",
            "908",
            "909",
            "910",
            "877",
            "943",
            "944",
            "977",
            "1010",
            "1043",
            "1011",
            "1012",
            "1042",
            "1041",
            "1075",
            "1045",
            "979",
            "1013",
            "946",
            "1046",
            "1078",
            "980",
            "1014",
            "913",
            "1015",
            "1047",
            "947",
            "981",
            "1079",
            "948",
            "1048",
            "982",
            "1080",
            "914",
            "880",
            "983",
            "847",
            "1081",
            "848",
            "950",
            "1049",
            "1082",
            "815",
            "1016",
            "1017",
            "1083",
            "816",
            "1084",
            "949",
            "915",
            "782",
            "1085",
            "817",
            "814",
            "781",
            "749",
            "780",
            "849",
            "818",
            "783",
            "1051",
            "779",
            "1050",
            "778",
            "617",
            "754",
            "717",
            "822",
            "721",
            "824",
            "489",
            "657",
            "485"
        ],
        "3": [
            "13",
            "11",
            "10",
            "12",
            "43",
            "76",
            "42",
            "77",
            "75",
            "109",
            "108",
            "41",
            "74",
            "142",
            "8",
            "40",
            "7",
            "175",
            "141",
            "107",
            "39",
            "140",
            "174",
            "72",
            "208",
            "207",
            "38",
            "173",
            "139",
            "105",
            "241",
            "71",
            "37",
            "240",
            "5",
            "274",
            "206",
            "239",
            "4",
            "238",
            "237",
            "68",
            "273",
            "204",
            "305",
            "104",
            "35",
            "34",
            "3",
            "1",
            "103",
            "0",
            "137",
            "67",
            "170",
            "136",
            "138",
            "66",
            "2",
            "99",
            "694",
            "628",
            "736",
            "629",
            "316",
            "375",
            "100"
        ],
        "4": [
            "461",
            "427",
            "428",
            "460",
            "362",
            "395",
            "361",
            "393",
            "329",
            "360",
            "328",
            "392",
            "295",
            "359",
            "326",
            "391",
            "425",
            "325",
            "262",
            "294",
            "293",
            "424",
            "263",
            "324",
            "229",
            "458",
            "261",
            "292",
            "291",
            "357",
            "258",
            "290",
            "323",
            "491",
            "225",
            "256",
            "524",
            "192",
            "223",
            "389",
            "490",
            "226",
            "457",
            "356",
            "355",
            "230",
            "456",
            "322",
            "423",
            "455",
            "197",
            "164",
            "321",
            "259",
            "422",
            "523",
            "289",
            "288",
            "130",
            "97",
            "287",
            "282",
            "249",
            "253",
            "286",
            "284",
            "319",
            "254",
            "394",
            "886",
            "514",
            "24",
            "515"
        ],