{
    "Instance": "Center726_G24",
    "Objective": 242,
    "Infeasibility": 0.0,
    "Starting Time": 1711822734.3216026,
    "Time Taken": 213.82317233085632,
    "Initialization Time": 171.83186888694763,
    "nrEliteSolutions": 20,
    "i_max": 500,
    "nrDistricts": 10,
    "delta": 0.05,
    "llambda": 0.7,
    "rcl_parameter": 0.3,
    "Allocation": {
        "0": [
            "1084",
            "1052",
            "1018",
            "985",
            "1053",
            "952",
            "1083",
            "1020",
            "984",
            "986",
            "1054",
            "951",
            "987",
            "1086",
            "919",
            "983",
            "1082",
            "1021",
            "920",
            "954",
            "1088",
            "982",
            "1022",
            "1049",
            "955",
            "949",
            "887",
            "989",
            "885",
            "922",
            "916",
            "854",
            "923",
            "884",
            "852",
            "890",
            "855",
            "956",
            "857",
            "889",
            "856",
            "822",
            "789",
            "788",
            "756",
            "757",
            "723",
            "821",
            "755",
            "758",
            "790",
            "725",
            "724",
            "690",
            "691",
            "658",
            "754",
            "625",
            "626",
            "791",
            "593",
            "624",
            "657",
            "656",
            "659",
            "560",
            "557",
            "423",
            "489",
            "686",
            "590",
            "611"
        ],
        "1": [
            "112",
            "113",
            "81",
            "114",
            "47",
            "115",
            "48",
            "46",
            "45",
            "44",
            "43",
            "42",
            "10",
            "41",
            "75",
            "9",
            "108",
            "74",
            "109",
            "141",
            "40",
            "174",
            "140",
            "142",
            "173",
            "139",
            "175",
            "176",
            "106",
            "206",
            "208",
            "171",
            "138",
            "105",
            "239",
            "177",
            "205",
            "104",
            "137",
            "238",
            "103",
            "178",
            "211",
            "69",
            "179",
            "36",
            "37",
            "38",
            "70",
            "101",
            "4",
            "71",
            "5",
            "6",
            "442",
            "470",
            "373",
            "398",
            "334",
            "533",
            "566",
            "268",
            "274",
            "237",
            "371",
            "231",
            "304",
            "307",
            "572",
            "0",
            "469",
            "297",
            "270",
            "33"
        ],
        "2": [
            "1025",
            "1024",
            "1058",
            "1057",
            "1023",
            "1059",
            "990",
            "1056",
            "957",
            "1060",
            "1061",
            "1062",
            "958",
            "924",
            "1028",
            "959",
            "891",
            "1063",
            "995",
            "960",
            "926",
            "962",
            "1064",
            "858",
            "961",
            "993",
            "963",
            "927",
            "893",
            "1031",
            "825",
            "1065",
            "859",
            "964",
            "928",
            "894",
            "792",
            "860",
            "827",
            "759",
            "1032",
            "828",
            "998",
            "965",
            "931",
            "898",
            "760",
            "999",
            "794",
            "795",
            "864",
            "863",
            "895",
            "1000",
            "932",
            "933",
            "1066",
            "694",
            "896",
            "762",
            "829",
            "728",
            "862",
            "763",
            "826",
            "997",
            "831",
            "695",
            "798",
            "663",
            "861",
            "761",
            "697",
            "696",
            "662",
            "730"
        ],
        "3": [
            "382",
            "381",
            "347",
            "348",
            "314",
            "282",
            "281",
            "283",
            "249",
            "216",
            "217",
            "215",
            "183",
            "218",
            "150",
            "117",
            "84",
            "251",
            "219",
            "85",
            "51",
            "220",
            "187",
            "253",
            "50",
            "221",
            "17",
            "154",
            "188",
            "286",
            "222",
            "189",
            "153",
            "287",
            "121",
            "155",
            "255",
            "319",
            "352",
            "223",
            "156",
            "353",
            "157",
            "88",
            "288",
            "386",
            "289",
            "321",
            "158",
            "191",
            "387",
            "192",
            "322",
            "55",
            "388",
            "290",
            "54",
            "291",
            "320",
            "355",
            "225",
            "21",
            "389",
            "323",
            "390",
            "22",
            "258",
            "190",
            "324",
            "451",
            "159",
            "32"
        ],
        "4": [
            "544",
            "479",
            "511",
            "512",
            "446",
            "445",
            "444",
            "443",
            "410",
            "376",
            "377",
            "375",
            "310",
            "374",
            "343",
            "311",
            "372",
            "340",
            "406",
            "339",
            "439",
            "338",
            "306",
            "472",
            "370",
            "337",
            "305",
            "471",
            "241",
            "505",
            "403",
            "436",
            "504",
            "369",
            "468",
            "402",
            "435",
            "272",
            "501",
            "503",
            "536",
            "467",
            "535",
            "534",
            "568",
            "434",
            "537",
            "567",
            "538",
            "600",
            "500",
            "539",
            "532",
            "401",
            "601",
            "571",
            "569",
            "502",
            "573",
            "634",
            "574",
            "541",
            "397",
            "202",
            "731",
            "768",
            "771",
            "133",
            "800",
            "801",
            "302",
            "232",
            "628",
            "661",
            "530"
        ],