{
    "Instance": "Center726_G22",
    "Objective": 248,
    "Infeasibility": 0.0,
    "Starting Time": 1711822968.197431,
    "Time Taken": 214.32168769836426,
    "Initialization Time": 173.3599398136139,
    "nrEliteSolutions": 20,
    "i_max": 500,
    "nrDistricts": 10,
    "delta": 0.05,
    "llambda": 0.7,
    "rcl_parameter": 0.3,
    "Allocation": {
        "0": [
            "898",
            "896",
            "865",
            "864",
            "866",
            "930",
            "895",
            "832",
            "863",
            "929",
            "894",
            "862",
            "928",
            "927",
            "830",
            "893",
            "961",
            "861",
            "829",
            "892",
            "797",
            "960",
            "959",
            "860",
            "925",
            "795",
            "993",
            "859",
            "763",
            "994",
            "996",
            "891",
            "826",
            "997",
            "794",
            "1029",
            "1028",
            "825",
            "761",
            "762",
            "998",
            "1031",
            "760",
            "924",
            "858",
            "1027",
            "1062",
            "792",
            "957",
            "1030",
            "729",
            "1063",
            "696",
            "728",
            "990",
            "999",
            "759",
            "793",
            "726",
            "693",
            "694",
            "1023",
            "661",
            "629",
            "596",
            "595",
            "1059",
            "1057",
            "660",
            "1024",
            "1058",
            "594",
            "662",
            "338",
            "566",
            "533",
            "635"
        ],
        "1": [
            "1088",
            "1055",
            "1054",
            "1053",
            "1020",
            "1021",
            "1086",
            "1052",
            "1019",
            "987",
            "1085",
            "988",
            "1018",
            "1084",
            "1051",
            "986",
            "985",
            "953",
            "1017",
            "984",
            "989",
            "955",
            "1050",
            "951",
            "920",
            "1083",
            "1049",
            "918",
            "950",
            "1082",
            "921",
            "887",
            "1048",
            "919",
            "917",
            "888",
            "885",
            "855",
            "886",
            "889",
            "1047",
            "1014",
            "822",
            "1080",
            "852",
            "789",
            "819",
            "1046",
            "890",
            "853",
            "1079",
            "1013",
            "1081",
            "884",
            "1078",
            "980",
            "756",
            "1077",
            "1045",
            "790",
            "791",
            "723",
            "857",
            "758",
            "725",
            "923",
            "593",
            "520",
            "393",
            "721",
            "428",
            "352"
        ],
        "2": [
            "80",
            "14",
            "15",
            "47",
            "50",
            "49",
            "16",
            "51",
            "84",
            "18",
            "117",
            "19",
            "150",
            "20",
            "53",
            "21",
            "183",
            "22",
            "55",
            "56",
            "23",
            "24",
            "89",
            "88",
            "121",
            "155",
            "154",
            "187",
            "153",
            "188",
            "189",
            "222",
            "256",
            "224",
            "289",
            "321",
            "191",
            "192",
            "354",
            "290",
            "159",
            "353",
            "158",
            "355",
            "323",
            "193",
            "125",
            "356",
            "126",
            "157",
            "92",
            "127",
            "93",
            "59",
            "124",
            "60",
            "26",
            "123",
            "27",
            "61",
            "28",
            "62",
            "95",
            "29",
            "454",
            "357",
            "284",
            "260",
            "358",
            "347",
            "252",
            "287",
            "279"
        ],
        "3": [
            "197",
            "263",
            "230",
            "296",
            "329",
            "295",
            "362",
            "361",
            "294",
            "395",
            "261",
            "293",
            "228",
            "394",
            "326",
            "227",
            "292",
            "359",
            "427",
            "461",
            "195",
            "259",
            "325",
            "460",
            "162",
            "194",
            "391",
            "425",
            "291",
            "494",
            "258",
            "161",
            "129",
            "458",
            "130",
            "389",
            "97",
            "457",
            "98",
            "490",
            "64",
            "456",
            "488",
            "459",
            "526",
            "31",
            "30",
            "492",
            "63",
            "525",
            "558",
            "422",
            "424",
            "591",
            "590",
            "624",
            "592",
            "32",
            "560",
            "211",
            "283",
            "314",
            "413",
            "244",
            "253",
            "280",
            "446",
            "255",
            "179",
            "275"
        ],
        "4": [
            "2",
            "0",
            "1",
            "34",
            "33",
            "67",
            "66",
            "68",
            "101",
            "134",
            "167",
            "135",
            "102",
            "133",
            "136",
            "166",
            "199",
            "233",
            "104",
            "138",
            "170",
            "234",
            "232",
            "202",
            "37",
            "203",
            "171",
            "265",
            "235",
            "267",
            "72",
            "300",
            "36",
            "298",
            "106",
            "331",
            "332",
            "333",
            "107",
            "301",
            "140",
            "38",
            "4",
            "5",
            "73",
            "236",
            "6",
            "366",
            "41",
            "297",
            "269",
            "8",
            "108",
            "7",
            "40",
            "141",
            "9",
            "42",
            "231",
            "11",
            "365",
            "264",
            "10",
            "441",
            "336",
            "799",
            "638",
            "462",
            "508",
            "569",
            "400"
        ],