{
    "Instance": "Center726_G28",
    "Objective": 227,
    "Infeasibility": 0.0006700446696445944,
    "Starting Time": 1711824054.36399,
    "Time Taken": 211.5436942577362,
    "Initialization Time": 170.12436294555664,
    "nrEliteSolutions": 20,
    "i_max": 500,
    "nrDistricts": 10,
    "delta": 0.05,
    "llambda": 0.7,
    "rcl_parameter": 0.3,
    "Allocation": {
        "0": [
            "977",
            "978",
            "1010",
            "1009",
            "979",
            "1042",
            "946",
            "980",
            "1041",
            "1013",
            "913",
            "981",
            "914",
            "1046",
            "1014",
            "1040",
            "982",
            "1047",
            "1015",
            "915",
            "983",
            "1048",
            "1079",
            "949",
            "1045",
            "1080",
            "950",
            "1039",
            "1078",
            "1049",
            "1016",
            "984",
            "1081",
            "1038",
            "951",
            "1072",
            "1017",
            "1050",
            "1051",
            "1052",
            "1053",
            "1084",
            "1018",
            "1005",
            "919",
            "952",
            "1083",
            "1019",
            "986",
            "987",
            "954",
            "921",
            "953",
            "1020",
            "1054",
            "922",
            "1086",
            "1021",
            "1087",
            "1022",
            "1055",
            "923",
            "1088",
            "989",
            "956",
            "817",
            "888",
            "849",
            "724"
        ],
        "1": [
            "48",
            "47",
            "46",
            "79",
            "111",
            "145",
            "109",
            "110",
            "76",
            "142",
            "108",
            "75",
            "43",
            "141",
            "10",
            "44",
            "42",
            "107",
            "140",
            "74",
            "11",
            "174",
            "41",
            "173",
            "73",
            "139",
            "8",
            "105",
            "206",
            "40",
            "172",
            "138",
            "104",
            "72",
            "238",
            "103",
            "71",
            "137",
            "239",
            "38",
            "37",
            "70",
            "171",
            "69",
            "272",
            "7",
            "305",
            "6",
            "306",
            "36",
            "68",
            "240",
            "67",
            "3",
            "241",
            "5",
            "2",
            "1",
            "4",
            "66",
            "0",
            "99",
            "33",
            "208",
            "242",
            "34",
            "243",
            "244",
            "210",
            "311",
            "280",
            "279",
            "278",
            "605"
        ],
        "2": [
            "149",
            "117",
            "116",
            "84",
            "51",
            "118",
            "119",
            "120",
            "121",
            "122",
            "89",
            "88",
            "123",
            "155",
            "56",
            "55",
            "156",
            "124",
            "23",
            "188",
            "90",
            "157",
            "57",
            "125",
            "22",
            "91",
            "189",
            "24",
            "158",
            "92",
            "126",
            "58",
            "25",
            "59",
            "159",
            "127",
            "60",
            "27",
            "61",
            "128",
            "28",
            "26",
            "29",
            "30",
            "63",
            "161",
            "94",
            "31",
            "162",
            "195",
            "64",
            "95",
            "32",
            "196",
            "96",
            "129",
            "97",
            "197",
            "98",
            "230",
            "263",
            "164",
            "131",
            "130",
            "229",
            "62",
            "296",
            "295",
            "328",
            "329",
            "657"
        ],
        "3": [
            "709",
            "676",
            "675",
            "642",
            "707",
            "674",
            "706",
            "772",
            "739",
            "771",
            "804",
            "773",
            "803",
            "802",
            "774",
            "775",
            "835",
            "870",
            "801",
            "808",
            "834",
            "868",
            "833",
            "841",
            "768",
            "799",
            "867",
            "901",
            "735",
            "767",
            "832",
            "766",
            "866",
            "934",
            "900",
            "734",
            "899",
            "736",
            "865",
            "864",
            "932",
            "965",
            "966",
            "931",
            "703",
            "702",
            "863",
            "930",
            "999",
            "935",
            "998",
            "898",
            "997",
            "936",
            "1032",
            "1000",
            "897",
            "969",
            "1065",
            "1064",
            "1066",
            "1067",
            "1068",
            "1035",
            "507",
            "1003",
            "535",
            "963",
            "566",
            "694",
            "1036",
            "571",
            "731",
            "506",
            "1059"
        ],
        "4": [
            "376",
            "410",
            "377",
            "443",
            "411",
            "442",
            "476",
            "475",
            "508",
            "541",
            "542",
            "505",
            "575",
            "543",
            "472",
            "538",
            "544",
            "471",
            "537",
            "439",
            "604",
            "470",
            "438",
            "536",
            "572",
            "603",
            "469",
            "637",
            "503",
            "437",
            "436",
            "569",
            "405",
            "372",
            "534",
            "670",
            "636",
            "373",
            "340",
            "669",
            "371",
            "635",
            "468",
            "502",
            "339",
            "606",
            "404",
            "307",
            "568",
            "607",
            "668",
            "601",
            "533",
            "667",
            "467",
            "600",
            "633",
            "500",
            "434",
            "565",
            "567",
            "599",
            "106",
            "800",
            "630",
            "300",
            "245",
            "304",
            "336",
            "631",
            "462"
        ],