{
    "Instance": "Corners726_G20",
    "Objective": 343,
    "Infeasibility": 0.007692307692307641,
    "Starting Time": 1711822084.8405209,
    "Time Taken": 221.10986971855164,
    "Initialization Time": 177.2206871509552,
    "nrEliteSolutions": 20,
    "i_max": 500,
    "nrDistricts": 10,
    "delta": 0.05,
    "llambda": 0.7,
    "rcl_parameter": 0.3,
    "Allocation": {
        "0": [
            "226",
            "193",
            "225",
            "192",
            "224",
            "227",
            "194",
            "159",
            "260",
            "228",
            "261",
            "126",
            "195",
            "161",
            "293",
            "162",
            "125",
            "292",
            "196",
            "127",
            "326",
            "163",
            "92",
            "164",
            "291",
            "327",
            "91",
            "131",
            "59",
            "290",
            "324",
            "58",
            "26",
            "57",
            "27",
            "328",
            "98",
            "56",
            "65",
            "64",
            "329",
            "23",
            "28",
            "31",
            "295",
            "61",
            "361",
            "394",
            "362",
            "393",
            "22",
            "427",
            "428",
            "30",
            "296",
            "263",
            "395",
            "62",
            "392",
            "461",
            "494",
            "527",
            "423",
            "391",
            "459",
            "492",
            "424",
            "524",
            "458",
            "95",
            "525",
            "425",
            "493"
        ],
        "1": [
            "1059",
            "1026",
            "1058",
            "1027",
            "1028",
            "992",
            "1024",
            "1023",
            "991",
            "1029",
            "995",
            "1057",
            "959",
            "1062",
            "962",
            "996",
            "926",
            "925",
            "1030",
            "957",
            "963",
            "924",
            "961",
            "1031",
            "927",
            "998",
            "894",
            "965",
            "1032",
            "928",
            "999",
            "1064",
            "966",
            "967",
            "1065",
            "1066",
            "1033",
            "1067",
            "932",
            "1068",
            "899",
            "900",
            "1000",
            "931",
            "1034",
            "901",
            "933",
            "1001",
            "1069",
            "1002",
            "934",
            "935",
            "1003",
            "936",
            "937",
            "904",
            "1004",
            "970",
            "971",
            "1037",
            "871",
            "905",
            "838",
            "870",
            "839",
            "837",
            "297",
            "462",
            "1071",
            "397"
        ],
        "2": [
            "617",
            "618",
            "619",
            "651",
            "585",
            "620",
            "621",
            "622",
            "588",
            "589",
            "623",
            "655",
            "555",
            "554",
            "553",
            "490",
            "487",
            "519",
            "486",
            "454",
            "453",
            "452",
            "420",
            "419",
            "451",
            "386",
            "517",
            "388",
            "484",
            "355",
            "389",
            "450",
            "417",
            "356",
            "384",
            "516",
            "549",
            "548",
            "582",
            "351",
            "352",
            "583",
            "581",
            "614",
            "546",
            "448",
            "612",
            "413",
            "445",
            "478",
            "611",
            "477",
            "412",
            "380",
            "411",
            "511",
            "248",
            "442",
            "280",
            "283",
            "476",
            "748",
            "637",
            "566",
            "841",
            "510",
            "907",
            "601",
            "747",
            "739",
            "533",
            "543",
            "321"
        ],
        "3": [
            "10",
            "75",
            "76",
            "43",
            "74",
            "107",
            "73",
            "72",
            "106",
            "140",
            "141",
            "206",
            "71",
            "5",
            "207",
            "104",
            "7",
            "103",
            "208",
            "69",
            "204",
            "238",
            "240",
            "137",
            "241",
            "36",
            "102",
            "175",
            "169",
            "171",
            "168",
            "271",
            "273",
            "167",
            "306",
            "3",
            "201",
            "200",
            "68",
            "166",
            "202",
            "34",
            "100",
            "304",
            "67",
            "274",
            "235",
            "307",
            "33",
            "308",
            "99",
            "275",
            "339",
            "341",
            "268",
            "132",
            "236",
            "267",
            "336",
            "301",
            "233",
            "373",
            "334",
            "231",
            "232",
            "366",
            "364",
            "374",
            "0",
            "264",
            "332",
            "430",
            "265",
            "300",
            "369",
            "330"
        ],
        "4": [
            "591",
            "592",
            "593",
            "625",
            "626",
            "659",
            "658",
            "690",
            "657",
            "723",
            "724",
            "722",
            "756",
            "721",
            "755",
            "757",
            "754",
            "720",
            "789",
            "790",
            "788",
            "753",
            "687",
            "791",
            "752",
            "822",
            "855",
            "686",
            "784",
            "751",
            "783",
            "717",
            "749",
            "716",
            "683",
            "715",
            "506",
            "680",
            "630",
            "514",
            "284",
            "521",
            "679",
            "505",
            "979",
            "387",
            "944",
            "444",
            "253",
            "489",
            "945",
            "316",
            "761",
            "480",
            "282",
            "800",
            "530",
            "779",
            "287",
            "631",
            "515",
            "799",
            "1075",
            "811",
            "446",
            "810",
            "522",
            "513",
            "732",
            "613",
            "633",
            "579",
            "441"
        ],