{
    "Instance": "Corners726_G28",
    "Objective": 267,
    "Infeasibility": 0.0,
    "Starting Time": 1711824117.9818974,
    "Time Taken": 217.54412984848022,
    "Initialization Time": 176.4058539867401,
    "nrEliteSolutions": 20,
    "i_max": 500,
    "nrDistricts": 10,
    "delta": 0.05,
    "llambda": 0.7,
    "rcl_parameter": 0.3,
    "Allocation": {
        "0": [
            "763",
            "796",
            "762",
            "761",
            "794",
            "729",
            "728",
            "696",
            "797",
            "793",
            "727",
            "695",
            "663",
            "697",
            "726",
            "693",
            "694",
            "830",
            "699",
            "759",
            "665",
            "660",
            "858",
            "731",
            "860",
            "863",
            "700",
            "732",
            "864",
            "733",
            "862",
            "627",
            "925",
            "958",
            "701",
            "930",
            "931",
            "964",
            "997",
            "959",
            "992",
            "861",
            "766",
            "929",
            "928",
            "668",
            "957",
            "962",
            "767",
            "895",
            "960",
            "635",
            "926",
            "963",
            "734",
            "735",
            "828",
            "995",
            "1030",
            "669",
            "1029",
            "1028",
            "1063",
            "1027",
            "1064",
            "1062",
            "1060",
            "1059",
            "1058",
            "1057",
            "1023",
            "1024",
            "1056",
            "570",
            "569"
        ],
        "1": [
            "65",
            "98",
            "32",
            "31",
            "131",
            "30",
            "97",
            "63",
            "130",
            "96",
            "29",
            "62",
            "129",
            "128",
            "95",
            "94",
            "161",
            "163",
            "93",
            "160",
            "126",
            "159",
            "92",
            "125",
            "28",
            "91",
            "59",
            "26",
            "124",
            "123",
            "191",
            "225",
            "90",
            "25",
            "157",
            "122",
            "190",
            "226",
            "156",
            "258",
            "89",
            "189",
            "222",
            "290",
            "24",
            "227",
            "261",
            "294",
            "293",
            "292",
            "228",
            "325",
            "195",
            "327",
            "262",
            "263",
            "328",
            "394",
            "362",
            "395",
            "428",
            "461",
            "460",
            "493",
            "651",
            "374",
            "515",
            "649",
            "407",
            "523",
            "343",
            "112",
            "178",
            "650"
        ],
        "2": [
            "922",
            "923",
            "956",
            "989",
            "1022",
            "1021",
            "1020",
            "1019",
            "987",
            "1018",
            "954",
            "953",
            "1017",
            "985",
            "984",
            "1050",
            "951",
            "1016",
            "1049",
            "1015",
            "1083",
            "950",
            "1048",
            "1084",
            "1082",
            "949",
            "917",
            "1047",
            "884",
            "1081",
            "1085",
            "1086",
            "1046",
            "1079",
            "1013",
            "1045",
            "1087",
            "1088",
            "980",
            "981",
            "947",
            "946",
            "914",
            "913",
            "880",
            "912",
            "879",
            "846",
            "878",
            "845",
            "877",
            "876",
            "812",
            "910",
            "779",
            "875",
            "811",
            "843",
            "810",
            "842",
            "780",
            "781",
            "841",
            "840",
            "808",
            "814",
            "715",
            "714",
            "747",
            "777",
            "744"
        ],
        "3": [
            "527",
            "560",
            "593",
            "592",
            "591",
            "658",
            "625",
            "558",
            "657",
            "525",
            "557",
            "656",
            "690",
            "689",
            "655",
            "723",
            "756",
            "724",
            "688",
            "789",
            "654",
            "721",
            "755",
            "653",
            "725",
            "822",
            "788",
            "790",
            "754",
            "720",
            "821",
            "791",
            "855",
            "758",
            "620",
            "686",
            "824",
            "820",
            "819",
            "852",
            "619",
            "853",
            "685",
            "818",
            "886",
            "817",
            "784",
            "850",
            "888",
            "783",
            "718",
            "717",
            "750",
            "919",
            "749",
            "716",
            "849",
            "682",
            "681",
            "848",
            "713",
            "680",
            "647",
            "617",
            "646",
            "645",
            "740",
            "446",
            "542",
            "640",
            "544"
        ],
        "4": [
            "33",
            "1",
            "0",
            "2",
            "35",
            "36",
            "37",
            "70",
            "71",
            "38",
            "39",
            "5",
            "103",
            "72",
            "40",
            "136",
            "73",
            "7",
            "105",
            "41",
            "169",
            "138",
            "202",
            "8",
            "42",
            "168",
            "171",
            "139",
            "140",
            "201",
            "43",
            "9",
            "172",
            "234",
            "76",
            "200",
            "107",
            "10",
            "77",
            "109",
            "110",
            "175",
            "176",
            "199",
            "166",
            "133",
            "143",
            "100",
            "208",
            "101",
            "134",
            "209",
            "145",
            "207",
            "210",
            "242",
            "275",
            "206",
            "239",
            "240",
            "274",
            "308",
            "307",
            "373",
            "372",
            "405",
            "404",
            "438",
            "437",
            "465",
            "369",
            "434"
        ],