{
    "Instance": "Corners726_G15",
    "Objective": 252,
    "Infeasibility": 0.0,
    "Starting Time": 1711823410.9123335,
    "Time Taken": 217.52351808547974,
    "Initialization Time": 175.64790439605713,
    "nrEliteSolutions": 20,
    "i_max": 500,
    "nrDistricts": 10,
    "delta": 0.05,
    "llambda": 0.7,
    "rcl_parameter": 0.3,
    "Allocation": {
        "0": [
            "196",
            "229",
            "195",
            "162",
            "194",
            "129",
            "161",
            "96",
            "227",
            "130",
            "97",
            "226",
            "260",
            "131",
            "64",
            "259",
            "164",
            "293",
            "225",
            "65",
            "292",
            "294",
            "291",
            "258",
            "325",
            "326",
            "324",
            "290",
            "295",
            "358",
            "359",
            "323",
            "357",
            "289",
            "296",
            "392",
            "391",
            "360",
            "393",
            "394",
            "288",
            "329",
            "395",
            "287",
            "428",
            "320",
            "361",
            "425",
            "157",
            "93",
            "153",
            "87",
            "446",
            "583",
            "253",
            "277",
            "156",
            "223",
            "181",
            "550",
            "616",
            "123",
            "278",
            "552",
            "212",
            "585",
            "286",
            "245",
            "582",
            "58",
            "618"
        ],
        "1": [
            "266",
            "267",
            "268",
            "301",
            "334",
            "335",
            "336",
            "368",
            "303",
            "401",
            "434",
            "400",
            "402",
            "433",
            "435",
            "403",
            "398",
            "432",
            "466",
            "366",
            "465",
            "397",
            "332",
            "464",
            "430",
            "364",
            "497",
            "363",
            "298",
            "530",
            "330",
            "297",
            "529",
            "563",
            "528",
            "562",
            "264",
            "564",
            "565",
            "595",
            "198",
            "495",
            "232",
            "532",
            "598",
            "566",
            "533",
            "199",
            "628",
            "462",
            "627",
            "132",
            "534",
            "500",
            "133",
            "167",
            "660",
            "67",
            "66",
            "68",
            "1",
            "629",
            "105",
            "665",
            "106",
            "666",
            "697",
            "663",
            "2",
            "662",
            "630"
        ],
        "2": [
            "1088",
            "1087",
            "1055",
            "1086",
            "1022",
            "1054",
            "1053",
            "1021",
            "1020",
            "988",
            "1019",
            "987",
            "1085",
            "954",
            "953",
            "952",
            "985",
            "951",
            "919",
            "918",
            "984",
            "886",
            "917",
            "885",
            "1017",
            "887",
            "983",
            "982",
            "1050",
            "888",
            "820",
            "948",
            "1051",
            "915",
            "856",
            "787",
            "822",
            "981",
            "882",
            "754",
            "881",
            "914",
            "788",
            "857",
            "913",
            "1014",
            "824",
            "946",
            "890",
            "721",
            "945",
            "1047",
            "1046",
            "923",
            "849",
            "1048",
            "1081",
            "1079",
            "1082",
            "1078",
            "1013",
            "1012",
            "1080",
            "922",
            "814",
            "813",
            "780",
            "748",
            "878",
            "493",
            "989",
            "943",
            "1010",
            "1008",
            "777"
        ],
        "3": [
            "238",
            "271",
            "272",
            "305",
            "306",
            "338",
            "307",
            "340",
            "308",
            "341",
            "374",
            "407",
            "375",
            "408",
            "406",
            "376",
            "439",
            "405",
            "472",
            "438",
            "441",
            "372",
            "471",
            "504",
            "437",
            "537",
            "503",
            "570",
            "502",
            "539",
            "603",
            "569",
            "469",
            "568",
            "540",
            "636",
            "507",
            "669",
            "637",
            "573",
            "541",
            "600",
            "606",
            "574",
            "634",
            "668",
            "702",
            "667",
            "701",
            "639",
            "605",
            "575",
            "700",
            "672",
            "703",
            "704",
            "736",
            "576",
            "699",
            "737",
            "767",
            "673",
            "641",
            "543",
            "577",
            "476",
            "475",
            "510",
            "477",
            "770",
            "509",
            "867",
            "766",
            "601"
        ],
        "4": [
            "726",
            "759",
            "792",
            "825",
            "858",
            "891",
            "924",
            "892",
            "893",
            "926",
            "894",
            "860",
            "959",
            "895",
            "992",
            "960",
            "862",
            "794",
            "896",
            "961",
            "1025",
            "929",
            "991",
            "795",
            "761",
            "994",
            "990",
            "930",
            "1058",
            "762",
            "728",
            "1027",
            "763",
            "1023",
            "1059",
            "764",
            "731",
            "996",
            "732",
            "698",
            "696",
            "661",
            "765",
            "963",
            "931",
            "898",
            "899",
            "932",
            "866",
            "900",
            "933",
            "965",
            "901",
            "998",
            "864",
            "967",
            "664",
            "868",
            "968",
            "936",
            "969",
            "799",
            "831",
            "835",
            "800",
            "638",
            "1006",
            "1064",
            "842",
            "836",
            "871",
            "873",
            "875",
            "966",
            "805"
        ],