{
    "Instance": "Corners726_G25",
    "Objective": 252,
    "Infeasibility": 0.0070274983873663925,
    "Starting Time": 1711822560.7131853,
    "Time Taken": 223.36818742752075,
    "Initialization Time": 181.52560257911682,
    "nrEliteSolutions": 20,
    "i_max": 500,
    "nrDistricts": 10,
    "delta": 0.05,
    "llambda": 0.7,
    "rcl_parameter": 0.3,
    "Allocation": {
        "0": [
            "755",
            "754",
            "722",
            "788",
            "786",
            "821",
            "753",
            "854",
            "787",
            "723",
            "822",
            "820",
            "690",
            "853",
            "819",
            "855",
            "823",
            "724",
            "887",
            "657",
            "790",
            "824",
            "624",
            "658",
            "857",
            "791",
            "656",
            "659",
            "623",
            "622",
            "890",
            "692",
            "626",
            "655",
            "590",
            "589",
            "621",
            "593",
            "592",
            "560",
            "688",
            "687",
            "523",
            "524",
            "490",
            "525",
            "457",
            "456",
            "424",
            "458",
            "493",
            "425",
            "494",
            "455",
            "392",
            "461",
            "488",
            "487",
            "422",
            "521",
            "486",
            "389",
            "421",
            "485",
            "388",
            "519",
            "420",
            "390",
            "387",
            "518",
            "354",
            "553",
            "587",
            "551"
        ],
        "1": [
            "3",
            "1",
            "34",
            "2",
            "67",
            "100",
            "101",
            "133",
            "134",
            "166",
            "165",
            "102",
            "103",
            "135",
            "69",
            "199",
            "136",
            "168",
            "70",
            "137",
            "105",
            "104",
            "169",
            "170",
            "201",
            "200",
            "138",
            "139",
            "72",
            "73",
            "39",
            "6",
            "140",
            "141",
            "174",
            "108",
            "142",
            "143",
            "7",
            "5",
            "109",
            "110",
            "176",
            "75",
            "207",
            "144",
            "76",
            "206",
            "177",
            "77",
            "145",
            "42",
            "112",
            "9",
            "78",
            "44",
            "210",
            "41",
            "205",
            "204",
            "113",
            "45",
            "10",
            "46",
            "114",
            "12",
            "147",
            "47",
            "14",
            "148",
            "180",
            "181",
            "241"
        ],
        "2": [
            "1021",
            "1022",
            "1055",
            "989",
            "956",
            "1088",
            "1087",
            "955",
            "1086",
            "954",
            "1085",
            "1053",
            "1052",
            "1083",
            "1084",
            "953",
            "1082",
            "986",
            "1050",
            "1049",
            "1081",
            "1017",
            "985",
            "1016",
            "1080",
            "984",
            "1015",
            "1018",
            "983",
            "1047",
            "1014",
            "1013",
            "950",
            "1046",
            "980",
            "981",
            "1012",
            "1045",
            "1078",
            "947",
            "978",
            "1010",
            "945",
            "1009",
            "944",
            "1042",
            "976",
            "912",
            "1008",
            "1075",
            "975",
            "1007",
            "1041",
            "911",
            "974",
            "1006",
            "941",
            "910",
            "1040",
            "973",
            "1073",
            "940",
            "877",
            "972",
            "844",
            "845",
            "907",
            "876",
            "1072",
            "846",
            "1071",
            "847"
        ],
        "3": [
            "924",
            "891",
            "859",
            "858",
            "825",
            "826",
            "792",
            "827",
            "793",
            "760",
            "727",
            "828",
            "794",
            "761",
            "795",
            "728",
            "762",
            "861",
            "726",
            "763",
            "796",
            "862",
            "693",
            "764",
            "797",
            "895",
            "731",
            "798",
            "660",
            "830",
            "863",
            "732",
            "698",
            "699",
            "831",
            "733",
            "666",
            "766",
            "665",
            "627",
            "697",
            "632",
            "599",
            "566",
            "700",
            "701",
            "633",
            "600",
            "896",
            "702",
            "628",
            "734",
            "631",
            "598",
            "661",
            "567",
            "664",
            "634",
            "629",
            "596",
            "735",
            "736",
            "663",
            "767",
            "703",
            "737",
            "770",
            "670",
            "238",
            "237",
            "401",
            "305"
        ],
        "4": [
            "918",
            "883",
            "885",
            "884",
            "850",
            "882",
            "916",
            "817",
            "849",
            "915",
            "816",
            "881",
            "784",
            "783",
            "815",
            "782",
            "751",
            "749",
            "750",
            "781",
            "717",
            "748",
            "718",
            "684",
            "716",
            "747",
            "715",
            "685",
            "683",
            "714",
            "746",
            "713",
            "779",
            "652",
            "711",
            "778",
            "712",
            "679",
            "744",
            "743",
            "646",
            "647",
            "613",
            "776",
            "648",
            "614",
            "649",
            "775",
            "615",
            "808",
            "616",
            "774",
            "841",
            "582",
            "807",
            "773",
            "617",
            "806",
            "618",
            "840",
            "549",
            "874",
            "842",
            "839",
            "873",
            "805",
            "875",
            "843",
            "804",
            "838",
            "706",
            "813"
        ],