{
    "Instance": "Corners726_G7",
    "Objective": 282,
    "Infeasibility": 0.0,
    "Starting Time": 1692556415.291987,
    "Time Taken": 237.35952496528625,
    "Initialization Time": 191.28950214385986,
    "nrEliteSolutions": 20,
    "i_max": 500,
    "nrDistricts": 10,
    "delta": 0.05,
    "llambda": 0.7,
    "rcl_parameter": 0.3,
    "Allocation": {
        "0": [
            "822",
            "821",
            "823",
            "824",
            "790",
            "788",
            "791",
            "787",
            "757",
            "857",
            "890",
            "754",
            "758",
            "756",
            "753",
            "889",
            "923",
            "723",
            "752",
            "719",
            "956",
            "687",
            "784",
            "717",
            "850",
            "818",
            "816",
            "716",
            "685",
            "683",
            "849",
            "851",
            "782",
            "848",
            "884",
            "853",
            "814",
            "747",
            "847",
            "917",
            "781",
            "881",
            "918",
            "648",
            "886",
            "846",
            "880",
            "780",
            "647",
            "919",
            "615",
            "887",
            "879",
            "920",
            "845",
            "1054",
            "811",
            "921",
            "1087",
            "1020",
            "778",
            "1021",
            "1055",
            "809",
            "1088",
            "986",
            "987",
            "843",
            "873",
            "1081"
        ],
        "1": [
            "363",
            "330",
            "297",
            "264",
            "231",
            "265",
            "232",
            "198",
            "233",
            "199",
            "234",
            "200",
            "167",
            "134",
            "135",
            "169",
            "133",
            "102",
            "100",
            "170",
            "136",
            "137",
            "99",
            "103",
            "104",
            "67",
            "203",
            "66",
            "138",
            "70",
            "105",
            "204",
            "71",
            "33",
            "72",
            "68",
            "37",
            "35",
            "36",
            "73",
            "34",
            "2",
            "74",
            "41",
            "0",
            "107",
            "40",
            "140",
            "75",
            "1",
            "108",
            "7",
            "6",
            "106",
            "109",
            "5",
            "347",
            "341",
            "405",
            "314",
            "538",
            "275",
            "376",
            "372",
            "377",
            "247",
            "380",
            "504",
            "379",
            "272"
        ],
        "2": [
            "30",
            "29",
            "28",
            "61",
            "95",
            "94",
            "60",
            "96",
            "129",
            "97",
            "64",
            "130",
            "162",
            "161",
            "98",
            "163",
            "131",
            "195",
            "160",
            "194",
            "65",
            "164",
            "159",
            "196",
            "193",
            "32",
            "126",
            "229",
            "226",
            "230",
            "157",
            "262",
            "190",
            "156",
            "263",
            "124",
            "91",
            "58",
            "294",
            "25",
            "57",
            "260",
            "222",
            "92",
            "188",
            "90",
            "255",
            "256",
            "288",
            "186",
            "289",
            "257",
            "89",
            "56",
            "88",
            "291",
            "122",
            "258",
            "322",
            "55",
            "324",
            "87",
            "218",
            "217",
            "21",
            "251",
            "249",
            "316",
            "23",
            "290",
            "282",
            "357",
            "22"
        ],
        "3": [
            "892",
            "891",
            "858",
            "825",
            "792",
            "759",
            "726",
            "761",
            "760",
            "693",
            "728",
            "794",
            "694",
            "695",
            "661",
            "795",
            "796",
            "628",
            "595",
            "596",
            "627",
            "594",
            "563",
            "763",
            "562",
            "597",
            "561",
            "529",
            "530",
            "630",
            "598",
            "497",
            "496",
            "631",
            "599",
            "565",
            "663",
            "532",
            "464",
            "431",
            "566",
            "498",
            "430",
            "499",
            "398",
            "500",
            "764",
            "633",
            "466",
            "731",
            "365",
            "567",
            "698",
            "533",
            "732",
            "432",
            "568",
            "699",
            "429",
            "666",
            "667",
            "569",
            "366",
            "332",
            "467",
            "668",
            "299",
            "367",
            "701",
            "334",
            "301",
            "702",
            "302",
            "765",
            "960",
            "926",
            "736"
        ],
        "4": [
            "117",
            "85",
            "119",
            "118",
            "52",
            "51",
            "19",
            "18",
            "53",
            "17",
            "49",
            "16",
            "82",
            "115",
            "148",
            "83",
            "147",
            "149",
            "146",
            "145",
            "113",
            "182",
            "112",
            "144",
            "183",
            "178",
            "111",
            "211",
            "79",
            "177",
            "78",
            "212",
            "210",
            "46",
            "244",
            "176",
            "77",
            "13",
            "209",
            "175",
            "14",
            "12",
            "242",
            "174",
            "11",
            "173",
            "241",
            "172",
            "10",
            "206",
            "9",
            "239",
            "273",
            "271",
            "306",
            "304",
            "168",
            "472",
            "407",
            "438",
            "403",
            "473",
            "470",
            "573",
            "401",
            "402",
            "439",
            "636",
            "280",
            "602"
        ],