{
    "Instance": "Corners726_G29",
    "Objective": 301,
    "Infeasibility": 0.0939429435818875,
    "Starting Time": 1711822099.627724,
    "Time Taken": 226.38288378715515,
    "Initialization Time": 183.77396392822266,
    "nrEliteSolutions": 20,
    "i_max": 500,
    "nrDistricts": 10,
    "delta": 0.05,
    "llambda": 0.7,
    "rcl_parameter": 0.3,
    "Allocation": {
        "0": [
            "989",
            "956",
            "1022",
            "1021",
            "923",
            "1020",
            "922",
            "1053",
            "857",
            "890",
            "889",
            "987",
            "1019",
            "1086",
            "856",
            "986",
            "824",
            "888",
            "954",
            "953",
            "791",
            "1087",
            "1085",
            "855",
            "823",
            "952",
            "920",
            "985",
            "887",
            "1088",
            "822",
            "919",
            "918",
            "951",
            "1017",
            "1050",
            "984",
            "758",
            "757",
            "821",
            "725",
            "789",
            "1051",
            "1016",
            "788",
            "755",
            "1083",
            "1081",
            "722",
            "1015",
            "982",
            "723",
            "689",
            "656",
            "690",
            "691",
            "655",
            "658",
            "625",
            "659",
            "592",
            "624",
            "591",
            "841",
            "1077",
            "1082",
            "1067",
            "1013",
            "840"
        ],
        "1": [
            "0",
            "33",
            "34",
            "35",
            "68",
            "2",
            "3",
            "102",
            "69",
            "70",
            "71",
            "38",
            "104",
            "105",
            "39",
            "138",
            "40",
            "6",
            "137",
            "41",
            "169",
            "136",
            "74",
            "73",
            "42",
            "107",
            "75",
            "202",
            "108",
            "140",
            "141",
            "173",
            "142",
            "172",
            "207",
            "206",
            "205",
            "204",
            "402",
            "435",
            "144",
            "399",
            "630",
            "374",
            "466",
            "529",
            "133",
            "400",
            "311",
            "330",
            "500",
            "333",
            "510",
            "532",
            "381",
            "568",
            "631",
            "563",
            "482",
            "341",
            "433",
            "347",
            "401",
            "336",
            "46",
            "289",
            "213",
            "278",
            "397",
            "256"
        ],
        "2": [
            "883",
            "914",
            "915",
            "916",
            "881",
            "948",
            "848",
            "880",
            "849",
            "815",
            "879",
            "912",
            "878",
            "782",
            "846",
            "814",
            "911",
            "845",
            "813",
            "749",
            "812",
            "781",
            "844",
            "716",
            "779",
            "811",
            "683",
            "650",
            "685",
            "718",
            "652",
            "618",
            "584",
            "648",
            "752",
            "585",
            "583",
            "784",
            "615",
            "553",
            "552",
            "550",
            "785",
            "747",
            "817",
            "520",
            "554",
            "487",
            "786",
            "548",
            "521",
            "819",
            "454",
            "555",
            "687",
            "852",
            "581",
            "225",
            "260",
            "395",
            "354",
            "458",
            "460",
            "489",
            "96",
            "130",
            "524",
            "195",
            "360",
            "212",
            "312",
            "379",
            "348",
            "287",
            "190"
        ],
        "3": [
            "929",
            "928",
            "961",
            "960",
            "993",
            "959",
            "926",
            "1026",
            "958",
            "925",
            "1025",
            "1059",
            "1024",
            "1027",
            "924",
            "1060",
            "1023",
            "1061",
            "1028",
            "1062",
            "1056",
            "1029",
            "997",
            "996",
            "1031",
            "967",
            "933",
            "934",
            "900",
            "901",
            "898",
            "897",
            "833",
            "865",
            "832",
            "800",
            "767",
            "768",
            "766",
            "733",
            "735",
            "765",
            "701",
            "700",
            "736",
            "770",
            "802",
            "668",
            "702",
            "635",
            "636",
            "637",
            "601",
            "566",
            "537",
            "569",
            "567",
            "571",
            "609",
            "437",
            "714",
            "796",
            "795",
            "404",
            "936",
            "629"
        ],
        "4": [
            "57",
            "24",
            "23",
            "22",
            "21",
            "55",
            "20",
            "88",
            "54",
            "53",
            "87",
            "19",
            "52",
            "85",
            "84",
            "117",
            "116",
            "83",
            "150",
            "50",
            "183",
            "115",
            "82",
            "17",
            "184",
            "182",
            "49",
            "114",
            "81",
            "185",
            "215",
            "186",
            "80",
            "152",
            "218",
            "153",
            "248",
            "154",
            "155",
            "122",
            "219",
            "251",
            "281",
            "220",
            "119",
            "252",
            "284",
            "282",
            "253",
            "286",
            "254",
            "285",
            "283",
            "317",
            "188",
            "156",
            "318",
            "255",
            "350",
            "157",
            "383",
            "621",
            "619",
            "356",
            "384",
            "589",
            "481",
            "560",
            "127",
            "586",
            "26",
            "145",
            "269",
            "549"
        ],