{
    "Instance": "Corners726_G10",
    "Objective": 232,
    "Infeasibility": 0.0010841161137393497,
    "Starting Time": 1711822305.957456,
    "Time Taken": 218.44311118125916,
    "Initialization Time": 176.96027135849,
    "nrEliteSolutions": 20,
    "i_max": 500,
    "nrDistricts": 10,
    "delta": 0.05,
    "llambda": 0.7,
    "rcl_parameter": 0.3,
    "Allocation": {
        "0": [
            "511",
            "510",
            "512",
            "479",
            "477",
            "513",
            "509",
            "476",
            "542",
            "575",
            "507",
            "445",
            "380",
            "475",
            "414",
            "608",
            "576",
            "412",
            "448",
            "474",
            "577",
            "540",
            "381",
            "411",
            "440",
            "472",
            "539",
            "350",
            "378",
            "538",
            "537",
            "377",
            "344",
            "345",
            "407",
            "410",
            "482",
            "505",
            "384",
            "483",
            "572",
            "376",
            "409",
            "416",
            "385",
            "386",
            "349",
            "605",
            "516",
            "638",
            "312",
            "352",
            "353",
            "639",
            "604",
            "375",
            "637",
            "279",
            "672",
            "313",
            "640",
            "280",
            "278",
            "245",
            "277",
            "212",
            "179",
            "310",
            "237",
            "205",
            "243",
            "235",
            "238",
            "147",
            "207",
            "535"
        ],
        "1": [
            "900",
            "867",
            "866",
            "865",
            "832",
            "864",
            "898",
            "799",
            "931",
            "800",
            "766",
            "798",
            "797",
            "765",
            "830",
            "732",
            "731",
            "699",
            "829",
            "698",
            "666",
            "862",
            "730",
            "827",
            "828",
            "697",
            "763",
            "729",
            "895",
            "794",
            "762",
            "928",
            "896",
            "929",
            "793",
            "961",
            "927",
            "792",
            "926",
            "959",
            "925",
            "825",
            "962",
            "858",
            "995",
            "859",
            "1028",
            "963",
            "759",
            "892",
            "726",
            "693",
            "891",
            "727",
            "1027",
            "1060",
            "1026",
            "1059",
            "993",
            "1058",
            "1057",
            "1024",
            "1056",
            "1023",
            "990",
            "957",
            "1030",
            "1036",
            "1035",
            "1000",
            "1064"
        ],
        "2": [
            "1088",
            "1054",
            "1055",
            "1022",
            "1021",
            "1086",
            "988",
            "956",
            "1052",
            "1085",
            "986",
            "955",
            "954",
            "953",
            "985",
            "921",
            "920",
            "1051",
            "1018",
            "1050",
            "984",
            "919",
            "923",
            "1017",
            "983",
            "918",
            "917",
            "890",
            "950",
            "885",
            "916",
            "854",
            "852",
            "851",
            "819",
            "820",
            "889",
            "856",
            "949",
            "823",
            "824",
            "884",
            "786",
            "855",
            "791",
            "787",
            "754",
            "785",
            "758",
            "725",
            "752",
            "751",
            "718",
            "719",
            "724",
            "686",
            "720",
            "687",
            "850",
            "817",
            "815",
            "814",
            "692",
            "749",
            "716",
            "715",
            "748",
            "750",
            "776",
            "742",
            "847",
            "745"
        ],
        "3": [
            "2",
            "1",
            "35",
            "34",
            "0",
            "33",
            "36",
            "68",
            "66",
            "37",
            "99",
            "100",
            "70",
            "132",
            "133",
            "167",
            "165",
            "135",
            "71",
            "168",
            "200",
            "72",
            "104",
            "169",
            "73",
            "233",
            "105",
            "39",
            "202",
            "74",
            "40",
            "232",
            "106",
            "138",
            "41",
            "265",
            "231",
            "6",
            "8",
            "298",
            "5",
            "139",
            "107",
            "108",
            "140",
            "236",
            "301",
            "172",
            "334",
            "206",
            "239",
            "272",
            "305",
            "300",
            "240",
            "273",
            "306",
            "241",
            "274",
            "304",
            "307",
            "175",
            "275",
            "308",
            "142",
            "176",
            "276",
            "178",
            "177",
            "145",
            "144",
            "143",
            "146",
            "268",
            "566"
        ],
        "4": [
            "31",
            "32",
            "65",
            "98",
            "97",
            "130",
            "163",
            "161",
            "162",
            "196",
            "229",
            "195",
            "197",
            "194",
            "228",
            "227",
            "262",
            "261",
            "226",
            "294",
            "259",
            "225",
            "192",
            "258",
            "257",
            "191",
            "327",
            "328",
            "158",
            "223",
            "190",
            "291",
            "326",
            "290",
            "157",
            "324",
            "124",
            "329",
            "323",
            "123",
            "289",
            "288",
            "361",
            "356",
            "362",
            "395",
            "255",
            "125",
            "92",
            "59",
            "94",
            "60",
            "61",
            "90",
            "127",
            "27",
            "321",
            "95",
            "122",
            "28",
            "62",
            "29",
            "63",
            "424",
            "493",
            "481",
            "551",
            "515",
            "450",
            "548"
        ],