{
    "Instance": "Corners726_G12",
    "Objective": 280,
    "Infeasibility": 0.0,
    "Starting Time": 1711824068.6247394,
    "Time Taken": 220.34303998947144,
    "Initialization Time": 178.40443992614746,
    "nrEliteSolutions": 20,
    "i_max": 500,
    "nrDistricts": 10,
    "delta": 0.05,
    "llambda": 0.7,
    "rcl_parameter": 0.3,
    "Allocation": {
        "0": [
            "1040",
            "1074",
            "1073",
            "1039",
            "1038",
            "1006",
            "1005",
            "973",
            "1037",
            "1004",
            "1070",
            "972",
            "1036",
            "1003",
            "940",
            "939",
            "1035",
            "1002",
            "970",
            "1001",
            "873",
            "937",
            "1000",
            "840",
            "968",
            "904",
            "1033",
            "936",
            "872",
            "935",
            "807",
            "1066",
            "902",
            "838",
            "934",
            "869",
            "1032",
            "836",
            "809",
            "806",
            "810",
            "1031",
            "1064",
            "1065",
            "773",
            "1063",
            "741",
            "1062",
            "1067",
            "1029",
            "1061",
            "708",
            "1060",
            "1027",
            "1028",
            "909",
            "942",
            "910",
            "962",
            "866",
            "579",
            "713",
            "681",
            "650",
            "613",
            "649",
            "546",
            "648",
            "647",
            "899",
            "797"
        ],
        "1": [
            "142",
            "143",
            "109",
            "144",
            "111",
            "76",
            "145",
            "78",
            "43",
            "75",
            "42",
            "79",
            "10",
            "41",
            "80",
            "11",
            "46",
            "40",
            "7",
            "13",
            "47",
            "113",
            "106",
            "14",
            "73",
            "6",
            "72",
            "48",
            "114",
            "139",
            "15",
            "5",
            "107",
            "71",
            "140",
            "16",
            "70",
            "69",
            "37",
            "17",
            "38",
            "50",
            "103",
            "104",
            "138",
            "18",
            "102",
            "3",
            "135",
            "35",
            "83",
            "51",
            "168",
            "19",
            "34",
            "116",
            "84",
            "20",
            "52",
            "33",
            "167",
            "53",
            "117",
            "166",
            "21",
            "22",
            "86",
            "100",
            "165",
            "118",
            "87",
            "132",
            "99",
            "408",
            "204",
            "343",
            "474"
        ],
        "2": [
            "923",
            "922",
            "921",
            "920",
            "887",
            "953",
            "919",
            "854",
            "853",
            "821",
            "788",
            "820",
            "822",
            "787",
            "852",
            "789",
            "755",
            "851",
            "754",
            "786",
            "884",
            "850",
            "818",
            "721",
            "785",
            "720",
            "688",
            "751",
            "783",
            "689",
            "655",
            "816",
            "750",
            "718",
            "654",
            "656",
            "685",
            "652",
            "717",
            "622",
            "653",
            "620",
            "690",
            "723",
            "657",
            "691",
            "587",
            "623",
            "684",
            "686",
            "716",
            "624",
            "724",
            "590",
            "626",
            "557",
            "558",
            "757",
            "725",
            "592",
            "658",
            "758",
            "824",
            "559",
            "857",
            "856",
            "527",
            "494",
            "560",
            "28",
            "254",
            "62",
            "95",
            "358"
        ],
        "3": [
            "770",
            "771",
            "738",
            "804",
            "739",
            "706",
            "673",
            "607",
            "641",
            "639",
            "608",
            "606",
            "609",
            "642",
            "605",
            "575",
            "637",
            "576",
            "643",
            "572",
            "671",
            "542",
            "704",
            "577",
            "611",
            "636",
            "541",
            "509",
            "603",
            "635",
            "669",
            "476",
            "677",
            "710",
            "510",
            "508",
            "668",
            "602",
            "569",
            "506",
            "444",
            "411",
            "412",
            "413",
            "380",
            "381",
            "378",
            "701",
            "345",
            "348",
            "315",
            "314",
            "445",
            "446",
            "379",
            "281",
            "316",
            "556",
            "588",
            "621",
            "555",
            "451",
            "222",
            "337",
            "223",
            "224",
            "512",
            "372",
            "456",
            "158",
            "617",
            "419",
            "545",
            "88",
            "589"
        ],
        "4": [
            "1055",
            "989",
            "1022",
            "988",
            "987",
            "1020",
            "1019",
            "1018",
            "1052",
            "1085",
            "984",
            "985",
            "983",
            "1016",
            "950",
            "982",
            "1015",
            "949",
            "1048",
            "1081",
            "1047",
            "1046",
            "1082",
            "1080",
            "1013",
            "1083",
            "1044",
            "1045",
            "980",
            "1012",
            "1050",
            "1010",
            "1042",
            "1043",
            "1009",
            "1008",
            "977",
            "944",
            "945",
            "912",
            "946",
            "879",
            "913",
            "846",
            "914",
            "847",
            "813",
            "915",
            "814",
            "882",
            "780",
            "812",
            "779",
            "781",
            "747",
            "777",
            "841",
            "775",
            "876",
            "744",
            "742",
            "808",
            "843",
            "811",
            "778",
            "646",
            "712",
            "745",
            "844",
            "680"
        ],