{
    "Instance": "Corners726_G5",
    "Objective": 273,
    "Infeasibility": 0.0,
    "Starting Time": 1692556896.5568008,
    "Time Taken": 240.76731252670288,
    "Initialization Time": 194.01038360595703,
    "nrEliteSolutions": 20,
    "i_max": 500,
    "nrDistricts": 10,
    "delta": 0.05,
    "llambda": 0.7,
    "rcl_parameter": 0.3,
    "Allocation": {
        "0": [
            "1083",
            "1051",
            "1017",
            "1050",
            "1049",
            "1052",
            "1048",
            "1053",
            "1015",
            "1047",
            "1020",
            "1054",
            "1080",
            "982",
            "1014",
            "1055",
            "987",
            "981",
            "1022",
            "983",
            "1088",
            "949",
            "989",
            "954",
            "980",
            "921",
            "950",
            "917",
            "888",
            "918",
            "855",
            "854",
            "887",
            "919",
            "822",
            "856",
            "821",
            "823",
            "788",
            "820",
            "857",
            "789",
            "756",
            "787",
            "890",
            "952",
            "985",
            "790",
            "755",
            "723",
            "786",
            "791",
            "757",
            "754",
            "690",
            "724",
            "722",
            "758",
            "721",
            "785",
            "752",
            "720",
            "558",
            "624",
            "592",
            "657",
            "556",
            "686",
            "654",
            "619"
        ],
        "1": [
            "1028",
            "1026",
            "1027",
            "1060",
            "1058",
            "1059",
            "1025",
            "1024",
            "1057",
            "991",
            "958",
            "1023",
            "1056",
            "925",
            "959",
            "892",
            "924",
            "960",
            "891",
            "859",
            "826",
            "825",
            "759",
            "792",
            "726",
            "727",
            "694",
            "661",
            "628",
            "662",
            "595",
            "627",
            "596",
            "663",
            "597",
            "664",
            "563",
            "697",
            "729",
            "564",
            "631",
            "665",
            "666",
            "762",
            "632",
            "795",
            "796",
            "828",
            "829",
            "797",
            "861",
            "894",
            "830",
            "466",
            "667",
            "496",
            "732",
            "769",
            "764",
            "766",
            "767",
            "800",
            "528",
            "831",
            "733",
            "535",
            "835",
            "567",
            "864",
            "700",
            "561",
            "962"
        ],
        "2": [
            "2",
            "1",
            "34",
            "67",
            "66",
            "68",
            "100",
            "69",
            "102",
            "37",
            "71",
            "38",
            "135",
            "104",
            "72",
            "168",
            "5",
            "137",
            "169",
            "136",
            "73",
            "202",
            "6",
            "74",
            "40",
            "41",
            "75",
            "8",
            "236",
            "76",
            "205",
            "238",
            "269",
            "171",
            "172",
            "43",
            "206",
            "173",
            "268",
            "10",
            "9",
            "267",
            "174",
            "266",
            "78",
            "233",
            "11",
            "234",
            "111",
            "334",
            "232",
            "367",
            "272",
            "237",
            "199",
            "366",
            "304",
            "299",
            "200",
            "330",
            "399",
            "110",
            "336",
            "273",
            "297",
            "265",
            "175",
            "365",
            "220",
            "442",
            "283"
        ],
        "3": [
            "428",
            "394",
            "395",
            "361",
            "295",
            "329",
            "328",
            "294",
            "262",
            "261",
            "263",
            "228",
            "195",
            "196",
            "194",
            "162",
            "163",
            "161",
            "193",
            "128",
            "130",
            "131",
            "127",
            "97",
            "96",
            "64",
            "98",
            "94",
            "126",
            "65",
            "63",
            "125",
            "31",
            "159",
            "32",
            "93",
            "158",
            "157",
            "61",
            "92",
            "62",
            "190",
            "28",
            "223",
            "222",
            "124",
            "224",
            "256",
            "123",
            "189",
            "289",
            "90",
            "290",
            "225",
            "257",
            "291",
            "156",
            "89",
            "191",
            "258",
            "122",
            "56",
            "23",
            "88",
            "259",
            "54",
            "24",
            "21",
            "25",
            "18",
            "180",
            "19",
            "182",
            "47"
        ],
        "4": [
            "1075",
            "1073",
            "1040",
            "1074",
            "1007",
            "974",
            "941",
            "975",
            "973",
            "972",
            "1005",
            "940",
            "907",
            "905",
            "906",
            "873",
            "904",
            "938",
            "872",
            "936",
            "937",
            "903",
            "871",
            "870",
            "902",
            "901",
            "935",
            "934",
            "900",
            "868",
            "933",
            "867",
            "967",
            "899",
            "1000",
            "966",
            "866",
            "1001",
            "1002",
            "931",
            "1003",
            "930",
            "965",
            "897",
            "929",
            "999",
            "1033",
            "1032",
            "963",
            "928",
            "998",
            "1034",
            "997",
            "1030",
            "1063",
            "1064",
            "1067",
            "1031",
            "1068",
            "1069",
            "1070",
            "1071",
            "862",
            "731",
            "763",
            "671",
            "704",
            "573",
            "606",
            "579",
            "576",
            "638",
            "679",
            "806",
            "702",
            "580",
            "696"
        ],