{
    "Instance": "Diagonal726_G25",
    "Objective": 274,
    "Infeasibility": 0.002368952870437337,
    "Starting Time": 1711822520.915343,
    "Time Taken": 213.39889645576477,
    "Initialization Time": 172.2494421005249,
    "nrEliteSolutions": 20,
    "i_max": 500,
    "nrDistricts": 10,
    "delta": 0.05,
    "llambda": 0.7,
    "rcl_parameter": 0.3,
    "Allocation": {
        "0": [
            "557",
            "590",
            "524",
            "556",
            "589",
            "623",
            "656",
            "688",
            "555",
            "690",
            "722",
            "687",
            "723",
            "691",
            "720",
            "724",
            "686",
            "753",
            "522",
            "659",
            "725",
            "752",
            "521",
            "626",
            "489",
            "758",
            "751",
            "456",
            "488",
            "785",
            "593",
            "423",
            "791",
            "784",
            "390",
            "718",
            "389",
            "424",
            "818",
            "819",
            "824",
            "820",
            "357",
            "457",
            "458",
            "324",
            "717",
            "291",
            "852",
            "716",
            "853",
            "425",
            "857",
            "715",
            "682",
            "426",
            "427",
            "460",
            "394",
            "890",
            "788",
            "393",
            "461",
            "923",
            "956",
            "361",
            "428",
            "360",
            "494",
            "955",
            "492",
            "527",
            "889",
            "493",
            "887",
            "888",
            "293"
        ],
        "1": [
            "1087",
            "1054",
            "1053",
            "1021",
            "1052",
            "1085",
            "1019",
            "1051",
            "1018",
            "986",
            "953",
            "1017",
            "1016",
            "952",
            "951",
            "1015",
            "1049",
            "918",
            "1048",
            "1014",
            "982",
            "1013",
            "1081",
            "981",
            "1046",
            "948",
            "980",
            "1080",
            "1045",
            "1044",
            "1011",
            "1078",
            "1077",
            "1043",
            "1010",
            "978",
            "1042",
            "977",
            "945",
            "912",
            "1075",
            "946",
            "1041",
            "944",
            "1040",
            "1039",
            "1072",
            "1073",
            "1038",
            "1037",
            "1004",
            "1003",
            "1002",
            "1070",
            "1036",
            "1069",
            "1035",
            "1034",
            "1068",
            "1033",
            "1067",
            "1000",
            "1032",
            "999",
            "1031",
            "1065",
            "1064",
            "1063",
            "802",
            "992",
            "742"
        ],
        "2": [
            "203",
            "168",
            "201",
            "202",
            "167",
            "134",
            "133",
            "102",
            "101",
            "103",
            "136",
            "70",
            "37",
            "38",
            "39",
            "4",
            "3",
            "40",
            "2",
            "73",
            "7",
            "1",
            "8",
            "34",
            "9",
            "67",
            "10",
            "11",
            "44",
            "77",
            "45",
            "78",
            "76",
            "79",
            "111",
            "109",
            "112",
            "80",
            "81",
            "113",
            "47",
            "142",
            "146",
            "82",
            "141",
            "48",
            "143",
            "179",
            "83",
            "178",
            "140",
            "84",
            "50",
            "116",
            "139",
            "17",
            "51",
            "85",
            "117",
            "149",
            "18",
            "182",
            "181",
            "150",
            "118",
            "172",
            "19",
            "148",
            "53",
            "119",
            "20",
            "120",
            "21",
            "281",
            "176",
            "22",
            "56"
        ],
        "3": [
            "529",
            "495",
            "561",
            "594",
            "462",
            "463",
            "627",
            "431",
            "465",
            "661",
            "498",
            "630",
            "399",
            "531",
            "631",
            "397",
            "663",
            "696",
            "632",
            "597",
            "532",
            "598",
            "396",
            "400",
            "565",
            "366",
            "563",
            "697",
            "567",
            "534",
            "333",
            "665",
            "633",
            "501",
            "300",
            "301",
            "302",
            "303",
            "698",
            "367",
            "468",
            "634",
            "601",
            "267",
            "568",
            "699",
            "469",
            "700",
            "635",
            "667",
            "732",
            "733",
            "636",
            "701",
            "266",
            "435",
            "569",
            "434",
            "265",
            "264",
            "570",
            "297",
            "536",
            "231",
            "571",
            "198",
            "199",
            "330",
            "503",
            "639",
            "604",
            "538",
            "603"
        ],
        "4": [
            "615",
            "613",
            "614",
            "612",
            "579",
            "645",
            "644",
            "578",
            "643",
            "577",
            "610",
            "676",
            "576",
            "675",
            "708",
            "543",
            "674",
            "741",
            "774",
            "773",
            "775",
            "743",
            "806",
            "808",
            "805",
            "839",
            "739",
            "804",
            "771",
            "738",
            "838",
            "872",
            "803",
            "836",
            "871",
            "904",
            "869",
            "868",
            "835",
            "867",
            "903",
            "901",
            "938",
            "936",
            "969",
            "866",
            "968",
            "1001",
            "865",
            "801",
            "800",
            "768",
            "767",
            "834",
            "799",
            "702",
            "833",
            "703",
            "734",
            "464",
            "827",
            "537",
            "793",
            "863",
            "996",
            "573",
            "694",
            "599",
            "605",
            "574"
        ],