{
    "Instance": "Diagonal726_G0",
    "Objective": 325,
    "Infeasibility": 0.005686062735287551,
    "Starting Time": 1692556169.6919472,
    "Time Taken": 245.5924723148346,
    "Initialization Time": 198.36107754707336,
    "nrEliteSolutions": 20,
    "i_max": 500,
    "nrDistricts": 10,
    "delta": 0.05,
    "llambda": 0.7,
    "rcl_parameter": 0.3,
    "Allocation": {
        "0": [
            "618",
            "585",
            "617",
            "651",
            "584",
            "586",
            "616",
            "551",
            "649",
            "685",
            "615",
            "620",
            "554",
            "682",
            "654",
            "687",
            "581",
            "683",
            "647",
            "715",
            "716",
            "613",
            "681",
            "548",
            "520",
            "646",
            "549",
            "523",
            "689",
            "556",
            "558",
            "489",
            "749",
            "454",
            "754",
            "547",
            "455",
            "421",
            "717",
            "591",
            "486",
            "516",
            "483",
            "546",
            "456",
            "690",
            "589",
            "422",
            "450",
            "485",
            "519",
            "579",
            "517",
            "452",
            "657",
            "755",
            "513",
            "417",
            "512",
            "419",
            "622",
            "511",
            "510",
            "509",
            "163",
            "358",
            "394",
            "325",
            "124",
            "322",
            "188",
            "222",
            "823",
            "321"
        ],
        "1": [
            "752",
            "751",
            "785",
            "786",
            "784",
            "783",
            "816",
            "882",
            "883",
            "849",
            "880",
            "879",
            "881",
            "846",
            "878",
            "877",
            "812",
            "844",
            "876",
            "943",
            "779",
            "843",
            "942",
            "811",
            "781",
            "746",
            "778",
            "908",
            "976",
            "842",
            "841",
            "941",
            "744",
            "974",
            "874",
            "873",
            "1006",
            "1005",
            "872",
            "905",
            "1072",
            "972",
            "711",
            "774",
            "973",
            "1009",
            "870",
            "1004",
            "773",
            "741",
            "1077",
            "940",
            "906",
            "1080",
            "1043",
            "1076",
            "1011",
            "644",
            "1075",
            "709",
            "610",
            "643",
            "1042",
            "1045",
            "642",
            "1046",
            "677",
            "939",
            "1044",
            "1074",
            "742",
            "977"
        ],
        "2": [
            "36",
            "37",
            "3",
            "4",
            "5",
            "6",
            "39",
            "72",
            "40",
            "71",
            "73",
            "74",
            "104",
            "103",
            "107",
            "136",
            "135",
            "169",
            "170",
            "139",
            "172",
            "171",
            "174",
            "207",
            "173",
            "209",
            "273",
            "210",
            "244",
            "275",
            "309",
            "342",
            "278",
            "373",
            "344",
            "312",
            "372",
            "313",
            "405",
            "314",
            "404",
            "315",
            "316",
            "403",
            "283",
            "250",
            "217",
            "249",
            "184",
            "151",
            "185",
            "118",
            "402",
            "186",
            "153",
            "187",
            "280",
            "343",
            "268",
            "34",
            "221",
            "254",
            "255",
            "219",
            "55",
            "469",
            "189",
            "537",
            "567",
            "502",
            "534",
            "468",
            "536"
        ],
        "3": [
            "333",
            "366",
            "367",
            "400",
            "434",
            "433",
            "432",
            "431",
            "430",
            "464",
            "429",
            "397",
            "364",
            "497",
            "498",
            "363",
            "530",
            "529",
            "563",
            "562",
            "596",
            "528",
            "561",
            "564",
            "629",
            "597",
            "628",
            "565",
            "630",
            "532",
            "627",
            "662",
            "663",
            "661",
            "566",
            "660",
            "533",
            "500",
            "693",
            "664",
            "697",
            "698",
            "726",
            "730",
            "759",
            "792",
            "825",
            "760",
            "694",
            "731",
            "763",
            "858",
            "859",
            "793",
            "796",
            "797",
            "798",
            "829",
            "862",
            "1056",
            "1060",
            "960",
            "770",
            "810",
            "926",
            "676",
            "900",
            "995",
            "1023",
            "761",
            "924",
            "604",
            "806",
            "762",
            "666",
            "1071",
            "441"
        ],
        "4": [
            "1053",
            "1086",
            "1087",
            "1085",
            "1018",
            "1084",
            "1051",
            "985",
            "1019",
            "952",
            "951",
            "953",
            "950",
            "954",
            "885",
            "918",
            "921",
            "982",
            "983",
            "922",
            "1016",
            "981",
            "923",
            "948",
            "1014",
            "956",
            "890",
            "989",
            "791",
            "824",
            "857",
            "822",
            "758",
            "855",
            "725",
            "821",
            "854",
            "692",
            "659",
            "626",
            "593",
            "724",
            "560",
            "527",
            "494",
            "526",
            "525",
            "428",
            "491",
            "458",
            "395",
            "457",
            "425",
            "426",
            "361",
            "393",
            "329",
            "424",
            "391",
            "360",
            "296",
            "327",
            "390",
            "260",
            "653",
            "227",
            "389",
            "196",
            "290"
        ],