{
    "Instance": "Diagonal726_G18",
    "Objective": 262,
    "Infeasibility": 0.0,
    "Starting Time": 1711824039.2059362,
    "Time Taken": 214.98422980308533,
    "Initialization Time": 176.17570686340332,
    "nrEliteSolutions": 20,
    "i_max": 500,
    "nrDistricts": 10,
    "delta": 0.05,
    "llambda": 0.7,
    "rcl_parameter": 0.3,
    "Allocation": {
        "0": [
            "854",
            "887",
            "822",
            "855",
            "888",
            "821",
            "788",
            "921",
            "886",
            "787",
            "755",
            "954",
            "786",
            "819",
            "987",
            "756",
            "723",
            "953",
            "818",
            "988",
            "952",
            "851",
            "724",
            "817",
            "989",
            "951",
            "816",
            "884",
            "1022",
            "691",
            "725",
            "692",
            "783",
            "758",
            "659",
            "750",
            "749",
            "748",
            "716",
            "751",
            "718",
            "717",
            "747",
            "685",
            "683",
            "746",
            "780",
            "652",
            "682",
            "649",
            "745",
            "681",
            "619",
            "651",
            "620",
            "712",
            "618",
            "679",
            "646",
            "617",
            "678",
            "647",
            "614",
            "581",
            "615",
            "548",
            "580",
            "579",
            "978",
            "843"
        ],
        "1": [
            "720",
            "687",
            "655",
            "688",
            "689",
            "622",
            "589",
            "588",
            "624",
            "623",
            "559",
            "591",
            "526",
            "527",
            "492",
            "525",
            "460",
            "459",
            "491",
            "427",
            "458",
            "457",
            "394",
            "393",
            "428",
            "425",
            "523",
            "456",
            "424",
            "489",
            "392",
            "395",
            "522",
            "423",
            "488",
            "390",
            "361",
            "487",
            "391",
            "422",
            "329",
            "486",
            "519",
            "518",
            "295",
            "485",
            "360",
            "296",
            "452",
            "521",
            "520",
            "420",
            "362",
            "263",
            "388",
            "230",
            "553",
            "552",
            "454",
            "551",
            "419",
            "484",
            "386",
            "451",
            "517",
            "385",
            "483",
            "583",
            "62",
            "258",
            "289",
            "228",
            "323"
        ],
        "2": [
            "35",
            "100",
            "67",
            "34",
            "133",
            "66",
            "132",
            "165",
            "198",
            "199",
            "200",
            "167",
            "233",
            "168",
            "201",
            "266",
            "265",
            "267",
            "268",
            "264",
            "301",
            "235",
            "334",
            "302",
            "335",
            "303",
            "333",
            "236",
            "332",
            "336",
            "237",
            "271",
            "270",
            "238",
            "205",
            "272",
            "172",
            "139",
            "140",
            "138",
            "107",
            "174",
            "137",
            "175",
            "170",
            "136",
            "176",
            "142",
            "177",
            "209",
            "109",
            "103",
            "210",
            "242",
            "70",
            "275",
            "241",
            "243",
            "69",
            "276",
            "309",
            "342",
            "277",
            "310",
            "343",
            "376",
            "147",
            "341",
            "211",
            "113",
            "48",
            "344",
            "81"
        ],
        "3": [
            "1058",
            "1057",
            "1025",
            "1056",
            "991",
            "992",
            "1023",
            "990",
            "958",
            "957",
            "924",
            "891",
            "858",
            "859",
            "892",
            "893",
            "860",
            "825",
            "826",
            "792",
            "827",
            "861",
            "828",
            "759",
            "926",
            "927",
            "794",
            "862",
            "726",
            "795",
            "829",
            "760",
            "761",
            "830",
            "896",
            "762",
            "797",
            "929",
            "693",
            "865",
            "763",
            "962",
            "898",
            "728",
            "963",
            "729",
            "995",
            "996",
            "1028",
            "730",
            "697",
            "1027",
            "997",
            "1029",
            "931",
            "994",
            "698",
            "798",
            "961",
            "727",
            "932",
            "1030",
            "629",
            "1061",
            "663",
            "1060",
            "1062",
            "694",
            "594",
            "563",
            "1064",
            "1063",
            "627",
            "529",
            "630",
            "597",
            "562"
        ],
        "4": [
            "4",
            "5",
            "38",
            "39",
            "41",
            "40",
            "8",
            "9",
            "10",
            "43",
            "44",
            "77",
            "45",
            "12",
            "46",
            "79",
            "13",
            "47",
            "14",
            "15",
            "49",
            "82",
            "114",
            "50",
            "17",
            "51",
            "115",
            "18",
            "52",
            "84",
            "148",
            "146",
            "19",
            "85",
            "149",
            "117",
            "53",
            "116",
            "179",
            "145",
            "118",
            "182",
            "178",
            "119",
            "212",
            "144",
            "54",
            "213",
            "120",
            "55",
            "245",
            "21",
            "111",
            "56",
            "244",
            "121",
            "88",
            "278",
            "87",
            "89",
            "23",
            "122",
            "90",
            "24",
            "25",
            "173",
            "247",
            "373",
            "250",
            "308",
            "439",
            "320"
        ],