{
    "Instance": "Diagonal726_G11",
    "Objective": 301,
    "Infeasibility": 0.023484816533108337,
    "Starting Time": 1711824934.0953174,
    "Time Taken": 225.11149644851685,
    "Initialization Time": 183.40218782424927,
    "nrEliteSolutions": 20,
    "i_max": 500,
    "nrDistricts": 10,
    "delta": 0.05,
    "llambda": 0.7,
    "rcl_parameter": 0.3,
    "Allocation": {
        "0": [
            "590",
            "557",
            "589",
            "524",
            "558",
            "559",
            "525",
            "522",
            "492",
            "526",
            "560",
            "459",
            "527",
            "426",
            "458",
            "427",
            "425",
            "455",
            "457",
            "486",
            "461",
            "422",
            "587",
            "394",
            "361",
            "428",
            "421",
            "420",
            "328",
            "327",
            "362",
            "329",
            "395",
            "326",
            "355",
            "391",
            "325",
            "387",
            "294",
            "296",
            "261",
            "484",
            "358",
            "229",
            "293",
            "481",
            "516",
            "482",
            "323",
            "262",
            "414",
            "317",
            "117",
            "349",
            "276",
            "242",
            "146",
            "342",
            "283",
            "141",
            "115",
            "246",
            "29",
            "279",
            "196",
            "197",
            "23",
            "130",
            "418",
            "95",
            "185"
        ],
        "1": [
            "857",
            "823",
            "856",
            "855",
            "789",
            "790",
            "757",
            "791",
            "758",
            "756",
            "725",
            "692",
            "691",
            "690",
            "657",
            "689",
            "688",
            "656",
            "722",
            "654",
            "687",
            "621",
            "653",
            "652",
            "685",
            "684",
            "718",
            "751",
            "683",
            "752",
            "784",
            "817",
            "785",
            "783",
            "786",
            "816",
            "787",
            "782",
            "820",
            "821",
            "950",
            "946",
            "948",
            "917",
            "813",
            "909",
            "876",
            "811",
            "843",
            "812",
            "844",
            "972",
            "907",
            "939",
            "873",
            "973",
            "1043",
            "906",
            "1008",
            "872",
            "1088",
            "746",
            "875",
            "912",
            "938",
            "911",
            "1009",
            "1082",
            "878",
            "1019"
        ],
        "2": [
            "404",
            "370",
            "371",
            "369",
            "336",
            "335",
            "402",
            "303",
            "334",
            "301",
            "333",
            "270",
            "367",
            "236",
            "204",
            "237",
            "203",
            "235",
            "234",
            "168",
            "200",
            "201",
            "169",
            "199",
            "135",
            "134",
            "136",
            "232",
            "133",
            "198",
            "137",
            "103",
            "265",
            "231",
            "104",
            "100",
            "99",
            "71",
            "38",
            "33",
            "37",
            "39",
            "72",
            "5",
            "73",
            "0",
            "6",
            "4",
            "74",
            "36",
            "7",
            "69",
            "68",
            "75",
            "175",
            "112",
            "172",
            "77",
            "82",
            "243",
            "79",
            "305",
            "42",
            "76",
            "178",
            "43",
            "110",
            "80",
            "108",
            "177",
            "375",
            "277",
            "343",
            "16"
        ],
        "3": [
            "610",
            "577",
            "576",
            "543",
            "542",
            "510",
            "509",
            "443",
            "474",
            "410",
            "473",
            "472",
            "471",
            "504",
            "439",
            "538",
            "537",
            "536",
            "535",
            "603",
            "570",
            "569",
            "568",
            "602",
            "502",
            "604",
            "567",
            "601",
            "600",
            "634",
            "667",
            "666",
            "700",
            "670",
            "701",
            "734",
            "669",
            "671",
            "733",
            "702",
            "732",
            "672",
            "699",
            "737",
            "767",
            "765",
            "768",
            "798",
            "800",
            "802",
            "833",
            "799",
            "866",
            "865",
            "898",
            "710",
            "962",
            "933",
            "642",
            "743",
            "841",
            "741",
            "744",
            "739",
            "839",
            "969",
            "858",
            "829",
            "903",
            "910",
            "646"
        ],
        "4": [
            "1056",
            "1023",
            "1057",
            "1024",
            "991",
            "1025",
            "958",
            "992",
            "993",
            "1026",
            "957",
            "1027",
            "926",
            "994",
            "1059",
            "1060",
            "961",
            "927",
            "995",
            "928",
            "929",
            "1061",
            "895",
            "996",
            "930",
            "861",
            "896",
            "964",
            "1062",
            "965",
            "862",
            "1063",
            "1029",
            "863",
            "864",
            "860",
            "859",
            "998",
            "830",
            "826",
            "831",
            "932",
            "825",
            "924",
            "967",
            "900",
            "1000",
            "1064",
            "1033",
            "1034",
            "1035",
            "867",
            "901",
            "1030",
            "934",
            "1032",
            "1001",
            "1031",
            "935",
            "1065",
            "1037",
            "641",
            "713",
            "774",
            "837",
            "742",
            "778",
            "496",
            "729",
            "738",
            "475"
        ],