{
    "Instance": "Diagonal726_G23",
    "Objective": 274,
    "Infeasibility": 0.0,
    "Starting Time": 1711823407.519789,
    "Time Taken": 220.1255087852478,
    "Initialization Time": 177.62217664718628,
    "nrEliteSolutions": 20,
    "i_max": 500,
    "nrDistricts": 10,
    "delta": 0.05,
    "llambda": 0.7,
    "rcl_parameter": 0.3,
    "Allocation": {
        "0": [
            "691",
            "692",
            "724",
            "658",
            "625",
            "723",
            "722",
            "721",
            "689",
            "755",
            "626",
            "754",
            "788",
            "656",
            "593",
            "753",
            "787",
            "821",
            "752",
            "751",
            "854",
            "853",
            "719",
            "784",
            "855",
            "718",
            "750",
            "886",
            "686",
            "856",
            "885",
            "919",
            "889",
            "685",
            "823",
            "857",
            "687",
            "684",
            "651",
            "884",
            "824",
            "922",
            "791",
            "923",
            "851",
            "650",
            "917",
            "950",
            "949",
            "955",
            "916",
            "954",
            "951",
            "915",
            "953",
            "914",
            "947",
            "881",
            "848",
            "815",
            "986",
            "782",
            "871",
            "902",
            "774",
            "713",
            "844",
            "842"
        ],
        "1": [
            "333",
            "332",
            "266",
            "299",
            "265",
            "232",
            "264",
            "166",
            "199",
            "200",
            "167",
            "201",
            "133",
            "202",
            "234",
            "100",
            "68",
            "101",
            "102",
            "135",
            "35",
            "103",
            "34",
            "104",
            "137",
            "33",
            "66",
            "72",
            "170",
            "38",
            "5",
            "171",
            "4",
            "40",
            "204",
            "75",
            "237",
            "42",
            "236",
            "238",
            "269",
            "43",
            "8",
            "268",
            "44",
            "11",
            "301",
            "78",
            "79",
            "46",
            "112",
            "80",
            "145",
            "81",
            "178",
            "113",
            "48",
            "211",
            "15",
            "207",
            "18",
            "174",
            "16",
            "210",
            "176",
            "117",
            "12",
            "276",
            "246"
        ],
        "2": [
            "466",
            "465",
            "432",
            "399",
            "431",
            "400",
            "430",
            "397",
            "463",
            "462",
            "396",
            "495",
            "528",
            "561",
            "594",
            "595",
            "596",
            "627",
            "660",
            "693",
            "661",
            "629",
            "563",
            "597",
            "662",
            "694",
            "630",
            "530",
            "631",
            "664",
            "531",
            "665",
            "697",
            "696",
            "698",
            "666",
            "730",
            "699",
            "729",
            "763",
            "728",
            "667",
            "634",
            "635",
            "633",
            "764",
            "600",
            "599",
            "797",
            "567",
            "566",
            "766",
            "636",
            "733",
            "796",
            "668",
            "731",
            "732",
            "767",
            "701",
            "798",
            "799",
            "669",
            "637",
            "800",
            "831",
            "830",
            "702",
            "638",
            "703",
            "306",
            "891",
            "468",
            "436",
            "834",
            "541"
        ],
        "3": [
            "578",
            "545",
            "546",
            "513",
            "547",
            "514",
            "580",
            "515",
            "516",
            "614",
            "549",
            "517",
            "518",
            "582",
            "615",
            "485",
            "648",
            "551",
            "519",
            "486",
            "451",
            "452",
            "453",
            "520",
            "487",
            "418",
            "419",
            "488",
            "454",
            "553",
            "385",
            "521",
            "421",
            "455",
            "522",
            "523",
            "456",
            "457",
            "524",
            "556",
            "555",
            "422",
            "424",
            "491",
            "391",
            "525",
            "392",
            "393",
            "394",
            "361",
            "526",
            "589",
            "427",
            "490",
            "358",
            "493",
            "590",
            "360",
            "492",
            "389",
            "494",
            "461",
            "428",
            "395",
            "527",
            "591",
            "458",
            "359",
            "327",
            "426",
            "230",
            "53",
            "88",
            "142"
        ],
        "4": [
            "1055",
            "1022",
            "1021",
            "989",
            "1020",
            "1053",
            "1086",
            "1084",
            "1085",
            "1051",
            "1018",
            "1050",
            "1017",
            "1082",
            "1081",
            "1049",
            "1079",
            "1080",
            "1078",
            "1046",
            "1013",
            "1077",
            "1014",
            "981",
            "1044",
            "1010",
            "1043",
            "1042",
            "1009",
            "1041",
            "1075",
            "977",
            "1040",
            "976",
            "1039",
            "943",
            "978",
            "1073",
            "1072",
            "1038",
            "942",
            "1071",
            "909",
            "1005",
            "1037",
            "1006",
            "941",
            "1070",
            "973",
            "974",
            "1069",
            "1068",
            "1035",
            "1067",
            "1034",
            "1066",
            "1001",
            "1065",
            "1000",
            "968",
            "969",
            "936",
            "903",
            "904",
            "870",
            "869",
            "1064",
            "935",
            "837",
            "998",
            "1063",
            "841",
            "999",
            "872",
            "938"
        ],