{
    "Instance": "Diagonal726_G26",
    "Objective": 314,
    "Infeasibility": 0.003450310002869167,
    "Starting Time": 1711822524.4076076,
    "Time Taken": 218.8097825050354,
    "Initialization Time": 177.9964165687561,
    "nrEliteSolutions": 20,
    "i_max": 500,
    "nrDistricts": 10,
    "delta": 0.05,
    "llambda": 0.7,
    "rcl_parameter": 0.3,
    "Allocation": {
        "0": [
            "1056",
            "1023",
            "1024",
            "990",
            "957",
            "924",
            "891",
            "892",
            "859",
            "858",
            "893",
            "825",
            "826",
            "860",
            "926",
            "894",
            "861",
            "793",
            "895",
            "828",
            "959",
            "927",
            "896",
            "760",
            "794",
            "795",
            "928",
            "759",
            "897",
            "961",
            "898",
            "829",
            "726",
            "796",
            "962",
            "830",
            "763",
            "832",
            "831",
            "833",
            "931",
            "993",
            "963",
            "797",
            "1028",
            "1026",
            "998",
            "999",
            "1027",
            "866",
            "1031",
            "930",
            "1061",
            "1029",
            "1064",
            "798",
            "996",
            "900",
            "899",
            "933",
            "1030",
            "1060",
            "965",
            "668",
            "601",
            "1034",
            "870",
            "664",
            "810",
            "683"
        ],
        "1": [
            "172",
            "139",
            "107",
            "41",
            "11",
            "10",
            "44",
            "13",
            "45",
            "77",
            "14",
            "78",
            "47",
            "46",
            "79",
            "15",
            "111",
            "49",
            "48",
            "82",
            "83",
            "17",
            "51",
            "115",
            "84",
            "18",
            "114",
            "85",
            "181",
            "180",
            "147",
            "214",
            "213",
            "19",
            "182",
            "149",
            "247",
            "150",
            "151",
            "146",
            "212",
            "152",
            "153",
            "185",
            "119",
            "177",
            "120",
            "244",
            "121",
            "87",
            "243",
            "176",
            "242",
            "175",
            "54",
            "88",
            "21",
            "143",
            "209",
            "276",
            "57",
            "275",
            "306",
            "274",
            "23",
            "273",
            "208",
            "206",
            "22",
            "207",
            "272",
            "24",
            "25",
            "288",
            "444",
            "186",
            "62",
            "507",
            "163",
            "31"
        ],
        "2": [
            "984",
            "985",
            "986",
            "987",
            "954",
            "955",
            "956",
            "857",
            "890",
            "923",
            "823",
            "824",
            "889",
            "821",
            "822",
            "790",
            "757",
            "855",
            "788",
            "854",
            "787",
            "820",
            "724",
            "887",
            "786",
            "819",
            "723",
            "920",
            "818",
            "753",
            "690",
            "851",
            "817",
            "850",
            "916",
            "883",
            "882",
            "915",
            "917",
            "948",
            "914",
            "1043",
            "878",
            "942",
            "1045",
            "1079",
            "1015",
            "939",
            "1040",
            "742",
            "975",
            "839",
            "943",
            "776",
            "1010",
            "814",
            "979",
            "944",
            "838",
            "1004",
            "841",
            "869",
            "972",
            "1084",
            "715",
            "1049",
            "980",
            "1011",
            "936",
            "1075",
            "1083",
            "880"
        ],
        "3": [
            "612",
            "579",
            "578",
            "580",
            "613",
            "647",
            "615",
            "548",
            "648",
            "549",
            "583",
            "517",
            "584",
            "484",
            "451",
            "485",
            "450",
            "452",
            "418",
            "486",
            "519",
            "449",
            "419",
            "487",
            "386",
            "420",
            "520",
            "482",
            "353",
            "553",
            "489",
            "455",
            "320",
            "352",
            "354",
            "287",
            "491",
            "355",
            "322",
            "323",
            "356",
            "457",
            "458",
            "425",
            "525",
            "392",
            "558",
            "391",
            "493",
            "290",
            "358",
            "426",
            "390",
            "424",
            "388",
            "393",
            "461",
            "427",
            "592",
            "556",
            "113",
            "291",
            "395",
            "9",
            "42",
            "653",
            "211",
            "178",
            "145",
            "374",
            "65"
        ],
        "4": [
            "39",
            "72",
            "71",
            "70",
            "103",
            "104",
            "102",
            "135",
            "134",
            "133",
            "167",
            "166",
            "100",
            "67",
            "200",
            "66",
            "202",
            "34",
            "201",
            "35",
            "1",
            "203",
            "0",
            "235",
            "2",
            "268",
            "36",
            "236",
            "237",
            "270",
            "303",
            "238",
            "336",
            "304",
            "337",
            "371",
            "370",
            "403",
            "404",
            "436",
            "435",
            "468",
            "437",
            "434",
            "405",
            "438",
            "470",
            "401",
            "503",
            "400",
            "501",
            "536",
            "502",
            "535",
            "366",
            "537",
            "569",
            "570",
            "538",
            "365",
            "398",
            "630",
            "865",
            "631",
            "799",
            "734",
            "766",
            "596",
            "864",
            "529"
        ],